Model,Scenario,version,Region,Country code,Unit,Variable,Type,2025,2030,2035,2040,2045,2050,2055,2060,2065,2070,2075,2080,2085,2090,2095,2100
OECD ENV-Growth 2025,SSP1,1,Albania,ALB,USD_2010/yr,GDP|PPP [per capita],ANNUAL,15432.88624,18861.78977,23050.64738,27871.44635,32886.36067,37570.71472,42047.61137,46575.60101,51305.02302,56259.75659,61046.89994,65649.9983,70147.74891,74687.09496,79292.31458,83947.30661
OECD ENV-Growth 2025,SSP1,1,Albania,ALB,USD_2015/yr,GDP|PPP [per capita],ANNUAL,16746.84149,20467.68171,25013.17847,30244.42005,35686.30395,40769.4837,45627.54312,50541.0456,55673.13039,61049.70976,66244.43028,71239.43622,76120.12512,81045.9509,86043.25871,91094.57655
OECD ENV-Growth 2025,SSP1,1,Albania,ALB,USD_2017/yr,GDP|PPP [per capita],ANNUAL,17481.41035,21365.45827,26110.33473,31571.03494,37251.61689,42557.76081,47628.90992,52757.93398,58115.12807,63727.54103,69150.11825,74364.22078,79458.99196,84600.87987,89817.38524,95090.26968
OECD ENV-Growth 2025,SSP1,1,Algeria,DZA,USD_2010/yr,GDP|PPP [per capita],ANNUAL,14116.87245,14623.31334,15762.55815,17351.27205,19602.32734,22439.23855,25982.80076,30438.38789,35898.55117,42134.53146,49082.16949,56725.49801,65165.39544,74565.14586,85020.24833,96515.52716
OECD ENV-Growth 2025,SSP1,1,Algeria,DZA,USD_2015/yr,GDP|PPP [per capita],ANNUAL,12147.03898,12582.81237,13563.08977,14930.11847,16867.06707,19308.12271,22357.22501,26191.09053,30889.35614,36255.18316,42233.36496,48810.16233,56072.37734,64160.50984,73156.73317,83047.98922
OECD ENV-Growth 2025,SSP1,1,Algeria,DZA,USD_2017/yr,GDP|PPP [per capita],ANNUAL,11625.13995,12042.19028,12980.34994,14288.64408,16142.37145,18478.54683,21396.64407,25065.78708,29562.19113,34697.47473,40418.80321,46713.02766,53663.22071,61403.8456,70013.54508,79479.82209
OECD ENV-Growth 2025,SSP1,1,Angola,AGO,USD_2010/yr,GDP|PPP [per capita],ANNUAL,5073.527339,5398.234885,5992.004041,6825.55711,8018.349104,9569.356789,11506.04328,13892.17518,16772.76976,20161.92653,24084.69067,28558.52933,33635.12498,39414.31582,45908.55794,53147.48271
OECD ENV-Growth 2025,SSP1,1,Angola,AGO,USD_2015/yr,GDP|PPP [per capita],ANNUAL,5408.311571,5754.445427,6387.395322,7275.951627,8547.45177,10200.805,12265.28662,14808.87098,17879.54586,21492.34118,25673.95473,30443.00627,35854.58863,42015.12795,48937.90228,56654.49824
OECD ENV-Growth 2025,SSP1,1,Angola,AGO,USD_2017/yr,GDP|PPP [per capita],ANNUAL,5918.575652,6297.36659,6990.034123,7962.424054,9353.887858,11163.23187,13422.49347,16206.06025,19566.44758,23520.10337,28096.24434,33315.24697,39237.402,45979.17669,53555.10183,61999.74418
OECD ENV-Growth 2025,SSP1,1,Antigua and Barbuda,ATG,USD_2010/yr,GDP|PPP [per capita],ANNUAL,27660.99698,31134.90551,35614.60757,41152.78249,47783.66805,55051.04505,62992.31233,71846.71923,81842.73923,92607.44542,104099.0832,116269.1987,129184.6664,142924.1811,157533.8682,173039.3137
OECD ENV-Growth 2025,SSP1,1,Antigua and Barbuda,ATG,USD_2015/yr,GDP|PPP [per capita],ANNUAL,24844.80687,27965.03375,31988.65346,36962.98198,42918.77133,49446.25037,56579.01033,64531.94238,73510.25891,83179.00102,93500.66518,104431.7307,116032.2634,128372.9462,141495.2084,155422.0309
OECD ENV-Growth 2025,SSP1,1,Antigua and Barbuda,ATG,USD_2017/yr,GDP|PPP [per capita],ANNUAL,24433.15704,27501.68536,31458.63832,36350.54795,42207.65673,48626.98296,55641.56131,63462.72243,72292.2786,81800.82079,91951.46687,102701.4172,114109.7424,126245.9543,139150.7958,152846.8669
OECD ENV-Growth 2025,SSP1,1,Argentina,ARG,USD_2010/yr,GDP|PPP [per capita],ANNUAL,17109.79652,18989.22934,21045.6011,23648.27063,26792.47948,30324.71658,34228.01877,38531.43988,43259.04673,48339.63477,53650.86363,59141.60284,64806.64175,70642.8678,76615.42573,82692.75312
OECD ENV-Growth 2025,SSP1,1,Argentina,ARG,USD_2015/yr,GDP|PPP [per capita],ANNUAL,18714.96921,20770.72289,23020.01523,25866.85681,29306.04276,33169.66022,37439.15461,42146.30548,47317.43749,52874.66599,58684.1731,64690.0315,70886.54172,77270.29915,83803.17858,90450.65652
OECD ENV-Growth 2025,SSP1,1,Argentina,ARG,USD_2017/yr,GDP|PPP [per capita],ANNUAL,22278.90305,24726.13855,27403.7687,30792.74076,34886.85866,39486.23351,44568.77736,50172.32159,56328.20395,62943.70801,69859.53269,77009.10026,84385.62591,91985.05668,99762.00709,107675.3793
OECD ENV-Growth 2025,SSP1,1,Armenia,ARM,USD_2010/yr,GDP|PPP [per capita],ANNUAL,15363.65144,19517.12004,24408.20465,29366.91061,33889.92888,37846.82264,41592.95474,45566.99906,49907.8669,54254.73273,58156.30756,61974.43858,65874.24259,69965.64187,74248.78533,78684.3011
OECD ENV-Growth 2025,SSP1,1,Armenia,ARM,USD_2015/yr,GDP|PPP [per capita],ANNUAL,16717.88371,21237.46067,26559.67096,31955.4631,36877.16376,41182.83874,45259.17444,49583.51173,54307.00628,59037.02751,63282.50747,67437.18844,71680.7415,76132.77802,80793.46006,85619.9453
OECD ENV-Growth 2025,SSP1,1,Armenia,ARM,USD_2017/yr,GDP|PPP [per capita],ANNUAL,18982.25832,24113.99502,30157.07873,36283.71066,41872.0372,46760.89971,51389.35978,56299.41233,61662.68649,67033.37135,71853.88563,76571.30255,81389.62895,86444.67711,91736.63104,97216.8456
OECD ENV-Growth 2025,SSP1,1,Aruba,ABW,USD_2010/yr,GDP|PPP [per capita],ANNUAL,41107.66664,42765.56314,45397.00722,48700.69869,52546.543,56791.26664,61471.86759,66758.52632,72614.71935,78693.75987,84970.98118,91524.38582,98428.3044,105750.9716,113543.8039,121821.4366
OECD ENV-Growth 2025,SSP1,1,Aruba,ABW,USD_2015/yr,GDP|PPP [per capita],ANNUAL,41361.76992,43029.91455,45677.62467,49001.73759,52871.35465,57142.31665,61851.85031,67171.18804,73063.58059,79180.19814,85496.22152,92090.13543,99036.72995,106404.6616,114245.6645,122574.4647
OECD ENV-Growth 2025,SSP1,1,Aruba,ABW,USD_2017/yr,GDP|PPP [per capita],ANNUAL,42301.19485,44007.22705,46715.07301,50114.68451,54072.18984,58440.15563,63256.65409,68696.80672,74723.02963,80978.57023,87438.04564,94181.72314,101286.0915,108821.3665,116840.4574,125358.4246
OECD ENV-Growth 2025,SSP1,1,Australia,AUS,USD_2010/yr,GDP|PPP [per capita],ANNUAL,48635.86039,53556.53181,59752.64538,67182.27319,75351.36801,83144.99946,90539.85893,97964.38055,105624.4575,113299.232,120830.2978,128180.5868,135471.3777,142825.0523,150197.9626,157369.0139
OECD ENV-Growth 2025,SSP1,1,Australia,AUS,USD_2015/yr,GDP|PPP [per capita],ANNUAL,52086.2088,57355.96484,63991.64606,71948.35007,80696.98071,89043.51168,96962.9808,104914.2164,113117.7182,121336.9601,129402.2984,137274.0351,145082.0528,152957.4153,160853.3782,168533.1616
OECD ENV-Growth 2025,SSP1,1,Australia,AUS,USD_2017/yr,GDP|PPP [per capita],ANNUAL,54339.61844,59837.36034,66760.12154,75061.05704,84188.18036,92895.80794,101157.8977,109453.1281,118011.5387,126586.3703,135000.64,143212.9322,151358.7488,159574.8237,167812.3902,175824.4247
OECD ENV-Growth 2025,SSP1,1,Austria,AUT,USD_2010/yr,GDP|PPP [per capita],ANNUAL,46126.58719,50396.94405,54078.73149,58102.01714,62106.11374,65700.0715,69194.22139,72906.51408,76925.58028,80983.04975,84944.95553,88749.62729,92536.31956,96303.07905,100029.2934,103608.8574
OECD ENV-Growth 2025,SSP1,1,Austria,AUT,USD_2015/yr,GDP|PPP [per capita],ANNUAL,53629.70439,58594.6929,62875.37318,67553.10101,72208.51842,76387.08232,80449.60324,84765.75086,89438.57288,94156.04499,98762.40866,103185.9621,107588.6114,111968.0856,116300.4194,120462.2482
OECD ENV-Growth 2025,SSP1,1,Austria,AUT,USD_2017/yr,GDP|PPP [per capita],ANNUAL,56849.54915,62112.62793,66650.31365,71608.88504,76543.80653,80973.24497,85279.67338,89854.95585,94808.3269,99809.02876,104691.9514,109381.0881,114048.0657,118690.4768,123282.9173,127694.6158
OECD ENV-Growth 2025,SSP1,1,Azerbaijan,AZE,USD_2010/yr,GDP|PPP [per capita],ANNUAL,16359.28773,18100.24568,19950.14732,22268.82042,25353.96779,29031.39852,33157.96732,37781.48534,42896.93468,48462.9032,54456.42077,60902.60839,67849.6537,75289.13444,83091.86426,91215.33051
OECD ENV-Growth 2025,SSP1,1,Azerbaijan,AZE,USD_2015/yr,GDP|PPP [per capita],ANNUAL,15808.61285,17490.96789,19278.59943,21519.22299,24500.52029,28054.16392,32041.82705,36509.71145,41452.96811,46831.5789,52623.34688,58852.54745,65565.74619,72754.80434,80294.88414,88144.90396
OECD ENV-Growth 2025,SSP1,1,Azerbaijan,AZE,USD_2017/yr,GDP|PPP [per capita],ANNUAL,15723.23568,17396.50487,19174.482,21403.00467,24368.20096,27902.65252,31868.77958,36312.53439,41229.09413,46578.6568,52339.14532,58534.704,65211.64695,72361.87934,79861.23762,87668.86203
OECD ENV-Growth 2025,SSP1,1,Bahamas,BHS,USD_2010/yr,GDP|PPP [per capita],ANNUAL,31362.93138,33294.21098,35833.21957,38876.55157,42339.62886,45977.35486,49798.94278,53908.7614,58316.09584,63001.62127,67918.44521,73073.31539,78490.38741,84134.28023,90046.77666,96233.03107
OECD ENV-Growth 2025,SSP1,1,Bahamas,BHS,USD_2015/yr,GDP|PPP [per capita],ANNUAL,34441.8791,36562.75542,39351.02242,42693.12306,46496.17604,50491.02325,54687.7824,59201.06829,64041.0776,69186.58835,74586.10453,80247.03633,86195.91073,92393.87328,98886.80868,105680.3773
OECD ENV-Growth 2025,SSP1,1,Bahamas,BHS,USD_2017/yr,GDP|PPP [per capita],ANNUAL,36916.06779,39189.30073,42177.86746,45760.05336,49836.30486,54118.12845,58616.36866,63453.87382,68641.57311,74156.72004,79944.1193,86011.71339,92387.9349,99031.13823,105990.5043,113272.1
OECD ENV-Growth 2025,SSP1,1,Bahrain,BHR,USD_2010/yr,GDP|PPP [per capita],ANNUAL,54258.24458,58200.23561,62834.07196,66998.76159,70964.50986,74770.72431,79039.55729,84019.35013,89837.5213,95623.32977,101536.9174,107642.4602,113963.5741,120505.4443,127170.4183,133861.1198
OECD ENV-Growth 2025,SSP1,1,Bahrain,BHR,USD_2015/yr,GDP|PPP [per capita],ANNUAL,48770.82399,52314.14081,56479.33302,60222.82575,63787.49712,67208.76917,71045.87269,75522.03299,80751.78202,85952.44137,91267.95691,96756.01415,102437.8407,108318.0972,114309.0075,120323.0433
OECD ENV-Growth 2025,SSP1,1,Bahrain,BHR,USD_2017/yr,GDP|PPP [per capita],ANNUAL,51588.04726,55336.04207,59741.83461,63701.56841,67472.15131,71091.05149,75149.80346,79884.52701,85416.36999,90917.44293,96540.00667,102345.0789,108355.1135,114575.0402,120912.0126,127273.4462
OECD ENV-Growth 2025,SSP1,1,Bangladesh,BGD,USD_2010/yr,GDP|PPP [per capita],ANNUAL,6697.592934,9081.929493,12112.45559,15638.14216,19591.01372,23701.9496,27934.067,32418.01978,37240.88626,42221.07204,47396.15568,52593.69605,57732.4836,62872.92021,68081.2821,73359.65431
OECD ENV-Growth 2025,SSP1,1,Bangladesh,BGD,USD_2015/yr,GDP|PPP [per capita],ANNUAL,7595.976295,10300.13645,13737.16296,17735.76841,22218.85942,26881.21675,31681.0103,36766.41925,42236.20217,47884.40646,53753.65129,59648.36507,65476.44523,71306.39563,77213.38249,83199.77052
OECD ENV-Growth 2025,SSP1,1,Bangladesh,BGD,USD_2017/yr,GDP|PPP [per capita],ANNUAL,7813.45603,10595.03876,14130.47047,18243.55965,22855.00564,27650.85052,32588.06655,37819.0754,43445.4632,49255.38073,55292.66739,61356.15221,67351.09562,73347.96283,79424.07211,85581.85589
OECD ENV-Growth 2025,SSP1,1,Barbados,BRB,USD_2010/yr,GDP|PPP [per capita],ANNUAL,17346.48194,19165.97857,21674.5243,25199.57987,29536.77353,34325.78501,39431.25081,44955.41591,50940.81074,57209.16873,63683.4253,70320.54975,77162.43038,84246.49392,91615.18777,99349.39596
OECD ENV-Growth 2025,SSP1,1,Barbados,BRB,USD_2015/yr,GDP|PPP [per capita],ANNUAL,16945.73808,18723.20012,21173.79265,24617.41127,28854.40573,33532.77996,38520.2977,43916.8418,49763.96016,55887.50459,62212.19085,68695.98237,75379.79973,82300.20502,89498.66498,97054.19508
OECD ENV-Growth 2025,SSP1,1,Barbados,BRB,USD_2017/yr,GDP|PPP [per capita],ANNUAL,16785.78632,18546.4708,20973.93205,24385.04617,28582.0474,33216.2622,38156.70248,43502.30831,49294.23539,55359.97934,61624.96654,68047.5572,74668.28564,81523.36883,88653.88214,96138.09517
OECD ENV-Growth 2025,SSP1,1,Belarus,BLR,USD_2010/yr,GDP|PPP [per capita],ANNUAL,17368.73841,18369.16157,19862.21273,21844.42323,24244.94338,26851.59401,29806.25398,33227.55712,37134.93271,41359.52371,45808.14391,50504.33759,55514.5076,60911.91429,66697.7085,72846.24674
OECD ENV-Growth 2025,SSP1,1,Belarus,BLR,USD_2015/yr,GDP|PPP [per capita],ANNUAL,19323.72474,20436.75329,22097.85896,24303.18263,26973.89996,29873.94935,33161.17924,36967.5766,41314.75765,46014.85916,50964.20609,56188.99283,61763.09636,67768.02307,74205.05333,81045.65729
OECD ENV-Growth 2025,SSP1,1,Belarus,BLR,USD_2017/yr,GDP|PPP [per capita],ANNUAL,19604.56007,20733.76447,22419.0113,24656.38535,27365.91672,30308.11307,33643.11689,37504.83334,41915.19279,46683.60175,51704.87848,57005.59802,62660.71105,68752.90849,75283.48932,82223.50906
OECD ENV-Growth 2025,SSP1,1,Belgium,BEL,USD_2010/yr,GDP|PPP [per capita],ANNUAL,46065.85622,49403.26656,52430.73682,55347.65906,58127.09271,60763.4038,63513.78244,66589.77301,69947.65819,73259.57367,76414.52525,79432.42474,82426.21758,85482.11009,88511.05393,91441.26629
OECD ENV-Growth 2025,SSP1,1,Belgium,BEL,USD_2015/yr,GDP|PPP [per capita],ANNUAL,51820.45484,55574.77824,58980.44349,62261.75094,65388.39456,68354.03661,71447.99565,74908.24242,78685.59839,82411.24209,85960.31376,89355.21267,92722.99347,96160.63151,99567.95443,102864.2122
OECD ENV-Growth 2025,SSP1,1,Belgium,BEL,USD_2017/yr,GDP|PPP [per capita],ANNUAL,55471.89214,59490.75734,63136.39681,66648.91582,69995.8729,73170.48369,76482.45313,80186.52011,84230.04083,88218.20547,92017.35624,95651.47073,99256.55629,102936.4215,106583.8354,110112.3582
OECD ENV-Growth 2025,SSP1,1,Belize,BLZ,USD_2010/yr,GDP|PPP [per capita],ANNUAL,10961.08033,11777.52855,13436.83615,15969.90321,19363.68105,23435.19182,28143.3204,33582.29866,39801.79329,46650.89065,54070.4989,61912.95026,70138.97872,78738.00948,87711.10924,97044.48511
OECD ENV-Growth 2025,SSP1,1,Belize,BLZ,USD_2015/yr,GDP|PPP [per capita],ANNUAL,10160.26281,10917.06125,12455.13969,14803.14064,17948.96877,21723.01459,26087.16687,31128.77289,36893.87068,43242.57237,50120.10337,57389.58452,65014.6186,72985.4034,81302.92768,89954.40626
OECD ENV-Growth 2025,SSP1,1,Belize,BLZ,USD_2017/yr,GDP|PPP [per capita],ANNUAL,10241.55,11004.4032,12554.78703,14921.57317,18092.56949,21896.80957,26295.87725,31377.81864,37189.04009,43588.53457,50521.08925,57848.72989,65534.76805,73569.32312,81953.39175,90674.08649
OECD ENV-Growth 2025,SSP1,1,Benin,BEN,USD_2010/yr,GDP|PPP [per capita],ANNUAL,3336.307073,4055.267734,5101.422711,6353.094772,7848.533085,9581.120827,11612.59057,14057.068,16943.1795,20278.81581,24059.51868,28321.38988,33087.14444,38463.86311,44471.08536,51135.82051
OECD ENV-Growth 2025,SSP1,1,Benin,BEN,USD_2015/yr,GDP|PPP [per capita],ANNUAL,3739.916059,4545.852822,5718.566158,7121.658962,8798.007582,10740.19473,13017.42106,15757.6186,18992.87677,22732.04093,26970.11346,31747.56355,37089.85419,43117.02016,49850.96476,57321.96472
OECD ENV-Growth 2025,SSP1,1,Benin,BEN,USD_2017/yr,GDP|PPP [per capita],ANNUAL,3816.525169,4638.970884,5835.70629,7267.540298,8978.227544,10960.1988,13284.07224,16080.40047,19381.93026,23197.68812,27522.57409,32397.88632,37849.6094,44000.23692,50872.12084,58496.1581
OECD ENV-Growth 2025,SSP1,1,Bhutan,BTN,USD_2010/yr,GDP|PPP [per capita],ANNUAL,9746.056243,11519.98692,13460.04606,15717.30873,18352.48259,21226.52702,24421.96554,28027.80379,32113.02796,36459.24571,40983.51608,45600.69089,50184.2464,54816.90312,59508.31875,64287.83574
OECD ENV-Growth 2025,SSP1,1,Bhutan,BTN,USD_2015/yr,GDP|PPP [per capita],ANNUAL,11481.98457,13571.88065,15857.49532,18516.81253,21621.35296,25007.31063,28771.9078,33020.00345,37832.87131,42953.21988,48283.33509,53722.9025,59122.86249,64580.66938,70107.70109,75738.52642
OECD ENV-Growth 2025,SSP1,1,Bhutan,BTN,USD_2017/yr,GDP|PPP [per capita],ANNUAL,12103.21858,14306.1887,16715.4668,19518.66665,22791.17857,26360.33384,30328.61494,34806.55427,39879.82286,45277.20843,50895.7101,56629.58589,62321.71128,68074.81341,73900.88575,79836.36749
OECD ENV-Growth 2025,SSP1,1,Bolivia,BOL,USD_2010/yr,GDP|PPP [per capita],ANNUAL,6594.784831,7008.272246,7841.184449,9306.004422,11400.00225,14044.34869,17218.36472,20951.45666,25238.34572,30007.50121,35217.79488,40874.5934,46990.42387,53576.1123,60618.49052,68117.45359
OECD ENV-Growth 2025,SSP1,1,Bolivia,BOL,USD_2015/yr,GDP|PPP [per capita],ANNUAL,7538.845026,8011.524215,8963.669915,10638.18259,13031.94153,16054.83287,19683.21735,23950.71088,28851.279,34303.15121,40259.31165,46725.89525,53717.22237,61245.66882,69296.18138,77868.64005
OECD ENV-Growth 2025,SSP1,1,Bolivia,BOL,USD_2017/yr,GDP|PPP [per capita],ANNUAL,8438.451459,8967.535209,10033.29996,11907.63135,14587.03629,17970.64767,22032.00538,26808.73669,32294.08703,38396.5283,45063.43424,52301.67188,60127.27042,68554.08245,77565.25845,87160.66413
OECD ENV-Growth 2025,SSP1,1,Bosnia and Herzegovina,BIH,USD_2010/yr,GDP|PPP [per capita],ANNUAL,16102.76824,19413.51519,22941.41949,26115.0575,28818.03088,31059.37688,33048.53891,35020.7541,37051.72765,38959.88933,40834.76613,42639.90323,44422.86959,46242.10066,48139.82012,50132.02204
OECD ENV-Growth 2025,SSP1,1,Bosnia and Herzegovina,BIH,USD_2015/yr,GDP|PPP [per capita],ANNUAL,17499.83322,21097.81827,24931.80108,28380.78172,31318.26319,33754.06681,35915.80716,38059.13036,40266.30977,42340.02223,44377.56204,46339.31158,48276.96685,50254.03315,52316.39743,54481.4414
OECD ENV-Growth 2025,SSP1,1,Bosnia and Herzegovina,BIH,USD_2017/yr,GDP|PPP [per capita],ANNUAL,18529.20465,22338.82961,26398.33414,30050.18998,33160.45935,35739.54129,38028.43906,40297.83637,42634.84601,44830.53793,46987.92947,49065.07262,51116.70424,53210.06511,55393.74134,57686.13706
OECD ENV-Growth 2025,SSP1,1,Botswana,BWA,USD_2010/yr,GDP|PPP [per capita],ANNUAL,16499.10325,18780.67556,21407.16415,24177.80176,27174.77755,30424.77387,34055.13483,38142.14088,42613.31879,47386.66663,52466.28697,57935.50811,63817.81695,70194.2789,77054.65898,84444.38113
OECD ENV-Growth 2025,SSP1,1,Botswana,BWA,USD_2015/yr,GDP|PPP [per capita],ANNUAL,16523.54592,18808.49827,21438.87788,24213.62007,27215.03574,30469.84678,34105.58595,38198.64672,42676.44847,47456.86781,52544.01338,58021.33691,63912.36012,70298.26851,77168.81193,84569.48161
OECD ENV-Growth 2025,SSP1,1,Botswana,BWA,USD_2017/yr,GDP|PPP [per capita],ANNUAL,16845.39401,19174.85301,21856.46755,24685.25658,27745.13427,31063.34301,34769.89965,38942.68567,43507.70672,48381.23978,53567.47353,59151.48519,65157.25463,71667.5487,78671.91759,86216.73862
OECD ENV-Growth 2025,SSP1,1,Brazil,BRA,USD_2010/yr,GDP|PPP [per capita],ANNUAL,15402.68303,16463.10288,18701.20683,21980.95448,26278.0936,31332.53594,37039.34772,43346.01107,50306.31444,57720.14461,65544.76689,73595.05116,81792.38904,90080.5758,98409.13934,106768.6799
OECD ENV-Growth 2025,SSP1,1,Brazil,BRA,USD_2015/yr,GDP|PPP [per capita],ANNUAL,15674.09454,16753.2001,19030.74181,22368.28206,26741.1413,31884.64824,37692.02006,44109.81347,51192.76472,58737.23439,66699.73476,74891.87352,83233.65713,91667.89048,100143.2121,108650.0566
OECD ENV-Growth 2025,SSP1,1,Brazil,BRA,USD_2017/yr,GDP|PPP [per capita],ANNUAL,15999.26357,17100.75586,19425.54662,22832.32626,27295.90324,32546.1155,38473.96492,45024.89953,52254.79109,59955.77557,68083.46306,76445.55294,84960.39214,93569.59901,102220.7465,110904.0709
OECD ENV-Growth 2025,SSP1,1,Brunei Darussalam,BRN,USD_2010/yr,GDP|PPP [per capita],ANNUAL,71470.6687,80444.46191,88668.09508,93953.75709,96924.95393,98687.30364,100222.231,102179.3985,104835.8838,107364.5011,109971.0508,112545.9741,115223.4789,118204.2382,121661.1927,125649.0697
OECD ENV-Growth 2025,SSP1,1,Brunei Darussalam,BRN,USD_2015/yr,GDP|PPP [per capita],ANNUAL,59751.35627,67253.6831,74128.85644,78547.80871,81031.80731,82505.17795,83788.41751,85424.66095,87645.55248,89759.54298,91938.68699,94091.39048,96329.85482,98821.84784,101711.9527,105045.9226
OECD ENV-Growth 2025,SSP1,1,Brunei Darussalam,BRN,USD_2017/yr,GDP|PPP [per capita],ANNUAL,60299.41768,67870.55861,74808.79356,79268.27809,81775.06084,83261.94578,84556.95568,86208.20735,88449.46971,90582.8505,92781.98243,94954.4313,97213.42766,99728.27816,102644.8921,106009.4424
OECD ENV-Growth 2025,SSP1,1,Bulgaria,BGR,USD_2010/yr,GDP|PPP [per capita],ANNUAL,23196.70483,27627.18258,32425.27804,37387.43677,42272.44717,46862.8054,51399.04464,56003.95996,60711.15422,65447.56761,70232.92283,75093.58597,80056.17306,85175.15612,90488.31551,96149.11478
OECD ENV-Growth 2025,SSP1,1,Bulgaria,BGR,USD_2015/yr,GDP|PPP [per capita],ANNUAL,25792.56595,30718.84279,36053.87613,41571.33248,47003.00709,52107.05606,57150.92979,62271.16487,67505.12459,72771.57323,78092.44061,83497.04335,89014.97601,94706.80634,100614.5426,106908.8219
OECD ENV-Growth 2025,SSP1,1,Bulgaria,BGR,USD_2017/yr,GDP|PPP [per capita],ANNUAL,28138.50091,33512.84193,39333.11746,45352.40809,51278.1148,56846.39703,62349.03084,67934.97137,73644.98023,79390.43302,85195.25414,91091.42669,97111.23694,103320.7615,109765.8296,116632.5982
OECD ENV-Growth 2025,SSP1,1,Burkina Faso,BFA,USD_2010/yr,GDP|PPP [per capita],ANNUAL,2082.494085,2506.362171,3216.138919,4080.906614,5168.746866,6490.090384,8106.268073,10100.2613,12505.20374,15288.42646,18474.7355,22070.3652,26122.5343,30711.93468,35885.39464,41651.03763
OECD ENV-Growth 2025,SSP1,1,Burkina Faso,BFA,USD_2015/yr,GDP|PPP [per capita],ANNUAL,2117.520213,2548.517471,3270.23218,4149.544677,5255.681659,6599.249273,8242.609967,10270.1408,12715.53273,15545.56736,18785.46793,22441.57367,26561.89749,31228.48846,36488.96248,42351.57964
OECD ENV-Growth 2025,SSP1,1,Burkina Faso,BFA,USD_2017/yr,GDP|PPP [per capita],ANNUAL,2391.678297,2878.477327,3693.633373,4686.791598,5936.141567,7453.662619,9309.791349,11599.82922,14361.82921,17558.27209,21217.64678,25347.11326,30000.90074,35271.68128,41213.23569,47834.89348
OECD ENV-Growth 2025,SSP1,1,Burundi,BDI,USD_2010/yr,GDP|PPP [per capita],ANNUAL,606.9587511,727.4292315,899.2987192,1139.652842,1474.61637,1915.077929,2488.394294,3236.68827,4188.286711,5358.29022,6776.601244,8468.126021,10460.26265,12787.79565,15497.99657,18640.92173
OECD ENV-Growth 2025,SSP1,1,Burundi,BDI,USD_2015/yr,GDP|PPP [per capita],ANNUAL,789.9262804,946.7125502,1170.392042,1483.200842,1919.139022,2492.377583,3238.51999,4212.386957,5450.844456,6973.545164,8819.405611,11020.84001,13613.50562,16642.67272,20169.86289,24260.22187
OECD ENV-Growth 2025,SSP1,1,Burundi,BDI,USD_2017/yr,GDP|PPP [per capita],ANNUAL,774.4952373,928.2187205,1147.528681,1454.226827,1881.649046,2443.689514,3175.256186,4130.098867,5344.36336,6837.318431,8647.120384,10805.55023,13347.56866,16317.56162,19775.84887,23786.30356
OECD ENV-Growth 2025,SSP1,1,Cabo Verde,CPV,USD_2010/yr,GDP|PPP [per capita],ANNUAL,7512.431821,9156.169079,11107.03416,13134.7726,15217.6729,17261.53721,19363.26582,21623.19689,24130.08956,26805.83897,29592.28502,32398.16827,35214.20905,38071.85086,40982.54422,43937.23773
OECD ENV-Growth 2025,SSP1,1,Cabo Verde,CPV,USD_2015/yr,GDP|PPP [per capita],ANNUAL,7830.062802,9543.298444,11576.6475,13690.12016,15861.08698,17991.36732,20181.95853,22537.44109,25150.32697,27939.20898,30843.46795,33767.98595,36703.09095,39681.55589,42715.31545,45794.93551
OECD ENV-Growth 2025,SSP1,1,Cabo Verde,CPV,USD_2017/yr,GDP|PPP [per capita],ANNUAL,8393.609761,10230.15077,12409.84446,14675.42843,17002.64453,19286.24587,21634.49878,24159.51063,26960.4517,29950.05572,33063.34064,36198.34268,39344.69368,42537.52534,45789.63129,49090.89843
OECD ENV-Growth 2025,SSP1,1,Cambodia,KHM,USD_2010/yr,GDP|PPP [per capita],ANNUAL,4683.777571,6119.436426,8068.940317,10610.29695,13830.56858,17659.67676,22048.88119,27310.04785,33413.99962,40071.53177,47174.83792,54665.90559,62535.04444,70730.0931,79256.11428,88177.05934
OECD ENV-Growth 2025,SSP1,1,Cambodia,KHM,USD_2015/yr,GDP|PPP [per capita],ANNUAL,5012.53048,6548.957788,8635.296759,11355.03044,14801.33194,18899.20404,23596.48539,29226.93172,35759.31798,42884.14028,50486.0253,58502.88871,66924.36,75694.6166,84819.0766,94366.18005
OECD ENV-Growth 2025,SSP1,1,Cambodia,KHM,USD_2017/yr,GDP|PPP [per capita],ANNUAL,5241.763272,6848.454396,9030.205715,11874.31812,15478.22571,19763.50149,24675.59867,30563.53629,37394.66131,44845.31562,52794.84966,61178.33987,69984.94146,79156.27899,88698.01833,98681.72944
OECD ENV-Growth 2025,SSP1,1,Cameroon,CMR,USD_2010/yr,GDP|PPP [per capita],ANNUAL,3489.407024,3979.896008,4794.634168,5858.971792,7210.754681,8837.31447,10775.21797,13102.26249,15860.31619,19038.56754,22673.52066,26755.77437,31330.35174,36426.32481,42075.36372,48321.03991
OECD ENV-Growth 2025,SSP1,1,Cameroon,CMR,USD_2015/yr,GDP|PPP [per capita],ANNUAL,3802.18139,4336.635546,5224.403081,6384.143025,7857.093503,9629.450617,11741.05886,14276.68893,17281.96184,20745.09701,24705.87057,29154.03869,34138.6601,39691.41271,45846.80544,52652.31526
OECD ENV-Growth 2025,SSP1,1,Cameroon,CMR,USD_2017/yr,GDP|PPP [per capita],ANNUAL,4000.081418,4562.353419,5496.328434,6716.43177,8266.04796,10130.65462,12352.17013,15019.77739,18181.47199,21824.86014,25991.78831,30671.47947,35915.54582,41757.31407,48233.0893,55392.81962
OECD ENV-Growth 2025,SSP1,1,Canada,CAN,USD_2010/yr,GDP|PPP [per capita],ANNUAL,45839.39052,49877.85368,54976.42637,61142.98042,67694.94363,73800.34571,79685.09723,85492.86163,91449.87572,97374.74139,103071.6251,108539.5792,113899.597,119317.7444,124789.2201,130189.8408
OECD ENV-Growth 2025,SSP1,1,Canada,CAN,USD_2015/yr,GDP|PPP [per capita],ANNUAL,48206.47111,52453.47473,57815.33043,64300.31651,71190.61373,77611.29005,83799.92172,89907.59077,96172.21655,102403.0338,108394.0964,114144.4079,119781.2093,125479.1422,131233.157,136912.658
OECD ENV-Growth 2025,SSP1,1,Canada,CAN,USD_2017/yr,GDP|PPP [per capita],ANNUAL,51284.35283,55802.51869,61506.7176,68405.75639,75735.98458,82566.60757,89150.37035,95648.00121,102312.6102,108941.252,115314.8313,121432.2881,127428.9874,133490.7213,139612.1179,145654.2431
OECD ENV-Growth 2025,SSP1,1,Central African Republic,CAF,USD_2010/yr,GDP|PPP [per capita],ANNUAL,645.3767826,704.5341324,875.0887427,1126.525474,1483.806338,1962.399051,2587.945141,3399.77424,4426.226083,5683.441284,7211.111085,9044.319425,11217.59493,13794.15233,16832.32563,20375.1319
OECD ENV-Growth 2025,SSP1,1,Central African Republic,CAF,USD_2015/yr,GDP|PPP [per capita],ANNUAL,746.1250195,814.5172827,1011.696768,1302.38469,1715.439821,2268.744506,2991.943111,3930.504923,5117.193726,6570.669806,8336.820511,10456.20665,12968.74704,15947.52469,19459.98001,23555.84536
OECD ENV-Growth 2025,SSP1,1,Central African Republic,CAF,USD_2017/yr,GDP|PPP [per capita],ANNUAL,808.4500508,882.5552305,1096.205438,1411.174992,1858.733288,2458.256409,3241.864965,4258.826365,5544.641205,7119.528496,9033.208631,11329.63053,14052.04749,17279.64725,21085.50366,25523.50327
OECD ENV-Growth 2025,SSP1,1,Chad,TCD,USD_2010/yr,GDP|PPP [per capita],ANNUAL,1538.998271,1646.378056,2056.236846,2612.2824,3332.819487,4227.408547,5326.910193,6685.296552,8341.25476,10334.00559,12681.64162,15402.70271,18511.80066,22094.80737,26229.83668,30997.84156
OECD ENV-Growth 2025,SSP1,1,Chad,TCD,USD_2015/yr,GDP|PPP [per capita],ANNUAL,1448.932543,1550.028215,1935.901124,2459.40561,3137.775205,3980.01085,5015.167125,6294.057581,7853.105297,9729.235748,11939.48271,14501.30103,17428.4474,20801.76829,24694.80615,29183.77639
OECD ENV-Growth 2025,SSP1,1,Chad,TCD,USD_2017/yr,GDP|PPP [per capita],ANNUAL,1470.316831,1572.904539,1964.47241,2495.703116,3184.08453,4038.750437,5089.18422,6386.949372,7969.006527,9872.826131,12115.69336,14715.32066,17685.66775,21108.77431,25059.26815,29614.48953
OECD ENV-Growth 2025,SSP1,1,Chile,CHL,USD_2010/yr,GDP|PPP [per capita],ANNUAL,22985.14184,24361.2513,26890.05634,30335.23286,34632.28976,39304.43519,44098.29527,49000.97799,54190.80909,59588.66155,64942.5559,70078.53627,74933.46647,79483.14608,83677.49563,87413.46227
OECD ENV-Growth 2025,SSP1,1,Chile,CHL,USD_2015/yr,GDP|PPP [per capita],ANNUAL,25006.85463,26504.00307,29255.23517,33003.44038,37678.45513,42761.55023,47977.06567,53310.9755,58957.29053,64829.92393,70654.7328,76242.46053,81524.41765,86474.27515,91037.54869,95102.12116
OECD ENV-Growth 2025,SSP1,1,Chile,CHL,USD_2017/yr,GDP|PPP [per capita],ANNUAL,26950.06189,28563.54922,31528.57127,35568.03821,40606.33426,46084.42134,51705.21876,57453.61064,63538.68379,69867.66182,76145.09902,82167.03222,87859.4343,93193.9303,98111.80206,102492.2202
OECD ENV-Growth 2025,SSP1,1,China,CHN,USD_2010/yr,GDP|PPP [per capita],ANNUAL,21528.70175,26091.35527,30932.21641,35649.81575,40824.04277,46156.39489,51486.78229,57248.31695,63399.16962,69367.86488,74957.05104,80317.5514,85571.72759,90734.86943,95676.21734,100278.1475
OECD ENV-Growth 2025,SSP1,1,China,CHN,USD_2015/yr,GDP|PPP [per capita],ANNUAL,21134.83804,25614.01864,30366.31709,34997.6088,40077.17428,45311.97198,50544.8409,56200.96932,62239.29325,68098.79231,73585.72532,78848.15629,84006.20828,89074.89137,93925.83821,98443.57692
OECD ENV-Growth 2025,SSP1,1,China,CHN,USD_2017/yr,GDP|PPP [per capita],ANNUAL,20667.66612,25047.83732,29695.0893,34224.0093,39191.29426,44310.38015,49427.57988,54958.68325,60863.53393,66593.51255,71959.16046,77105.2688,82149.30538,87105.94851,91849.66831,96267.54532
OECD ENV-Growth 2025,SSP1,1,Colombia,COL,USD_2010/yr,GDP|PPP [per capita],ANNUAL,14728.5385,16558.73485,19536.93278,23728.1962,28886.96681,34540.87168,40531.73624,46849.76865,53503.39729,60386.38442,67384.37562,74327.61879,81167.42699,87903.66787,94500.52993,100879.9547
OECD ENV-Growth 2025,SSP1,1,Colombia,COL,USD_2015/yr,GDP|PPP [per capita],ANNUAL,15218.01222,17109.03151,20186.20393,24516.75567,29846.96777,35688.76894,41878.72799,48406.72765,55281.47643,62393.20596,69623.76149,76797.74956,83864.8652,90824.97166,97641.06734,104232.4996
OECD ENV-Growth 2025,SSP1,1,Colombia,COL,USD_2017/yr,GDP|PPP [per capita],ANNUAL,16332.6678,18362.19632,21664.75872,26312.50521,32033.133,38302.8216,44946.1692,51952.31746,59330.61276,66963.24666,74723.41006,82422.86267,90007.61489,97477.51997,104792.8661,111867.0931
OECD ENV-Growth 2025,SSP1,1,Comoros,COM,USD_2010/yr,GDP|PPP [per capita],ANNUAL,2681.551147,3079.564072,3781.39524,5159.928237,7201.768622,9700.069351,12539.52529,15717.68934,19214.46483,22979.08089,26984.74255,31214.29058,35655.45809,40347.45949,45321.90783,50637.78555
OECD ENV-Growth 2025,SSP1,1,Comoros,COM,USD_2015/yr,GDP|PPP [per capita],ANNUAL,3137.077884,3602.702994,4423.757269,6036.467652,8425.16433,11347.86225,14669.6689,18387.72148,22478.50941,26882.63715,31568.75795,36516.79766,41712.40558,47201.45764,53020.93712,59239.84606
OECD ENV-Growth 2025,SSP1,1,Comoros,COM,USD_2017/yr,GDP|PPP [per capita],ANNUAL,3426.455781,3935.032203,4831.824145,6593.298045,9202.338637,12394.6391,16022.86384,20083.88598,24552.02623,29362.41013,34480.79938,39885.26809,45560.1418,51555.52822,57911.82214,64704.39067
OECD ENV-Growth 2025,SSP1,1,Congo,COG,USD_2010/yr,GDP|PPP [per capita],ANNUAL,3965.811923,4354.749681,4918.873316,5679.103249,6666.215081,7868.06751,9332.028708,11117.82833,13253.66668,15720.48396,18554.60464,21768.43862,25368.66546,29373.01018,33805.53032,38717.75605
OECD ENV-Growth 2025,SSP1,1,Congo,COG,USD_2015/yr,GDP|PPP [per capita],ANNUAL,3402.758552,3736.476164,4220.507318,4872.802222,5719.767054,6750.984296,8007.096936,9539.354403,11371.95321,13488.53962,15920.28085,18677.8249,21766.90298,25202.72356,29005.92858,33220.73212
OECD ENV-Growth 2025,SSP1,1,Congo,COG,USD_2017/yr,GDP|PPP [per capita],ANNUAL,3887.121044,4268.341378,4821.271495,5566.416709,6533.94196,7711.946858,9146.859681,10897.22491,12990.68328,15408.55321,18186.43838,21336.50246,24865.29248,28790.18174,33134.75043,37949.50625
OECD ENV-Growth 2025,SSP1,1,Costa Rica,CRI,USD_2010/yr,GDP|PPP [per capita],ANNUAL,19268.52937,21603.76564,25159.71506,29357.2691,33993.59796,38734.3027,43567.84534,48590.96575,53793.1453,58919.83539,63892.70711,68600.50268,73096.43682,77392.49812,81464.94761,85247.71147
OECD ENV-Growth 2025,SSP1,1,Costa Rica,CRI,USD_2015/yr,GDP|PPP [per capita],ANNUAL,22506.44497,25234.09821,29387.59525,34290.51323,39705.93847,45243.27909,50889.05825,56756.27213,62832.63455,68820.82213,74629.34346,80128.2448,85379.68315,90397.66171,95154.45236,99572.87812
OECD ENV-Growth 2025,SSP1,1,Costa Rica,CRI,USD_2017/yr,GDP|PPP [per capita],ANNUAL,24501.26441,27470.67844,31992.31344,37329.79299,43225.20498,49253.33812,55399.52106,61786.76519,68401.69539,74920.63551,81243.98499,87230.27184,92947.16226,98409.90059,103588.3011,108398.3463
OECD ENV-Growth 2025,SSP1,1,Croatia,HRV,USD_2010/yr,GDP|PPP [per capita],ANNUAL,29903.78989,35083.83395,39705.53768,43746.44367,47154.49747,49898.68706,52272.0337,54588.25222,57007.08713,59513.31098,62091.96829,64708.0754,67407.38476,70247.05957,73286.8136,76560.15824
OECD ENV-Growth 2025,SSP1,1,Croatia,HRV,USD_2015/yr,GDP|PPP [per capita],ANNUAL,33403.90139,39190.24759,44352.9021,48866.77896,52673.73096,55739.11629,58390.25306,60977.57511,63679.52437,66479.09107,69359.56926,72281.88058,75297.13264,78469.17931,81864.72363,85521.19935
OECD ENV-Growth 2025,SSP1,1,Croatia,HRV,USD_2017/yr,GDP|PPP [per capita],ANNUAL,35606.78645,41774.72447,47277.84024,52089.39346,56147.4023,59414.94041,62240.91154,64998.85956,67878.9941,70863.18365,73933.62056,77048.64937,80262.74807,83643.98151,87263.45159,91161.06069
OECD ENV-Growth 2025,SSP1,1,Cuba,CUB,USD_2017/yr,GDP|PPP [per capita],ANNUAL,7382.929747,9291.612267,11915.92061,15720.01192,20609.37222,26468.91791,33170.71549,40695.34143,49069.7557,58093.86673,67638.47475,77579.69581,87893.38734,98621.23023,109747.7599,121141.8906
OECD ENV-Growth 2025,SSP1,1,Curaçao,CUW,USD_2010/yr,GDP|PPP [per capita],ANNUAL,17265.45044,19391.87353,22347.72164,26249.13344,30990.47922,36225.14229,42002.12537,48487.22556,55817.6779,63870.22277,72610.25294,82006.28165,92073.03346,102871.7112,114454.9301,126789.1199
OECD ENV-Growth 2025,SSP1,1,Curaçao,CUW,USD_2015/yr,GDP|PPP [per capita],ANNUAL,17323.06219,19456.58078,22422.29203,26336.72215,31093.88896,36346.01917,42142.27903,48649.01885,56003.93161,64083.34639,72852.5405,82279.92209,92380.26486,103214.9759,114836.8459,127212.1927
OECD ENV-Growth 2025,SSP1,1,Curaçao,CUW,USD_2017/yr,GDP|PPP [per capita],ANNUAL,18312.69874,20568.10155,23703.23875,27841.29349,32870.22901,38422.40432,44549.79447,51428.25307,59203.33926,67744.31703,77014.48001,86980.43159,97657.78946,109111.4687,121397.2761,134479.6051
OECD ENV-Growth 2025,SSP1,1,Cyprus,CYP,USD_2010/yr,GDP|PPP [per capita],ANNUAL,29062.94966,32719.41881,36766.2388,41013.57793,45272.56427,49281.12193,53347.80832,57747.4045,62572.47805,67603.10462,72729.78902,77958.83059,83399.17315,89144.02449,95182.86225,101423.1949
OECD ENV-Growth 2025,SSP1,1,Cyprus,CYP,USD_2015/yr,GDP|PPP [per capita],ANNUAL,30841.27718,34721.48135,39015.92146,43523.15025,48042.73893,52296.57549,56612.09762,61280.89988,66401.21397,71739.65863,77180.03878,82729.03922,88502.26992,94598.64191,101006.989,107629.1602
OECD ENV-Growth 2025,SSP1,1,Cyprus,CYP,USD_2017/yr,GDP|PPP [per capita],ANNUAL,33399.58521,37601.65534,42252.32262,47133.42956,52027.92164,56634.61727,61308.11533,66364.19838,71909.24653,77690.51934,83582.18328,89591.47764,95843.60232,102445.6731,109385.5976,116557.0831
OECD ENV-Growth 2025,SSP1,1,Czechia,CZE,USD_2010/yr,GDP|PPP [per capita],ANNUAL,34758.39857,38164.66875,41995.05379,46205.32311,50328.98632,53962.56739,57502.21518,61089.88428,64963.48554,68940.08263,72784.99724,76338.34812,79569.12676,82538.50536,85317.44275,87907.01926
OECD ENV-Growth 2025,SSP1,1,Czechia,CZE,USD_2015/yr,GDP|PPP [per capita],ANNUAL,39124.67392,42958.83246,47270.38223,52009.53654,56651.20547,60741.22918,64725.51993,68763.86431,73124.05904,77600.18771,81928.09224,85927.80742,89564.42953,92906.81509,96034.83663,98949.71017
OECD ENV-Growth 2025,SSP1,1,Czechia,CZE,USD_2017/yr,GDP|PPP [per capita],ANNUAL,41740.599,45831.11421,50430.93965,55486.9598,60438.97657,64802.46443,69053.14988,73361.50307,78013.22592,82788.63421,87405.90789,91673.04908,95552.82033,99118.68201,102455.847,105565.6127
OECD ENV-Growth 2025,SSP1,1,Côte d'Ivoire,CIV,USD_2010/yr,GDP|PPP [per capita],ANNUAL,6002.100471,7430.103519,9355.465101,11474.29941,13852.51767,16487.83188,19448.92272,22836.43095,26664.55783,30922.9207,35616.71291,40655.35659,45984.43323,51643.02359,57666.50928,64126.96732
OECD ENV-Growth 2025,SSP1,1,Côte d'Ivoire,CIV,USD_2015/yr,GDP|PPP [per capita],ANNUAL,6530.998626,8084.835653,10179.85787,12485.40141,15073.18551,17940.72057,21162.73931,24848.75085,29014.20784,33647.81273,38755.21648,44237.85962,50036.52833,56193.74714,62748.01542,69777.76155
OECD ENV-Growth 2025,SSP1,1,Côte d'Ivoire,CIV,USD_2017/yr,GDP|PPP [per capita],ANNUAL,6308.497905,7809.398179,9833.046329,12060.04367,14559.66609,17329.5088,20441.75849,24002.19348,28025.73999,32501.48534,37434.88798,42730.7462,48331.86351,54279.31568,60610.29048,67400.54435
OECD ENV-Growth 2025,SSP1,1,Democratic Republic of the Congo,COD,USD_2010/yr,GDP|PPP [per capita],ANNUAL,891.3565168,1015.910808,1223.576914,1557.160901,2028.352841,2639.285841,3407.2464,4367.216598,5543.410582,6953.195079,8615.252596,10554.586,12807.92771,15433.61536,18478.93623,21996.7925
OECD ENV-Growth 2025,SSP1,1,Democratic Republic of the Congo,COD,USD_2015/yr,GDP|PPP [per capita],ANNUAL,1072.795769,1222.703594,1472.640982,1874.127349,2441.23233,3176.523232,4100.805293,5256.181337,6671.794401,8368.546279,10368.92238,12703.015,15415.0336,18575.19067,22240.39902,26474.32927
OECD ENV-Growth 2025,SSP1,1,Democratic Republic of the Congo,COD,USD_2017/yr,GDP|PPP [per capita],ANNUAL,1263.742153,1440.331997,1734.755616,2207.702342,2875.746056,3741.91102,4830.705584,6191.726434,7859.303762,9858.059662,12214.48171,14964.01831,18158.74774,21881.3796,26198.95656,31186.48195
OECD ENV-Growth 2025,SSP1,1,Denmark,DNK,USD_2010/yr,GDP|PPP [per capita],ANNUAL,52731.82447,55773.73273,59282.08693,63374.2919,67865.12897,72136.83534,76207.08583,80264.35004,84439.41858,88347.76389,91851.40757,95023.14851,97899.63929,100547.6407,103030.0805,105277.2559
OECD ENV-Growth 2025,SSP1,1,Denmark,DNK,USD_2015/yr,GDP|PPP [per capita],ANNUAL,57793.66178,61127.56913,64972.69753,69457.72175,74379.64359,79061.39993,83522.36221,87969.09164,92544.93367,96828.44916,100668.4149,104144.6178,107297.2289,110199.4175,112920.1519,115383.0383
OECD ENV-Growth 2025,SSP1,1,Denmark,DNK,USD_2017/yr,GDP|PPP [per capita],ANNUAL,62327.15182,65922.57981,70069.33042,74906.17198,80214.18259,85263.18847,90074.08062,94869.62344,99804.40681,104423.9328,108565.1157,112314.0013,115713.9117,118843.7558,121777.9118,124433.9936
OECD ENV-Growth 2025,SSP1,1,Djibouti,DJI,USD_2010/yr,GDP|PPP [per capita],ANNUAL,5694.341379,7141.531493,9415.641541,11715.52811,14082.40502,16560.05296,19216.84602,22169.09565,25462.74982,29004.66688,32776.06511,36735.54682,40842.19558,45213.95699,49931.5839,55011.15247
OECD ENV-Growth 2025,SSP1,1,Djibouti,DJI,USD_2015/yr,GDP|PPP [per capita],ANNUAL,5792.490233,7264.624418,9577.9315,11917.4594,14325.13228,16845.48548,19548.07158,22551.2068,25901.63108,29504.59736,33341.0002,37368.72836,41546.16017,45993.27417,50792.21508,55959.33615
OECD ENV-Growth 2025,SSP1,1,Djibouti,DJI,USD_2017/yr,GDP|PPP [per capita],ANNUAL,5692.758792,7139.546699,9413.02472,11712.2721,14078.4912,16555.45055,19211.50522,22162.93435,25455.67314,28996.60582,32766.9559,36725.33717,40830.8446,45201.391,49917.70677,54995.86362
OECD ENV-Growth 2025,SSP1,1,Dominican Republic,DOM,USD_2010/yr,GDP|PPP [per capita],ANNUAL,19130.08116,23535.65737,28772.50165,34529.42605,40652.79509,46794.50493,52967.73418,59324.43104,65998.94494,72851.90385,79823.69746,86850.38791,93937.07277,101191.2204,108625.6042,116274.5699
OECD ENV-Growth 2025,SSP1,1,Dominican Republic,DOM,USD_2015/yr,GDP|PPP [per capita],ANNUAL,20606.40761,25351.97551,30992.96296,37194.1667,43790.09473,50405.77896,57055.41505,63902.67752,71092.28392,78474.10647,85983.93457,93552.89606,101186.4819,109000.4541,117008.5719,125247.8315
OECD ENV-Growth 2025,SSP1,1,Dominican Republic,DOM,USD_2017/yr,GDP|PPP [per capita],ANNUAL,21428.02227,26362.80453,32228.70833,38677.16525,45536.08483,52415.54833,59330.31742,66450.59259,73926.86158,81603.01071,89412.26921,97283.01886,105220.9695,113346.499,121673.9148,130241.6885
OECD ENV-Growth 2025,SSP1,1,Ecuador,ECU,USD_2010/yr,GDP|PPP [per capita],ANNUAL,9821.503514,10775.44834,12189.66461,14145.55387,16606.51946,19414.99912,22553.05369,26087.13491,30029.66419,34264.4962,38732.25957,43349.22735,48104.32327,52979.30915,57954.46003,63039.07244
OECD ENV-Growth 2025,SSP1,1,Ecuador,ECU,USD_2015/yr,GDP|PPP [per capita],ANNUAL,10388.08638,11397.06237,12892.86195,14961.58255,17564.51631,20535.01153,23854.09419,27592.04948,31762.01538,36241.14636,40966.64605,45849.95746,50879.36534,56035.57939,61297.73675,66675.67027
OECD ENV-Growth 2025,SSP1,1,Ecuador,ECU,USD_2017/yr,GDP|PPP [per capita],ANNUAL,11174.98406,12260.39,13869.49641,16094.92262,18895.02864,22090.53892,25661.04213,29682.14758,34167.98845,38986.41367,44069.87001,49323.09233,54733.47792,60280.27525,65941.0411,71726.35316
OECD ENV-Growth 2025,SSP1,1,Egypt,EGY,USD_2010/yr,GDP|PPP [per capita],ANNUAL,12886.24717,16003.75947,20434.61575,26212.66628,33137.27727,40792.52885,49154.5553,58297.87908,68136.21524,78221.78855,88608.40855,99306.35456,110393.7357,121915.8777,133992.9899,146619.6496
OECD ENV-Growth 2025,SSP1,1,Egypt,EGY,USD_2015/yr,GDP|PPP [per capita],ANNUAL,15117.72554,18775.08945,23973.22575,30751.84648,38875.57459,47856.46645,57666.52357,68393.17328,79935.18889,91767.25506,103952.4994,116502.9813,129510.3357,143027.7376,157196.2123,172009.3982
OECD ENV-Growth 2025,SSP1,1,Egypt,EGY,USD_2017/yr,GDP|PPP [per capita],ANNUAL,13866.22904,17220.82398,21988.64096,28206.10451,35657.32291,43894.74614,52892.69352,62731.35485,73317.88333,84170.451,95346.95958,106858.4701,118789.0317,131187.4173,144182.9776,157769.8779
OECD ENV-Growth 2025,SSP1,1,El Salvador,SLV,USD_2010/yr,GDP|PPP [per capita],ANNUAL,8310.460349,9170.970742,10534.64052,12563.14552,15309.39997,18663.67735,22628.66238,27247.45918,32575.63543,38548.71607,45123.83526,52034.21141,59227.55131,66752.0104,74579.41295,82641.17267
OECD ENV-Growth 2025,SSP1,1,El Salvador,SLV,USD_2015/yr,GDP|PPP [per capita],ANNUAL,9271.100002,10231.08026,11752.38214,14015.37022,17079.07531,20821.08714,25244.40079,30397.10296,36341.1846,43004.71774,50339.8815,58049.05592,66073.90301,74468.14469,83200.3483,92193.99937
OECD ENV-Growth 2025,SSP1,1,El Salvador,SLV,USD_2017/yr,GDP|PPP [per capita],ANNUAL,9934.123256,10962.75656,12592.85443,15017.68023,18300.48637,22310.10839,27049.75558,32570.95354,38940.12653,46080.20262,53939.94105,62200.43752,70799.18202,79793.73838,89150.42603,98787.25858
OECD ENV-Growth 2025,SSP1,1,Equatorial Guinea,GNQ,USD_2010/yr,GDP|PPP [per capita],ANNUAL,11139.07228,9759.870608,10661.21397,12065.59229,13914.57031,16145.59354,18806.74771,21999.43674,25733.83836,29833.43347,34333.81906,39260.01195,44608.55118,50390.61607,56637.45948,63435.36934
OECD ENV-Growth 2025,SSP1,1,Equatorial Guinea,GNQ,USD_2015/yr,GDP|PPP [per capita],ANNUAL,9964.456999,8730.692157,9536.988851,10793.27546,12447.27873,14443.04055,16823.57598,19679.59592,23020.20486,26687.49762,30713.3175,35120.04331,39904.57902,45076.92511,50665.03883,56746.10902
OECD ENV-Growth 2025,SSP1,1,Equatorial Guinea,GNQ,USD_2017/yr,GDP|PPP [per capita],ANNUAL,11734.65285,10281.70844,11231.24455,12710.71175,14658.55037,17008.86129,19812.30125,23175.69602,27109.7675,31428.55853,36169.56938,41359.15448,46993.66779,53084.8864,59665.73416,66827.11261
OECD ENV-Growth 2025,SSP1,1,Eritrea,ERI,USD_2010/yr,GDP|PPP [per capita],ANNUAL,1631.713576,1812.518338,2201.958315,2842.657105,3780.620187,5013.858524,6561.08482,8468.590285,10774.01147,13496.43359,16692.72632,20336.01613,24415.80224,28964.30936,34052.12092,39739.4257
OECD ENV-Growth 2025,SSP1,1,Eritrea,ERI,USD_2015/yr,GDP|PPP [per capita],ANNUAL,1786.12047,1984.034547,2410.326713,3111.653981,4138.375267,5488.313314,7181.951584,9269.961765,11793.5419,14773.58322,18272.3369,22260.38639,26726.23726,31705.16358,37274.42802,43499.91491
OECD ENV-Growth 2025,SSP1,1,Eritrea,ERI,USD_2017/yr,GDP|PPP [per capita],ANNUAL,1825.701682,2028.001622,2463.740609,3180.609597,4230.083477,5609.936742,7341.106779,9475.38818,12054.89196,15100.9723,18677.25989,22753.68631,27318.5024,32407.7639,38100.44568,44463.89209
OECD ENV-Growth 2025,SSP1,1,Estonia,EST,USD_2010/yr,GDP|PPP [per capita],ANNUAL,31470.41259,38284.94087,43839.00995,48550.50174,51932.25818,54306.12945,56413.89457,58798.17692,61348.6627,63745.11448,65847.72385,67607.36712,69059.99965,70276.94833,71284.06799,72084.36521
OECD ENV-Growth 2025,SSP1,1,Estonia,EST,USD_2015/yr,GDP|PPP [per capita],ANNUAL,35591.0045,43297.79595,49579.08945,54907.48242,58732.03059,61416.72571,63800.47196,66496.94134,69381.37606,72091.60827,74469.5237,76459.56662,78102.40021,79478.69058,80617.67788,81522.76236
OECD ENV-Growth 2025,SSP1,1,Estonia,EST,USD_2017/yr,GDP|PPP [per capita],ANNUAL,37980.95617,46205.26207,52908.34719,58594.54411,62675.91238,65540.88595,68084.70182,70962.24031,74040.3661,76932.5916,79470.1851,81593.86028,83347.01087,84815.71975,86031.19055,86997.05185
OECD ENV-Growth 2025,SSP1,1,Eswatini,SWZ,USD_2010/yr,GDP|PPP [per capita],ANNUAL,10157.01755,11301.9713,13077.0753,15348.61199,18111.32134,21306.51386,24983.4966,29258.22502,34106.48258,39252.09388,44699.13656,50522.88249,56776.79882,63491.59624,70685.65619,78345.47276
OECD ENV-Growth 2025,SSP1,1,Eswatini,SWZ,USD_2015/yr,GDP|PPP [per capita],ANNUAL,10341.62555,11507.3893,13314.75656,15627.57937,18440.5021,21693.76857,25437.58199,29790.00537,34726.38201,39965.51693,45511.56187,51441.15679,57808.74063,64645.58228,71970.39724,79769.43414
OECD ENV-Growth 2025,SSP1,1,Eswatini,SWZ,USD_2017/yr,GDP|PPP [per capita],ANNUAL,9748.534458,10847.44179,12551.15673,14731.33941,17382.94133,20449.63332,23978.73946,28081.55184,32734.82782,37673.49893,42901.4788,48491.0121,54493.41571,60938.16524,67842.90287,75194.66587
OECD ENV-Growth 2025,SSP1,1,Ethiopia,ETH,USD_2010/yr,GDP|PPP [per capita],ANNUAL,2238.816872,2850.90966,3720.260474,4854.551854,6299.688306,8025.129072,10066.37534,12498.279,15411.33521,18781.32861,22652.85402,26994.11247,31770.15782,37024.89481,42824.57986,49221.46601
OECD ENV-Growth 2025,SSP1,1,Ethiopia,ETH,USD_2015/yr,GDP|PPP [per capita],ANNUAL,2566.864357,3268.645365,4265.379687,5565.875566,7222.763761,9201.028468,11541.37276,14329.61637,17669.51443,21533.30341,25972.11246,30949.48319,36425.34892,42450.0476,49099.54405,56433.74778
OECD ENV-Growth 2025,SSP1,1,Ethiopia,ETH,USD_2017/yr,GDP|PPP [per capita],ANNUAL,2775.711679,3534.591569,4612.423007,6018.730897,7810.428188,9949.65009,12480.41139,15495.51436,19107.15596,23285.31369,28085.27677,33467.62042,39389.01802,45903.90318,53094.42141,61025.35664
OECD ENV-Growth 2025,SSP1,1,Fiji,FJI,USD_2010/yr,GDP|PPP [per capita],ANNUAL,11509.56296,13391.48886,15907.17881,19276.48643,23432.87376,28145.45364,33398.49764,39256.32431,45653.98796,52545.89238,59892.88361,67637.72631,75788.9571,84273.15004,93108.73334,102265.9114
OECD ENV-Growth 2025,SSP1,1,Fiji,FJI,USD_2015/yr,GDP|PPP [per capita],ANNUAL,13978.95373,16264.64913,19320.08343,23412.2801,28460.42541,34184.09506,40564.18605,47678.81659,55449.10677,63819.67769,72742.97485,82149.483,92049.5703,102354.0572,113085.3257,124207.1875
OECD ENV-Growth 2025,SSP1,1,Fiji,FJI,USD_2017/yr,GDP|PPP [per capita],ANNUAL,14156.83435,16471.61497,19565.92933,23710.19875,28822.58114,34619.08385,41080.36078,48285.5242,56154.69046,64631.77595,73668.62107,83194.82599,93220.8908,103656.5011,114524.3238,125787.71
OECD ENV-Growth 2025,SSP1,1,Finland,FIN,USD_2010/yr,GDP|PPP [per capita],ANNUAL,43234.5776,46645.15706,50031.2851,53987.92149,58179.49139,62093.53548,66140.58476,70441.91482,74912.58939,79211.18405,83244.8751,87087.97485,90953.69886,94859.58491,98714.89649,102332.6838
OECD ENV-Growth 2025,SSP1,1,Finland,FIN,USD_2015/yr,GDP|PPP [per capita],ANNUAL,48006.02699,51793.00441,55552.83192,59946.13016,64600.2896,68946.29497,73439.98422,78216.01717,83180.0838,87953.07946,92431.93625,96699.16773,100991.5203,105328.4673,109609.2583,113626.3115
OECD ENV-Growth 2025,SSP1,1,Finland,FIN,USD_2017/yr,GDP|PPP [per capita],ANNUAL,50913.92489,54930.29318,58917.86698,63577.2831,68513.36174,73122.6203,77888.5085,82953.84295,88218.60098,93280.71417,98030.87144,102556.5845,107108.9403,111708.5918,116248.6858,120509.0663
OECD ENV-Growth 2025,SSP1,1,France,FRA,USD_2010/yr,GDP|PPP [per capita],ANNUAL,41966.62452,44891.76915,47813.81675,51135.70969,54743.91492,58415.77122,62209.02662,66197.7471,70338.39145,74443.2049,78468.07363,82454.86824,86480.4075,90609.10871,94741.87683,98783.98246
OECD ENV-Growth 2025,SSP1,1,France,FRA,USD_2015/yr,GDP|PPP [per capita],ANNUAL,46428.10992,49664.22762,52896.91905,56571.9635,60563.75819,64625.97072,68822.48833,73235.25097,77816.08856,82357.28605,86810.03987,91220.67191,95674.16754,100241.7923,104813.9164,109285.7395
OECD ENV-Growth 2025,SSP1,1,France,FRA,USD_2017/yr,GDP|PPP [per capita],ANNUAL,49263.88705,52697.66321,56127.80382,60027.31589,64262.92494,68573.25287,73026.0891,77708.37835,82569.00839,87387.57715,92112.30021,96792.32873,101517.8389,106364.4491,111215.8334,115960.7905
OECD ENV-Growth 2025,SSP1,1,French Guiana,GUF,USD_2017/yr,GDP|PPP [per capita],ANNUAL,49547.82268,52039.8659,55651.78169,60032.29128,65005.77286,70435.66303,76425.66802,83245.01683,90985.99506,99310.74343,108127.7697,117131.306,126322.3459,135839.65,145907.772,156602.1369
OECD ENV-Growth 2025,SSP1,1,French Polynesia,PYF,USD_2017/yr,GDP|PPP [per capita],ANNUAL,17523.37847,19815.48996,22707.53485,26512.57595,31178.73895,36295.32057,41874.98698,48050.36543,54785.68412,61942.52101,69472.17008,77449.86963,85901.52828,94837.92358,104230.9132,114039.9102
OECD ENV-Growth 2025,SSP1,1,Gabon,GAB,USD_2010/yr,GDP|PPP [per capita],ANNUAL,14751.1496,15811.6794,17931.60181,20275.94313,22805.64754,25447.88771,28313.3583,31571.32207,35284.6887,39313.36242,43585.18658,48015.25883,52593.37556,57368.34938,62416.38164,67785.81874
OECD ENV-Growth 2025,SSP1,1,Gabon,GAB,USD_2015/yr,GDP|PPP [per capita],ANNUAL,13581.48118,14557.918,16509.7446,18668.19519,20997.31081,23430.03883,26068.2966,29067.92543,32486.84669,36196.07328,40129.17009,44207.96696,48423.06937,52819.41941,57467.17616,62410.85248
OECD ENV-Growth 2025,SSP1,1,Gabon,GAB,USD_2017/yr,GDP|PPP [per capita],ANNUAL,14330.65939,15360.95817,17420.45094,19697.96543,22155.55913,24722.48068,27506.26935,30671.36294,34278.87786,38192.71187,42342.76517,46646.55559,51094.17042,55733.03079,60637.16592,65853.54405
OECD ENV-Growth 2025,SSP1,1,Gambia,GMB,USD_2010/yr,GDP|PPP [per capita],ANNUAL,2512.906354,2983.494357,3735.85499,4658.360671,5802.211748,7178.482181,8816.189494,10784.95373,13114.79189,15821.35249,18921.60613,22400.05932,26251.52844,30516.98059,35235.23063,40470.4423
OECD ENV-Growth 2025,SSP1,1,Gambia,GMB,USD_2015/yr,GDP|PPP [per capita],ANNUAL,2431.327103,2886.637888,3614.573808,4507.131169,5613.848147,6945.439194,8529.979807,10434.82988,12689.03193,15307.72646,18307.33316,21672.86148,25399.29611,29526.27418,34091.35046,39156.60568
OECD ENV-Growth 2025,SSP1,1,Gambia,GMB,USD_2017/yr,GDP|PPP [per capita],ANNUAL,2421.611597,2875.102975,3600.130086,4489.120816,5591.415388,6917.68544,8495.894279,10393.13263,12638.32696,15246.55728,18234.17764,21586.25742,25297.80133,29408.28812,33955.12251,39000.13713
OECD ENV-Growth 2025,SSP1,1,Georgia,GEO,USD_2010/yr,GDP|PPP [per capita],ANNUAL,15905.68141,21708.244,29252.06739,36740.53644,43199.55544,48323.21857,52704.1748,56880.94016,60899.54045,64476.55711,67684.8951,70679.55272,73659.67748,76743.12688,79939.39806,83234.70324
OECD ENV-Growth 2025,SSP1,1,Georgia,GEO,USD_2015/yr,GDP|PPP [per capita],ANNUAL,19598.46661,26748.19671,36043.4521,45270.50166,53229.09613,59542.30826,64940.38095,70086.85625,75038.44565,79445.92998,83399.14037,87089.06071,90761.07413,94560.40083,98498.74289,102559.1114
OECD ENV-Growth 2025,SSP1,1,Georgia,GEO,USD_2017/yr,GDP|PPP [per capita],ANNUAL,20437.01789,27892.66046,37585.628,47207.47142,55506.5869,62089.91975,67718.9575,73085.63285,78249.08381,82845.1493,86967.50403,90815.30342,94644.42973,98606.31661,102713.1668,106947.2647
OECD ENV-Growth 2025,SSP1,1,Germany,DEU,USD_2010/yr,GDP|PPP [per capita],ANNUAL,45551.66878,48248.32142,51645.47703,56033.40739,60886.31246,65492.85708,69868.47049,74211.33587,78650.54125,83004.88165,87164.9901,91034.57644,94601.01187,97932.31838,101043.5843,103894.0432
OECD ENV-Growth 2025,SSP1,1,Germany,DEU,USD_2015/yr,GDP|PPP [per capita],ANNUAL,51153.07229,54181.32727,57996.22475,62923.7307,68373.38842,73546.39122,78460.06563,83336.96504,88322.05121,93211.8367,97883.5059,102228.928,106233.9214,109974.8724,113468.7249,116669.6994
OECD ENV-Growth 2025,SSP1,1,Germany,DEU,USD_2017/yr,GDP|PPP [per capita],ANNUAL,54969.61248,58223.80613,62323.33382,67618.4819,73474.73959,79033.70109,84313.98565,89554.75143,94911.7758,100166.3891,105186.6124,109856.2473,114160.0539,118180.118,121934.6474,125374.4473
OECD ENV-Growth 2025,SSP1,1,Ghana,GHA,USD_2010/yr,GDP|PPP [per capita],ANNUAL,5918.909454,7017.02869,8515.527604,10358.72152,12585.24552,15144.28189,18115.71041,21601.30492,25671.45514,30194.68622,35187.73738,40643.77847,46593.46956,53088.6509,60173.13246,67873.16486
OECD ENV-Growth 2025,SSP1,1,Ghana,GHA,USD_2015/yr,GDP|PPP [per capita],ANNUAL,6145.071742,7285.150255,8840.907004,10754.5296,13066.12937,15722.94684,18807.91403,22426.69355,26652.36473,31348.42905,36532.26533,42196.78245,48373.812,55117.17505,62472.35556,70466.60718
OECD ENV-Growth 2025,SSP1,1,Ghana,GHA,USD_2017/yr,GDP|PPP [per capita],ANNUAL,5649.819835,6698.015603,8128.388706,9887.786047,12013.08625,14455.78191,17292.12126,20619.25123,24504.36142,28821.95419,33588.00775,38796.00246,44475.20452,50675.09736,57437.49925,64787.46736
OECD ENV-Growth 2025,SSP1,1,Greece,GRC,USD_2010/yr,GDP|PPP [per capita],ANNUAL,28434.57085,31918.87507,35194.50696,39040.10443,42964.00846,46671.16904,50383.29161,54159.96447,57962.95865,61558.27358,64868.2388,67868.9003,70627.14754,73204.26695,75630.98009,77902.16982
OECD ENV-Growth 2025,SSP1,1,Greece,GRC,USD_2015/yr,GDP|PPP [per capita],ANNUAL,32502.45322,36485.226,40229.47355,44625.22661,49110.48886,53348.00009,57591.18317,61908.1512,66255.20609,70364.87091,74148.36356,77578.30313,80731.14839,83676.95347,86450.83497,89046.94371
OECD ENV-Growth 2025,SSP1,1,Greece,GRC,USD_2017/yr,GDP|PPP [per capita],ANNUAL,34324.3557,38530.38004,42484.50879,47126.66275,51863.34325,56338.38524,60819.41701,65378.36968,69969.09572,74309.12495,78304.69866,81926.90111,85256.47693,88367.40707,91296.77658,94038.40839
OECD ENV-Growth 2025,SSP1,1,Grenada,GRD,USD_2010/yr,GDP|PPP [per capita],ANNUAL,12983.3636,14850.90891,17495.84523,20948.02328,25006.4233,29370.68677,34110.37865,39499.97273,45591.21926,52074.33733,58834.99867,65874.49967,73272.0726,81073.22317,89211.56256,97629.99498
OECD ENV-Growth 2025,SSP1,1,Grenada,GRD,USD_2015/yr,GDP|PPP [per capita],ANNUAL,14980.12843,17134.8912,20186.60315,24169.70584,28852.26387,33887.72535,39356.35392,45574.83581,52602.88017,60083.06361,67883.47482,76005.6096,84540.88566,93541.80723,102931.7753,112644.913
OECD ENV-Growth 2025,SSP1,1,Grenada,GRD,USD_2017/yr,GDP|PPP [per capita],ANNUAL,16030.03136,18335.81365,21601.40903,25863.67297,30874.41452,36262.79326,42114.69819,48769.01095,56289.62548,64294.06787,72641.18166,81332.56744,90466.05008,100097.8136,110145.8905,120539.7869
OECD ENV-Growth 2025,SSP1,1,Guam,GUM,USD_2017/yr,GDP|PPP [per capita],ANNUAL,38991.49671,47829.79953,56982.15215,66462.96967,75775.15169,84575.41035,92932.56546,101138.5057,109225.7947,117025.353,124566.043,132035.9318,139587.4172,147405.0721,155553.1885,164064.5941
OECD ENV-Growth 2025,SSP1,1,Guatemala,GTM,USD_2010/yr,GDP|PPP [per capita],ANNUAL,8664.850165,9848.02402,11484.48056,13638.35952,16295.08205,19342.23175,22764.21145,26588.98998,30783.07891,35210.32115,39887.12922,44739.20963,49720.46042,54880.11479,60234.61509,65776.10742
OECD ENV-Growth 2025,SSP1,1,Guatemala,GTM,USD_2015/yr,GDP|PPP [per capita],ANNUAL,9568.023608,10874.5246,12681.55583,15059.94257,17993.58636,21358.35317,25137.02008,29360.47121,33991.72752,38880.43966,44044.73093,49402.5639,54903.03121,60600.49786,66513.12004,72632.22521
OECD ENV-Growth 2025,SSP1,1,Guatemala,GTM,USD_2017/yr,GDP|PPP [per capita],ANNUAL,9487.813632,10783.36206,12575.24471,14933.69312,17842.74381,21179.30334,24926.2932,29114.3386,33706.77048,38554.49991,43675.49826,48988.41583,54442.77202,60092.47607,65955.53197,72023.3399
OECD ENV-Growth 2025,SSP1,1,Guinea,GIN,USD_2010/yr,GDP|PPP [per capita],ANNUAL,2686.135009,3237.754321,4139.486962,5381.944423,7003.638187,8986.881522,11345.70078,14156.73916,17486.66617,21313.3528,25685.55079,30536.55474,35901.49102,41801.30236,48303.20421,55454.80657
OECD ENV-Growth 2025,SSP1,1,Guinea,GIN,USD_2015/yr,GDP|PPP [per capita],ANNUAL,2647.601526,3191.307679,4080.104671,5304.738675,6903.168712,8857.961775,11182.943,13953.65612,17235.81424,21007.60581,25317.08318,30098.4979,35386.47242,41201.64904,47610.27899,54659.28927
OECD ENV-Growth 2025,SSP1,1,Guinea,GIN,USD_2017/yr,GDP|PPP [per capita],ANNUAL,3038.438969,3662.406717,4682.40742,6087.821204,7922.210581,10165.56909,12833.76273,16013.48696,19780.15541,24108.73672,29054.37672,34541.62117,40610.2035,47283.81322,54638.4815,62728.06271
OECD ENV-Growth 2025,SSP1,1,Guinea-Bissau,GNB,USD_2010/yr,GDP|PPP [per capita],ANNUAL,1765.962229,2055.627854,2461.120759,3001.50952,3716.965139,4615.254797,5727.03872,7100.609533,8772.592232,10761.8619,13087.21101,15754.3207,18767.78749,22170.00212,26007.92043,30331.30018
OECD ENV-Growth 2025,SSP1,1,Guinea-Bissau,GNB,USD_2015/yr,GDP|PPP [per capita],ANNUAL,2136.415583,2486.845589,2977.400454,3631.148847,4496.688613,5583.416284,6928.423816,8590.134379,10612.85595,13019.42312,15832.57053,19059.17108,22704.78553,26820.69709,31463.71173,36694.0251
OECD ENV-Growth 2025,SSP1,1,Guinea-Bissau,GNB,USD_2017/yr,GDP|PPP [per capita],ANNUAL,2432.072965,2830.998787,3389.441271,4133.661547,5118.982886,6356.102205,7887.244593,9778.91837,12081.56327,14821.17395,18023.63129,21696.75932,25846.88836,30532.39867,35817.95756,41772.09113
OECD ENV-Growth 2025,SSP1,1,Guyana,GUY,USD_2010/yr,GDP|PPP [per capita],ANNUAL,63082.16054,130760.8294,207594.0254,278360.1271,314564.7405,315512.292,297869.5549,275692.2145,255148.0091,237882.004,223645.684,211866.2233,202329.8509,194795.0451,188950.6201,184464.4991
OECD ENV-Growth 2025,SSP1,1,Guyana,GUY,USD_2015/yr,GDP|PPP [per capita],ANNUAL,73301.78414,151944.7338,241225.2895,323455.8514,365525.7922,366626.8518,346125.9035,320355.7238,296483.255,276420.0711,259877.3966,246189.6047,235108.2926,226352.8107,219561.5599,214348.665
OECD ENV-Growth 2025,SSP1,1,Guyana,GUY,USD_2017/yr,GDP|PPP [per capita],ANNUAL,73717.10632,152805.6408,242592.0531,325288.527,367596.8327,368704.1308,348087.0258,322170.8342,298163.1059,277986.2457,261349.8416,247584.4957,236440.3978,227635.308,220805.5785,215563.1477
OECD ENV-Growth 2025,SSP1,1,Haiti,HTI,USD_2010/yr,GDP|PPP [per capita],ANNUAL,2493.960253,2650.281847,3240.894795,4200.064637,5641.216048,7601.759707,10184.03842,13549.93309,17845.43064,23033.97755,29177.19902,36269.93721,44336.34821,53458.90451,63714.20076,75106.84974
OECD ENV-Growth 2025,SSP1,1,Haiti,HTI,USD_2015/yr,GDP|PPP [per capita],ANNUAL,2546.020739,2705.605488,3308.54726,4287.739413,5758.97432,7760.443594,10396.62641,13832.78287,18217.94732,23514.8032,29786.26213,37027.05857,45261.85288,54574.83912,65044.21084,76674.6771
OECD ENV-Growth 2025,SSP1,1,Haiti,HTI,USD_2017/yr,GDP|PPP [per capita],ANNUAL,2724.966569,2895.767654,3541.086895,4589.101093,6163.74103,8305.882599,11127.34824,14805.01328,19498.38689,25167.52971,31879.77508,39629.48737,48443.0602,58410.60515,69615.81157,82063.7195
OECD ENV-Growth 2025,SSP1,1,Honduras,HND,USD_2010/yr,GDP|PPP [per capita],ANNUAL,4694.200725,5345.615481,6348.094484,7854.62386,9929.749087,12519.73966,15639.15463,19350.69467,23702.79463,28695.35632,34246.91076,40201.32794,46476.7011,53068.04712,59964.19523,67147.04261
OECD ENV-Growth 2025,SSP1,1,Honduras,HND,USD_2015/yr,GDP|PPP [per capita],ANNUAL,5519.643123,6285.604613,7464.362543,9235.804584,11675.82608,14721.2484,18389.1907,22753.37912,27870.76545,33741.23423,40268.99073,47270.45057,54649.30424,62399.69241,70508.47998,78954.38088
OECD ENV-Growth 2025,SSP1,1,Honduras,HND,USD_2017/yr,GDP|PPP [per capita],ANNUAL,6045.558334,6884.501136,8175.571894,10115.79809,12788.30644,16123.89859,20141.32483,24921.33598,30526.31022,36956.12112,44105.84653,51774.41005,59856.32573,68345.17596,77226.57412,86477.20598
OECD ENV-Growth 2025,SSP1,1,Hong Kong,HKG,USD_2010/yr,GDP|PPP [per capita],ANNUAL,60348.37768,67852.81489,73099.40877,75306.68974,75663.87839,75015.5611,74255.14456,73920.92738,74336.88607,75125.52816,76118.12311,77068.03679,78073.48923,79269.37917,80740.19187,82481.303
OECD ENV-Growth 2025,SSP1,1,Hong Kong,HKG,USD_2015/yr,GDP|PPP [per capita],ANNUAL,62123.12239,69848.25253,75249.13995,77521.33335,77889.02632,77221.6431,76438.86398,76094.81804,76523.00938,77334.84412,78356.62962,79334.47867,80369.49978,81600.55884,83114.62567,84906.93996
OECD ENV-Growth 2025,SSP1,1,Hong Kong,HKG,USD_2017/yr,GDP|PPP [per capita],ANNUAL,63014.65371,70850.64749,76329.04325,78633.84499,79006.81473,78329.85387,77535.84106,77186.8577,77621.19403,78444.67944,79481.12863,80473.01083,81522.88556,82771.6116,84307.40687,86125.44273
OECD ENV-Growth 2025,SSP1,1,Hungary,HUN,USD_2010/yr,GDP|PPP [per capita],ANNUAL,33014.34383,38248.45891,43436.36404,48336.83486,52681.24073,56384.92878,59678.40721,62871.4023,66112.82059,69299.3101,72287.53023,74955.96019,77269.49666,79273.79757,81024.03823,82536.18173
OECD ENV-Growth 2025,SSP1,1,Hungary,HUN,USD_2015/yr,GDP|PPP [per capita],ANNUAL,36183.92955,41920.55276,47606.52958,52977.47658,57738.97288,61798.23838,65407.91157,68907.45438,72460.06931,75952.48196,79227.59011,82152.20621,84687.85681,86884.58327,88802.8581,90460.17694
OECD ENV-Growth 2025,SSP1,1,Hungary,HUN,USD_2017/yr,GDP|PPP [per capita],ANNUAL,37162.45412,43054.21325,48893.95635,54410.15024,59300.41203,63469.45254,67176.74237,70770.92356,74419.61212,78006.47033,81370.14746,84373.85417,86978.07654,89234.20924,91204.36011,92906.49794
OECD ENV-Growth 2025,SSP1,1,Iceland,ISL,USD_2010/yr,GDP|PPP [per capita],ANNUAL,51732.92282,57618.60566,64159.45362,71135.01665,77635.64595,82888.08194,87304.22491,91431.31511,95499.59085,99303.77736,102735.1575,105789.6544,108587.076,111211.5485,113552.8157,115424.1232
OECD ENV-Growth 2025,SSP1,1,Iceland,ISL,USD_2015/yr,GDP|PPP [per capita],ANNUAL,58245.36359,64871.97037,72236.21826,80089.90567,87408.87194,93322.51507,98294.58777,102941.2201,107521.634,111804.7136,115668.0558,119107.0705,122256.6477,125211.5041,127847.5036,129954.3822
OECD ENV-Growth 2025,SSP1,1,Iceland,ISL,USD_2017/yr,GDP|PPP [per capita],ANNUAL,61728.1262,68750.96878,76555.55948,84878.85558,92635.45706,98902.70457,104172.0807,109096.5569,113950.8552,118490.0401,122584.3896,126229.0391,129566.9443,132698.4854,135492.1036,137724.9623
OECD ENV-Growth 2025,SSP1,1,India,IND,USD_2010/yr,GDP|PPP [per capita],ANNUAL,8054.975955,10371.24007,13076.30426,16295.34338,19950.64287,23855.66738,28021.65727,32541.3174,37429.5253,42516.7417,47785.95205,53117.04038,58482.84692,63889.00018,69335.7378,74813.84376
OECD ENV-Growth 2025,SSP1,1,India,IND,USD_2015/yr,GDP|PPP [per capita],ANNUAL,8199.895515,10557.83225,13311.56409,16588.51794,20309.58105,24284.86206,28525.80355,33126.77829,38102.93144,43281.67353,48645.68387,54072.68545,59535.02988,65038.44691,70583.17847,76159.84272
OECD ENV-Growth 2025,SSP1,1,India,IND,USD_2017/yr,GDP|PPP [per capita],ANNUAL,8172.770091,10522.90673,13267.52916,16533.64277,20242.39653,24204.52723,28431.43961,33017.19422,37976.88616,43138.49686,48484.76294,53893.81189,59338.08677,64823.29838,70349.68785,75907.90438
OECD ENV-Growth 2025,SSP1,1,Indonesia,IDN,USD_2010/yr,GDP|PPP [per capita],ANNUAL,14508.13303,17573.84524,21025.14939,25041.62637,29306.06294,33462.6098,37684.41694,42055.97179,46539.39374,51082.33605,55633.22352,60132.46295,64574.79932,68951.61428,73253.37064,77458.16968
OECD ENV-Growth 2025,SSP1,1,Indonesia,IDN,USD_2015/yr,GDP|PPP [per capita],ANNUAL,14268.95979,17284.13233,20678.54014,24628.80366,28822.93903,32910.96331,37063.17202,41362.65977,45772.17046,50240.22027,54716.08427,59141.15167,63510.25409,67814.91524,72045.75517,76181.23617
OECD ENV-Growth 2025,SSP1,1,Indonesia,IDN,USD_2017/yr,GDP|PPP [per capita],ANNUAL,14133.02832,17119.4772,20481.54861,24394.18043,28548.3609,32597.44112,36710.09433,40968.62355,45336.12758,49761.61307,54194.83831,58577.75086,62905.23157,67168.88491,71359.42027,75455.50512
OECD ENV-Growth 2025,SSP1,1,Iran,IRN,USD_2010/yr,GDP|PPP [per capita],ANNUAL,19746.99388,21170.11068,23120.64685,25000.34148,27074.60233,29258.63147,31632.58737,34459.28741,37773.81391,41255.23799,44821.78697,48496.74669,52316.79016,56292.93668,60388.71693,64567.6404
OECD ENV-Growth 2025,SSP1,1,Iran,IRN,USD_2015/yr,GDP|PPP [per capita],ANNUAL,16038.71443,17194.58475,18778.83058,20305.53817,21990.27447,23764.16572,25692.31747,27988.19273,30680.28573,33507.93469,36404.72298,39389.5636,42492.24276,45721.71044,49048.34589,52442.51113
OECD ENV-Growth 2025,SSP1,1,Iran,IRN,USD_2017/yr,GDP|PPP [per capita],ANNUAL,16250.34265,17421.46448,19026.61417,20573.46642,22280.43254,24077.73,26031.32339,28357.49235,31085.10708,33950.06641,36885.07734,39909.30244,43052.92094,46325.00093,49695.53079,53134.48148
OECD ENV-Growth 2025,SSP1,1,Iraq,IRQ,USD_2010/yr,GDP|PPP [per capita],ANNUAL,13393.80498,14268.36857,17398.7196,24188.98323,32316.44543,40793.66622,49469.58477,58524.57457,68036.09219,77789.42384,87661.63134,97497.22394,107357.2967,117396.9561,127736.3214,138577.8482
OECD ENV-Growth 2025,SSP1,1,Iraq,IRQ,USD_2015/yr,GDP|PPP [per capita],ANNUAL,9604.640771,10231.78661,12476.54806,17345.81732,23173.98601,29252.9651,35474.42951,41967.72431,48788.39326,55782.46604,62861.78418,69914.84594,76985.46234,84184.8595,91599.17451,99373.58746
OECD ENV-Growth 2025,SSP1,1,Iraq,IRQ,USD_2017/yr,GDP|PPP [per capita],ANNUAL,9469.501515,10087.82328,12301.00049,17101.75813,22847.92329,28841.36991,34975.29705,41377.22986,48101.93061,54997.59536,61977.30605,68931.12979,75902.26118,83000.36134,90310.35543,97975.3808
OECD ENV-Growth 2025,SSP1,1,Ireland,IRL,USD_2010/yr,GDP|PPP [per capita],ANNUAL,93914.73888,103171.4235,112109.081,123018.0021,136254.6412,150506.7638,164284.1728,177710.5799,190593.4804,201985.2898,211569.6133,219544.4909,226488.1359,232776.5353,238398.5433,243482.2482
OECD ENV-Growth 2025,SSP1,1,Ireland,IRL,USD_2015/yr,GDP|PPP [per capita],ANNUAL,114028.1008,125267.2544,136119.0559,149364.2991,165435.7787,182740.2242,199468.2885,215770.178,231412.1602,245243.7101,256880.6716,266563.4984,274994.2373,282629.3994,289455.4514,295627.914
OECD ENV-Growth 2025,SSP1,1,Ireland,IRL,USD_2017/yr,GDP|PPP [per capita],ANNUAL,116666.1559,128165.3288,139268.1882,152819.8618,169263.1572,186967.9433,204083.0136,220762.0494,236765.911,250917.4556,262823.6397,272730.48,281356.2652,289168.0677,296152.0414,302467.3047
OECD ENV-Growth 2025,SSP1,1,Israel,ISR,USD_2010/yr,GDP|PPP [per capita],ANNUAL,42090.95774,47174.97757,52709.28618,58731.72958,64652.59393,69787.9388,74875.42306,80248.10841,85906.3912,91556.08366,97052.1959,102313.1774,107409.6663,112450.3697,117490.3316,122525.0628
OECD ENV-Growth 2025,SSP1,1,Israel,ISR,USD_2015/yr,GDP|PPP [per capita],ANNUAL,46906.95252,52572.67956,58740.21684,65451.74069,72050.06294,77772.98755,83442.5754,89429.9967,95735.69314,102031.8163,108156.7869,114019.7233,119699.3461,125316.8005,130933.4285,136544.2274
OECD ENV-Growth 2025,SSP1,1,Israel,ISR,USD_2017/yr,GDP|PPP [per capita],ANNUAL,49218.13784,55163.02488,61634.44721,68676.65925,75600.09206,81604.9949,87553.93299,93836.36471,100452.7535,107059.0974,113485.8557,119637.669,125597.1364,131491.3723,137384.7412,143271.9936
OECD ENV-Growth 2025,SSP1,1,Italy,ITA,USD_2010/yr,GDP|PPP [per capita],ANNUAL,37454.35656,39794.53592,43034.75233,46763.37747,50837.58836,54837.01652,58866.94047,62964.42803,67169.08965,71254.0002,75052.25289,78528.77762,81792.01943,84906.30264,87921.0609,90793.12459
OECD ENV-Growth 2025,SSP1,1,Italy,ITA,USD_2015/yr,GDP|PPP [per capita],ANNUAL,41671.39307,44275.05638,47880.09312,52028.5292,56561.46099,61011.19016,65494.84868,70053.67789,74731.74804,79276.58417,83502.48725,87370.43859,91001.0932,94466.01775,97820.21171,101015.6449
OECD ENV-Growth 2025,SSP1,1,Italy,ITA,USD_2017/yr,GDP|PPP [per capita],ANNUAL,45451.99948,48291.87823,52223.97927,56748.77916,61692.95784,66546.38541,71436.82054,76409.24616,81511.73078,86468.89382,91078.18885,95297.05721,99257.10029,103036.3776,106694.8783,110180.2148
OECD ENV-Growth 2025,SSP1,1,Jamaica,JAM,USD_2010/yr,GDP|PPP [per capita],ANNUAL,8865.992983,9526.993396,10577.22332,12306.65543,14720.98988,17648.39945,21091.97626,25152.95918,29845.50276,35097.91509,40864.87725,47029.08498,53566.40265,60432.73353,67581.49992,75023.11577
OECD ENV-Growth 2025,SSP1,1,Jamaica,JAM,USD_2015/yr,GDP|PPP [per capita],ANNUAL,9860.904101,10596.0797,11764.1628,13687.6658,16372.92853,19628.8419,23458.84501,27975.53741,33194.66202,39036.48192,45450.59267,52306.5265,59577.43939,67214.28621,75165.26248,83441.95076
OECD ENV-Growth 2025,SSP1,1,Jamaica,JAM,USD_2017/yr,GDP|PPP [per capita],ANNUAL,10645.31476,11438.97177,12699.97301,14776.48595,17675.35472,21190.26799,25324.93842,30200.92259,35835.21573,42141.73803,49066.07551,56467.38201,64316.67814,72561.01733,81144.4742,90079.55268
OECD ENV-Growth 2025,SSP1,1,Japan,JPN,USD_2010/yr,GDP|PPP [per capita],ANNUAL,41068.04191,43790.08595,47626.69147,52189.64779,57453.70296,62791.46189,67902.13128,72815.10057,77715.98343,82623.85212,87512.46068,92309.91976,96942.38626,101349.4166,105505.2942,109470.1938
OECD ENV-Growth 2025,SSP1,1,Japan,JPN,USD_2015/yr,GDP|PPP [per capita],ANNUAL,44790.08873,47758.83495,51943.15671,56919.65934,62660.80226,68482.32881,74056.18441,79414.42211,84759.47797,90112.1528,95443.82193,100676.0806,105728.3932,110534.8381,115067.3679,119391.6112
OECD ENV-Growth 2025,SSP1,1,Japan,JPN,USD_2017/yr,GDP|PPP [per capita],ANNUAL,44246.34539,47179.05158,51312.57646,56228.66527,61900.11179,67650.96609,73157.15611,78450.34581,83730.51369,89018.20804,94285.1517,99453.89171,104444.8702,109192.9658,113670.4715,117942.2193
OECD ENV-Growth 2025,SSP1,1,Jordan,JOR,USD_2010/yr,GDP|PPP [per capita],ANNUAL,8019.131542,8619.924823,9597.943055,11091.64174,13057.50464,15403.76899,18098.03795,21172.49883,24556.16127,28165.74992,31946.4531,35916.58301,40101.91216,44501.18617,49102.37045,53901.42154
OECD ENV-Growth 2025,SSP1,1,Jordan,JOR,USD_2015/yr,GDP|PPP [per capita],ANNUAL,8944.548097,9614.673581,10705.55619,12371.62934,14564.35497,17181.38079,20186.57134,23615.82837,27389.96916,31416.10828,35633.10875,40061.39599,44729.71671,49636.67175,54768.83774,60121.70457
OECD ENV-Growth 2025,SSP1,1,Jordan,JOR,USD_2017/yr,GDP|PPP [per capita],ANNUAL,9597.267883,10316.29513,11486.78384,13274.43708,15627.17475,18435.17551,21659.66694,25339.17071,29388.72579,33708.66854,38233.40055,42984.83779,47993.82473,53258.86009,58765.54094,64509.02808
OECD ENV-Growth 2025,SSP1,1,Kazakhstan,KAZ,USD_2010/yr,GDP|PPP [per capita],ANNUAL,27142.14185,30112.96008,34004.51489,38012.9482,41819.58135,45335.67103,49038.36442,53332.79853,58314.25229,63730.271,69359.99702,75205.08986,81410.09487,88072.23754,95234.66188,102903.0325
OECD ENV-Growth 2025,SSP1,1,Kazakhstan,KAZ,USD_2015/yr,GDP|PPP [per capita],ANNUAL,28008.92887,31074.62048,35090.45249,39226.89551,43155.09388,46783.47024,50604.40951,55035.98681,60176.52379,65765.50361,71575.01549,77606.77196,84009.93442,90884.83329,98275.99038,106189.2512
OECD ENV-Growth 2025,SSP1,1,Kazakhstan,KAZ,USD_2017/yr,GDP|PPP [per capita],ANNUAL,29409.52825,32628.52118,36845.1667,41188.45447,45313.08421,49122.89919,53134.90628,57788.08664,63185.67855,69054.13787,75154.15706,81487.53429,88210.88984,95429.57119,103190.3265,111499.2935
OECD ENV-Growth 2025,SSP1,1,Kenya,KEN,USD_2010/yr,GDP|PPP [per capita],ANNUAL,3816.449382,4551.099961,5495.043347,6688.584987,8178.472285,9917.598299,11942.91888,14297.22258,17026.31417,20074.95499,23446.61195,27122.2381,31113.16322,35436.19131,40145.68903,45278.97089
OECD ENV-Growth 2025,SSP1,1,Kenya,KEN,USD_2015/yr,GDP|PPP [per capita],ANNUAL,4882.220903,5822.028051,7029.574561,8556.42147,10462.37074,12687.16046,15278.0667,18289.82699,21781.03745,25681.03361,29994.25054,34696.3223,39801.74257,45332.008,51356.66755,57923.45606
OECD ENV-Growth 2025,SSP1,1,Kenya,KEN,USD_2017/yr,GDP|PPP [per capita],ANNUAL,5402.384048,6442.320431,7778.521749,9468.042471,11577.056,14038.87999,16905.82738,20238.46761,24101.63973,28417.15053,33189.90761,38392.949,44042.31259,50161.78534,56828.3261,64094.7555
OECD ENV-Growth 2025,SSP1,1,Kiribati,KIR,USD_2010/yr,GDP|PPP [per capita],ANNUAL,1654.545814,1789.609677,2268.577758,3139.637488,4540.750447,6555.00001,9393.322097,13422.61829,18993.88853,26360.85287,35720.52049,47189.66911,61029.46382,77632.40828,97337.97157,120281.6791
OECD ENV-Growth 2025,SSP1,1,Kiribati,KIR,USD_2015/yr,GDP|PPP [per capita],ANNUAL,1804.478125,1951.78126,2474.152667,3424.146445,4952.226032,7149.003688,10244.53001,14638.95462,20715.08451,28749.63145,38957.45726,51465.92189,66559.85679,84667.33368,106158.5838,131181.4136
OECD ENV-Growth 2025,SSP1,1,Kiribati,KIR,USD_2017/yr,GDP|PPP [per capita],ANNUAL,1858.88777,2010.632473,2548.754718,3527.393245,5101.548352,7364.564491,10553.42887,15080.35666,21339.69745,29616.50659,40132.12455,53017.75148,68566.80724,87220.27102,109359.5374,135136.8697
OECD ENV-Growth 2025,SSP1,1,Kosovo,XKX,USD_2010/yr,GDP|PPP [per capita],ANNUAL,13171.62661,15304.1081,17513.94733,19772.90839,22012.23818,24137.12307,26254.84399,28439.18189,30797.60179,33346.7363,35999.04998,38755.21349,41637.05514,44705.82161,47981.53509,51516.20656
OECD ENV-Growth 2025,SSP1,1,Kosovo,XKX,USD_2015/yr,GDP|PPP [per capita],ANNUAL,13770.8329,16000.32567,18310.69535,20672.42153,23013.62335,25235.17394,27449.23464,29732.94289,32198.6525,34863.75275,37636.72602,40518.27347,43531.21644,46739.58786,50164.32076,53859.79221
OECD ENV-Growth 2025,SSP1,1,Kosovo,XKX,USD_2017/yr,GDP|PPP [per capita],ANNUAL,13900.44061,16150.91682,18483.03113,20866.9853,23230.22194,25472.68122,27707.58012,30012.78207,32501.69833,35191.88185,37990.95368,40899.62155,43940.9216,47179.48942,50636.45507,54366.70739
OECD ENV-Growth 2025,SSP1,1,Kuwait,KWT,USD_2010/yr,GDP|PPP [per capita],ANNUAL,59625.71066,64553.48576,71191.03737,78011.20195,84499.67357,91079.00977,97966.17671,105500.2369,113167.8733,120128.7836,127146.2389,134039.0624,140860.3345,147790.6314,154992.0697,162638.729
OECD ENV-Growth 2025,SSP1,1,Kuwait,KWT,USD_2015/yr,GDP|PPP [per capita],ANNUAL,41040.79478,44432.61694,49001.29026,53695.65736,58161.71788,62690.32113,67430.80643,72616.55289,77894.24083,82685.48416,87515.64787,92260.02662,96955.15606,101725.328,106682.1285,111945.3777
OECD ENV-Growth 2025,SSP1,1,Kuwait,KWT,USD_2017/yr,GDP|PPP [per capita],ANNUAL,47704.27038,51646.7964,56957.24978,62413.80487,67604.985,72868.86244,78379.02358,84406.73948,90541.32468,96110.48505,101724.885,107239.5717,112697.0129,118241.6807,124003.2784,130121.0806
OECD ENV-Growth 2025,SSP1,1,Kyrgyzstan,KGZ,USD_2010/yr,GDP|PPP [per capita],ANNUAL,4266.896984,4907.567692,5800.3192,6929.900014,8274.127953,9804.561482,11561.91027,13597.68317,15923.0784,18492.69417,21270.41325,24261.816,27500.05386,31036.88986,34863.78826,38968.83748
OECD ENV-Growth 2025,SSP1,1,Kyrgyzstan,KGZ,USD_2015/yr,GDP|PPP [per capita],ANNUAL,5022.433503,5776.547333,6827.377737,8156.972651,9739.222107,11540.64845,13609.16978,16005.41559,18742.56696,21767.18283,25036.75071,28557.8391,32369.46951,36532.57064,41037.0953,45869.02278
OECD ENV-Growth 2025,SSP1,1,Kyrgyzstan,KGZ,USD_2017/yr,GDP|PPP [per capita],ANNUAL,5725.756845,6585.474037,7783.458913,9299.245468,11103.06739,13156.75893,15514.94848,18246.75585,21367.20795,24815.38003,28542.80633,32556.97515,36902.37243,41648.45911,46783.78104,52292.35409
OECD ENV-Growth 2025,SSP1,1,Laos,LAO,USD_2010/yr,GDP|PPP [per capita],ANNUAL,6808.758339,8126.082752,9946.624384,12198.16272,14941.03627,18110.14871,21709.3548,25808.74183,30448.22367,35423.31235,40737.89158,46279.21839,52075.48601,58144.98187,64512.79271,71187.60803
OECD ENV-Growth 2025,SSP1,1,Laos,LAO,USD_2015/yr,GDP|PPP [per capita],ANNUAL,7966.17872,9507.435023,11637.45041,14271.7276,17480.86204,21188.6917,25399.72659,30195.96816,35624.1152,41444.91888,47662.92309,54146.21967,60927.79444,68029.04351,75479.31809,83288.78482
OECD ENV-Growth 2025,SSP1,1,Laos,LAO,USD_2017/yr,GDP|PPP [per capita],ANNUAL,8450.914739,10085.95534,12345.58056,15140.15155,18544.55942,22478.00774,26945.28096,32033.37024,37791.81598,43966.8112,50563.17632,57440.97665,64635.20517,72168.55993,80072.17815,88356.8451
OECD ENV-Growth 2025,SSP1,1,Latvia,LVA,USD_2010/yr,GDP|PPP [per capita],ANNUAL,29519.10965,34134.2456,38807.28245,43677.31497,48507.86281,53347.50259,58058.36308,63044.26699,68337.53432,73694.80329,78887.22664,83866.226,88670.10936,93361.71741,97954.10199,102414.3766
OECD ENV-Growth 2025,SSP1,1,Latvia,LVA,USD_2015/yr,GDP|PPP [per capita],ANNUAL,33103.69878,38279.26376,43519.76072,48981.17509,54398.31004,59825.64099,65108.55462,70699.91096,76635.95475,82643.77207,88466.72611,94050.33946,99437.57199,104698.8953,109848.9461,114850.8446
OECD ENV-Growth 2025,SSP1,1,Latvia,LVA,USD_2017/yr,GDP|PPP [per capita],ANNUAL,35298.4129,40817.10829,46405.04051,52228.53658,58004.81758,63791.97055,69425.1316,75387.18455,81716.77708,88122.9016,94331.90674,100285.7034,106030.0995,111640.2388,117131.7285,122465.2435
OECD ENV-Growth 2025,SSP1,1,Lebanon,LBN,USD_2010/yr,GDP|PPP [per capita],ANNUAL,9052.142032,9725.082702,10739.96022,12271.91914,14339.59121,16803.75449,19636.94054,22833.85732,26370.50142,30141.51957,34073.50716,38135.55344,42397.31603,46883.69339,51555.39438,56438.38815
OECD ENV-Growth 2025,SSP1,1,Lebanon,LBN,USD_2015/yr,GDP|PPP [per capita],ANNUAL,10868.79424,11676.78573,12895.33653,14734.74053,17217.36864,20176.05882,23577.83004,27416.32822,31662.73276,36190.5473,40911.63585,45788.88424,50905.92953,56292.66698,61901.9202,67764.87003
OECD ENV-Growth 2025,SSP1,1,Lebanon,LBN,USD_2017/yr,GDP|PPP [per capita],ANNUAL,11725.32957,12596.99631,13911.57725,15895.93886,18574.21505,21766.07025,25435.92431,29576.9224,34157.97266,39042.60995,44135.75257,49397.3615,54917.66495,60728.91416,66780.21489,73105.20527
OECD ENV-Growth 2025,SSP1,1,Lesotho,LSO,USD_2010/yr,GDP|PPP [per capita],ANNUAL,2262.248967,2434.31456,2861.782084,3437.267418,4165.836864,5033.906216,6078.630258,7356.515401,8916.966993,10768.44798,12912.39132,15349.94106,18114.66723,21256.29307,24824.01419,28860.8928
OECD ENV-Growth 2025,SSP1,1,Lesotho,LSO,USD_2015/yr,GDP|PPP [per capita],ANNUAL,2790.054849,3002.265109,3529.465189,4239.217153,5137.769321,6208.368155,7496.837028,9072.865879,10997.38683,13280.83731,15924.98462,18931.23971,22341.00485,26215.60421,30615.71125,35594.43503
OECD ENV-Growth 2025,SSP1,1,Lesotho,LSO,USD_2017/yr,GDP|PPP [per capita],ANNUAL,2522.26132,2714.10333,3190.701979,3832.330915,4644.638737,5612.479935,6777.279689,8202.038995,9941.84162,12006.1232,14396.4814,17114.19175,20196.68266,23699.39233,27677.17069,32178.0293
OECD ENV-Growth 2025,SSP1,1,Liberia,LBR,USD_2010/yr,GDP|PPP [per capita],ANNUAL,1098.755281,1357.377693,1665.728648,2073.492314,2621.858186,3319.907962,4189.608569,5269.396195,6582.149655,8147.250412,9999.816683,12153.47393,14615.17931,17414.06615,20579.64269,24147.3619
OECD ENV-Growth 2025,SSP1,1,Liberia,LBR,USD_2015/yr,GDP|PPP [per capita],ANNUAL,1237.021381,1528.188539,1875.342024,2334.418201,2951.789804,3737.68136,4716.824091,5932.490949,7410.439794,9172.491029,11258.18211,13682.85311,16454.33666,19605.43219,23169.36125,27186.03813
OECD ENV-Growth 2025,SSP1,1,Liberia,LBR,USD_2017/yr,GDP|PPP [per capita],ANNUAL,1572.850028,1943.063736,2384.463033,2968.169983,3753.146668,4752.393386,5997.355433,7543.053576,9422.238461,11662.65433,14314.57233,17397.49709,20921.38766,24927.94792,29459.41843,34566.54952
OECD ENV-Growth 2025,SSP1,1,Libya,LBY,USD_2010/yr,GDP|PPP [per capita],ANNUAL,21423.71941,23294.78805,24228.42644,27357.94446,32530.71795,39371.19196,47717.08601,57380.64302,68067.90993,79400.06427,91291.8609,103716.4013,116681.1873,130263.8433,144480.9018,159477.6287
OECD ENV-Growth 2025,SSP1,1,Libya,LBY,USD_2015/yr,GDP|PPP [per capita],ANNUAL,25790.04249,28042.44969,29166.37095,32933.70944,39160.73499,47395.35158,57442.2047,69075.27089,81940.68714,95582.42396,109897.8626,124854.6224,140461.7341,156812.6426,173927.2497,191980.4279
OECD ENV-Growth 2025,SSP1,1,Libya,LBY,USD_2017/yr,GDP|PPP [per capita],ANNUAL,22226.24234,24167.40037,25136.01244,28382.7608,33749.30407,40846.01918,49504.54668,59530.0962,70617.70335,82374.35511,94711.61311,107601.5712,121052.0123,135143.4686,149893.0916,165451.5892
OECD ENV-Growth 2025,SSP1,1,Lithuania,LTU,USD_2010/yr,GDP|PPP [per capita],ANNUAL,36380.63803,43597.33682,49297.47003,54727.41117,59830.79495,63918.38759,67519.26201,71010.47816,74429.06938,77700.6564,80547.10235,82933.08424,84950.06859,86724.19119,88314.99108,89706.69884
OECD ENV-Growth 2025,SSP1,1,Lithuania,LTU,USD_2015/yr,GDP|PPP [per capita],ANNUAL,40645.5429,48708.25581,55076.61607,61143.1096,66844.76343,71411.54486,75434.55006,79335.04173,83154.39466,86809.51005,89989.64508,92655.33579,94908.77137,96890.8745,98668.16397,100223.0217
OECD ENV-Growth 2025,SSP1,1,Lithuania,LTU,USD_2017/yr,GDP|PPP [per capita],ANNUAL,43343.41012,51941.28943,58732.35262,65201.51255,71281.61636,76151.52008,80441.55416,84600.94282,88673.8071,92571.53252,95962.75052,98805.37773,101208.3862,103322.0523,105217.3102,106875.3724
OECD ENV-Growth 2025,SSP1,1,Luxembourg,LUX,USD_2010/yr,GDP|PPP [per capita],ANNUAL,95908.15101,106647.9141,111867.5671,114394.2932,114863.9453,114863.5889,114995.7601,115602.5261,116932.5036,118450.2656,119890.7449,121136.8843,122284.9652,123486.4901,124808.4578,126181.9039
OECD ENV-Growth 2025,SSP1,1,Luxembourg,LUX,USD_2015/yr,GDP|PPP [per capita],ANNUAL,116068.1084,129065.377,135382.2045,138440.0501,139008.4234,139007.9921,139167.9457,139902.2544,141511.794,143348.5906,145091.8596,146599.9383,147989.3466,149443.4329,151043.279,152705.4245
OECD ENV-Growth 2025,SSP1,1,Luxembourg,LUX,USD_2017/yr,GDP|PPP [per capita],ANNUAL,121800.6563,135439.8537,142068.6663,145277.5374,145873.9823,145873.5298,146041.3834,146811.9592,148500.9932,150428.5084,152257.8765,153840.4386,155298.469,156824.3719,158503.2337,160247.4717
OECD ENV-Growth 2025,SSP1,1,Macao,MAC,USD_2010/yr,GDP|PPP [per capita],ANNUAL,99903.45468,117497.9965,136042.2039,153308.4934,167194.9332,176603.3319,183294.256,188721.216,193805.0015,197034.5185,198270.5373,197646.6256,195824.831,193338.7092,190306.8787,186525.3898
OECD ENV-Growth 2025,SSP1,1,Macao,MAC,USD_2015/yr,GDP|PPP [per capita],ANNUAL,115365.4411,135683.0776,157097.3587,177035.9396,193071.5738,203936.1036,211662.5773,217929.4639,223800.0633,227529.4104,228956.7269,228236.2529,226132.5004,223261.6033,219760.5386,215393.7913
OECD ENV-Growth 2025,SSP1,1,Macao,MAC,USD_2017/yr,GDP|PPP [per capita],ANNUAL,118446.3491,139306.5811,161292.7443,181763.7977,198227.6738,209382.3479,217315.162,223749.4098,229776.7873,233605.729,235071.1629,234331.4482,232171.5136,229223.9474,225629.3845,221146.0205
OECD ENV-Growth 2025,SSP1,1,Madagascar,MDG,USD_2010/yr,GDP|PPP [per capita],ANNUAL,1603.179755,1850.435166,2259.231789,2824.925228,3585.932109,4551.318988,5759.687067,7271.805008,9144.607532,11400.75086,14076.33634,17154.06671,20649.36934,24608.64949,29083.05574,34129.22892
OECD ENV-Growth 2025,SSP1,1,Madagascar,MDG,USD_2015/yr,GDP|PPP [per capita],ANNUAL,1622.414096,1872.635984,2286.337194,2858.817607,3628.954759,4605.923983,5828.789603,7359.049361,9254.321058,11537.53274,14245.21887,17359.87469,20897.11262,24903.89471,29431.98319,34538.69844
OECD ENV-Growth 2025,SSP1,1,Madagascar,MDG,USD_2017/yr,GDP|PPP [per capita],ANNUAL,1622.329735,1872.538612,2286.21831,2858.668957,3628.766063,4605.684487,5828.486522,7358.66671,9253.839858,11536.93282,14244.47816,17358.97202,20896.02603,24902.59978,29430.45281,34536.90252
OECD ENV-Growth 2025,SSP1,1,Malawi,MWI,USD_2010/yr,GDP|PPP [per capita],ANNUAL,1598.857571,1791.71616,2137.731752,2729.571471,3578.962969,4684.759892,6062.928244,7758.486201,9805.88539,12213.64213,15031.83776,18285.46042,22021.61958,26260.39344,31031.57962,36364.41897
OECD ENV-Growth 2025,SSP1,1,Malawi,MWI,USD_2015/yr,GDP|PPP [per capita],ANNUAL,1508.036003,1689.939445,2016.299954,2574.520786,3375.663416,4418.646607,5718.529431,7317.772847,9248.871492,11519.85792,14177.96866,17246.77241,20770.70264,24768.69702,29268.86055,34298.77309
OECD ENV-Growth 2025,SSP1,1,Malawi,MWI,USD_2017/yr,GDP|PPP [per capita],ANNUAL,1528.313669,1712.663058,2043.411943,2609.13884,3421.05396,4478.061528,5795.423104,7416.170598,9373.235582,11674.75862,14368.6114,17478.67953,21049.99396,25101.747,29662.42156,34759.96835
OECD ENV-Growth 2025,SSP1,1,Malaysia,MYS,USD_2010/yr,GDP|PPP [per capita],ANNUAL,31776.55676,37162.54936,42699.01403,47539.51587,51688.28569,55326.0853,58741.43872,62276.90243,66068.70209,69958.5466,73902.23144,77912.55933,82034.87523,86324.60492,90812.23116,95458.93912
OECD ENV-Growth 2025,SSP1,1,Malaysia,MYS,USD_2015/yr,GDP|PPP [per capita],ANNUAL,31411.31728,36735.40333,42208.23191,46993.09707,51094.18096,54690.16774,58066.26512,61561.09223,65309.30898,69154.44365,73052.79981,77017.03302,81091.96706,85332.39063,89768.43613,94361.73487
OECD ENV-Growth 2025,SSP1,1,Malaysia,MYS,USD_2017/yr,GDP|PPP [per capita],ANNUAL,31396.84334,36718.47611,42188.78288,46971.44323,51070.6374,54664.96719,58039.5089,61532.72565,65279.21526,69122.57814,73019.13799,76981.54453,81054.60089,85293.07053,89727.07195,94318.25415
OECD ENV-Growth 2025,SSP1,1,Maldives,MDV,USD_2010/yr,GDP|PPP [per capita],ANNUAL,19150.65408,23490.37101,27975.74604,32342.93695,36235.99255,39580.89468,42703.32941,45978.96117,49553.70183,52824.31233,55857.14936,58584.60746,61203.73752,63844.20942,66580.58115,69220.61888
OECD ENV-Growth 2025,SSP1,1,Maldives,MDV,USD_2015/yr,GDP|PPP [per capita],ANNUAL,23828.60014,29228.38331,34809.40459,40243.37283,45087.38834,49249.35246,53134.5069,57210.27993,61658.22543,65727.75066,69501.42129,72895.11784,76154.02495,79439.4871,82844.27461,86129.19654
OECD ENV-Growth 2025,SSP1,1,Maldives,MDV,USD_2017/yr,GDP|PPP [per capita],ANNUAL,24560.40188,30126.01814,35878.43855,41479.28975,46472.07014,50761.85262,54766.32429,58967.26867,63551.81532,67746.32001,71635.88409,75133.80469,78492.79631,81879.15851,85388.51068,88774.31606
OECD ENV-Growth 2025,SSP1,1,Mali,MLI,USD_2010/yr,GDP|PPP [per capita],ANNUAL,1956.78918,2256.137929,2809.735085,3567.396407,4566.404465,5819.75147,7348.759161,9211.323642,11426.60564,14015.1797,17000.90743,20387.7632,24212.57165,28527.57482,33419.45966,38901.14569
OECD ENV-Growth 2025,SSP1,1,Mali,MLI,USD_2015/yr,GDP|PPP [per capita],ANNUAL,2166.297347,2497.696564,3110.565882,3949.347968,5055.317139,6442.856645,8135.571088,10197.55535,12650.02164,15515.74739,18821.14898,22570.6263,26804.94673,31581.94572,36997.59154,43066.18698
OECD ENV-Growth 2025,SSP1,1,Mali,MLI,USD_2017/yr,GDP|PPP [per capita],ANNUAL,2280.361005,2629.20963,3274.348809,4157.29591,5321.498494,6782.097144,8563.939333,10734.49478,13316.0926,16332.70952,19812.15286,23759.05419,28216.32743,33244.85328,38945.65311,45333.7828
OECD ENV-Growth 2025,SSP1,1,Malta,MLT,USD_2010/yr,GDP|PPP [per capita],ANNUAL,47707.73656,56391.52179,65218.22046,72513.61832,78420.91895,82955.14449,86939.11586,91017.69513,95088.68763,99419.15848,103744.2788,108043.3257,112345.1961,116820.631,121612.7363,126700.0247
OECD ENV-Growth 2025,SSP1,1,Malta,MLT,USD_2015/yr,GDP|PPP [per capita],ANNUAL,51963.42115,61421.82815,71035.89692,78982.0679,85416.31888,90355.01202,94694.36654,99136.76829,103570.9065,108287.6694,112998.6044,117681.1402,122366.7514,127241.4096,132460.9863,138002.0772
OECD ENV-Growth 2025,SSP1,1,Malta,MLT,USD_2017/yr,GDP|PPP [per capita],ANNUAL,56196.23388,66425.09949,76822.30671,85415.75327,92374.12254,97715.10949,102407.9372,107212.2061,112007.5383,117108.5171,122203.1933,127267.157,132334.4466,137606.1825,143250.933,149243.3876
OECD ENV-Growth 2025,SSP1,1,Mauritania,MRT,USD_2010/yr,GDP|PPP [per capita],ANNUAL,5620.574503,6377.5169,7634.074437,9102.166242,10825.6062,12794.95865,15049.21854,17691.58756,20766.98418,24210.60715,28064.80468,32303.86932,36876.87478,41814.63408,47168.09139,52992.51812
OECD ENV-Growth 2025,SSP1,1,Mauritania,MRT,USD_2015/yr,GDP|PPP [per capita],ANNUAL,5132.747742,5823.992806,6971.489892,8312.161542,9886.018905,11684.44526,13743.05108,16156.08085,18964.55444,22109.2949,25628.9749,29500.11822,33676.21863,38185.41477,43074.22924,48393.13625
OECD ENV-Growth 2025,SSP1,1,Mauritania,MRT,USD_2017/yr,GDP|PPP [per capita],ANNUAL,6139.892773,6966.773576,8339.431929,9943.169458,11825.84827,13977.16089,16439.70525,19326.21844,22685.76923,26447.56898,30657.87872,35288.61573,40284.14833,45678.13655,51526.23159,57888.8117
OECD ENV-Growth 2025,SSP1,1,Mauritius,MUS,USD_2010/yr,GDP|PPP [per capita],ANNUAL,22973.11,27209.9483,32258.37244,38078.33605,44390.66847,50713.68783,57125.4232,63559.11424,69888.03037,76189.92846,82370.95072,88387.05569,94151.19035,99714.19975,105152.6917,110523.0769
OECD ENV-Growth 2025,SSP1,1,Mauritius,MUS,USD_2015/yr,GDP|PPP [per capita],ANNUAL,24019.80202,28449.67751,33728.11601,39813.24656,46413.17906,53024.28539,59728.14978,66454.97018,73072.24196,79661.26471,86123.90433,92414.11276,98440.87071,104257.3398,109943.6183,115558.6869
OECD ENV-Growth 2025,SSP1,1,Mauritius,MUS,USD_2017/yr,GDP|PPP [per capita],ANNUAL,24995.03323,29604.76669,35097.51579,41429.70954,48297.60678,55177.13153,62153.18042,69153.11736,76039.05788,82895.60243,89620.63255,96166.23058,102437.6817,108490.3061,114407.4539,120250.5007
OECD ENV-Growth 2025,SSP1,1,Mayotte,MYT,USD_2017/yr,GDP|PPP [per capita],ANNUAL,26670.9203,30846.82154,35207.42266,40458.08095,46026.6756,51651.81952,57459.22964,63801.94894,70585.84646,77650.88897,84820.30472,92213.83032,99993.64923,108301.405,117197.0525,126710.0229
OECD ENV-Growth 2025,SSP1,1,Mexico,MEX,USD_2010/yr,GDP|PPP [per capita],ANNUAL,18172.01766,20130.12684,22769.24809,26093.51513,30011.78466,34187.11853,38486.89731,42882.57642,47368.48156,51874.91268,56260.16223,60394.303,64237.88662,67762.9203,70927.65146,73742.57462
OECD ENV-Growth 2025,SSP1,1,Mexico,MEX,USD_2015/yr,GDP|PPP [per capita],ANNUAL,20284.36092,22470.08373,25415.98048,29126.66544,33500.40064,38161.08173,42960.6734,47867.31301,52874.66666,57904.93226,62799.92996,67414.6296,71704.99729,75639.78631,79172.39068,82314.52484
OECD ENV-Growth 2025,SSP1,1,Mexico,MEX,USD_2017/yr,GDP|PPP [per capita],ANNUAL,21422.92513,23731.33288,26842.58326,30761.54951,35380.78312,40303.06893,45372.0624,50554.11243,55842.52958,61155.14474,66324.89939,71198.62281,75729.80947,79885.45879,83616.34877,86934.85139
OECD ENV-Growth 2025,SSP1,1,Micronesia,FSM,USD_2010/yr,GDP|PPP [per capita],ANNUAL,2751.938646,2869.729532,3318.684304,4228.367774,5699.264092,7770.45121,10538.96204,14147.20182,18711.50842,24286.41833,30946.99527,38716.50297,47589.74144,57555.58772,68561.23924,80568.75698
OECD ENV-Growth 2025,SSP1,1,Micronesia,FSM,USD_2015/yr,GDP|PPP [per capita],ANNUAL,2993.814347,3121.958209,3610.372891,4600.011023,6200.188595,8453.41823,11465.26134,15390.63956,20356.11602,26421.0206,33667.01455,42119.40635,51772.53894,62614.31175,74587.28122,87650.1738
OECD ENV-Growth 2025,SSP1,1,Micronesia,FSM,USD_2017/yr,GDP|PPP [per capita],ANNUAL,3086.015224,3218.105549,3721.561998,4741.678141,6391.136582,8713.759214,11818.35844,15864.62702,20983.02589,27234.71209,34703.86183,43416.563,53366.98433,64542.65258,76884.3551,90349.54722
OECD ENV-Growth 2025,SSP1,1,Moldova,MDA,USD_2010/yr,GDP|PPP [per capita],ANNUAL,9355.339371,12477.91297,16440.3868,20591.23054,24418.84611,27624.31215,30476.67331,33263.0708,36112.17563,38887.68866,41535.5546,44091.01623,46655.25051,49305.09409,52070.6841,54932.5886
OECD ENV-Growth 2025,SSP1,1,Moldova,MDA,USD_2015/yr,GDP|PPP [per capita],ANNUAL,11169.71166,14897.87644,19628.83151,24584.6889,29154.63133,32981.76468,36387.31209,39714.10285,43115.76238,46429.55775,49590.95019,52642.01744,55703.5587,58867.31232,62169.2602,65586.20178
OECD ENV-Growth 2025,SSP1,1,Moldova,MDA,USD_2017/yr,GDP|PPP [per capita],ANNUAL,12361.67369,16487.68498,21723.49809,27208.21369,32265.8319,36501.37308,40270.33928,43952.14442,47716.80786,51384.23082,54882.98736,58259.6455,61647.89536,65149.26505,68803.57623,72585.15253
OECD ENV-Growth 2025,SSP1,1,Mongolia,MNG,USD_2010/yr,GDP|PPP [per capita],ANNUAL,13551.76305,15501.61395,18223.44608,21445.99659,25064.67045,28981.72833,33398.2914,38570.3944,44527.30265,51027.63715,57919.0881,65184.20539,72842.00672,80994.86929,89699.27149,99075.45199
OECD ENV-Growth 2025,SSP1,1,Mongolia,MNG,USD_2015/yr,GDP|PPP [per capita],ANNUAL,12910.12196,14767.65245,17360.61283,20430.58387,23877.92284,27609.51811,31816.96829,36744.18553,42419.04951,48611.60992,55176.76841,62097.9011,69393.12525,77159.97077,85452.24194,94384.48443
OECD ENV-Growth 2025,SSP1,1,Mongolia,MNG,USD_2017/yr,GDP|PPP [per capita],ANNUAL,13348.33443,15268.91568,17949.88976,21124.06582,24688.41895,28546.67697,32896.942,37991.40538,43858.89312,50261.64961,57049.65141,64205.71036,71748.55868,79779.03677,88352.7752,97588.20771
OECD ENV-Growth 2025,SSP1,1,Montenegro,MNE,USD_2010/yr,GDP|PPP [per capita],ANNUAL,19263.70189,22498.98578,25764.11591,28722.69159,31322.59382,33583.84916,35737.54794,37946.33561,40293.96951,42725.82957,45201.81123,47739.28254,50343.24488,53080.90719,55974.52102,59038.5146
OECD ENV-Growth 2025,SSP1,1,Montenegro,MNE,USD_2015/yr,GDP|PPP [per capita],ANNUAL,20994.41529,24520.36757,28078.84757,31303.23127,34136.71715,36601.13098,38948.32504,41355.55735,43914.1103,46564.45654,49262.88842,52028.33437,54866.24513,57849.86789,61003.45336,64342.72605
OECD ENV-Growth 2025,SSP1,1,Montenegro,MNE,USD_2017/yr,GDP|PPP [per capita],ANNUAL,23494.69751,27440.56506,31422.83416,35031.21851,38202.15195,40960.05956,43586.78737,46280.70354,49143.96154,52109.94475,55129.74024,58224.53071,61400.416,64739.36654,68268.52111,72005.47689
OECD ENV-Growth 2025,SSP1,1,Morocco,MAR,USD_2010/yr,GDP|PPP [per capita],ANNUAL,8848.309671,10103.02768,11811.28746,14045.2102,16890.66603,20305.72365,24363.21208,29224.5049,34906.39784,41207.63453,48125.14797,55707.50936,63880.90034,72675.21216,82122.64103,92253.01687
OECD ENV-Growth 2025,SSP1,1,Morocco,MAR,USD_2015/yr,GDP|PPP [per capita],ANNUAL,8741.521857,9981.097018,11668.74028,13875.70243,16686.81723,20060.65946,24069.17917,28871.80239,34485.12213,40710.31093,47544.3388,55035.19076,63109.93934,71798.11502,81131.52547,91139.64059
OECD ENV-Growth 2025,SSP1,1,Morocco,MAR,USD_2017/yr,GDP|PPP [per capita],ANNUAL,8761.717616,10004.1566,11695.69887,13907.75981,16725.3692,20107.00611,24124.78681,28938.50565,34564.79398,40804.36499,47654.18169,55162.33996,63255.74383,71963.99202,81318.96569,91350.20281
OECD ENV-Growth 2025,SSP1,1,Mozambique,MOZ,USD_2010/yr,GDP|PPP [per capita],ANNUAL,1287.838649,1887.465029,2855.770639,4132.026136,5747.112819,7629.31638,9794.361714,12321.2992,15276.13215,18660.32883,22530.92258,26874.42084,31734.60377,37146.23707,43160.20127,49800.51935
OECD ENV-Growth 2025,SSP1,1,Mozambique,MOZ,USD_2015/yr,GDP|PPP [per capita],ANNUAL,1410.672676,2067.491409,3128.153991,4526.138715,6295.272336,8357.000439,10728.54776,13496.5045,16733.16936,20440.15066,24679.92157,29437.70262,34761.44971,40689.24449,47276.82049,54550.49199
OECD ENV-Growth 2025,SSP1,1,Mozambique,MOZ,USD_2017/yr,GDP|PPP [per capita],ANNUAL,1379.320716,2021.541765,3058.631301,4425.546053,6155.360981,8171.267528,10490.10761,13196.54698,16361.27752,19985.87179,24131.41452,28783.45469,33988.88241,39784.93297,46226.10121,53338.1166
OECD ENV-Growth 2025,SSP1,1,Myanmar,MMR,USD_2010/yr,GDP|PPP [per capita],ANNUAL,4336.1415,4991.003439,6002.683594,7364.603127,9104.013255,11149.0257,13533.5956,16310.71461,19512.9123,23137.57095,27090.15485,31309.19248,35796.58439,40565.83764,45655.45154,51070.38796
OECD ENV-Growth 2025,SSP1,1,Myanmar,MMR,USD_2015/yr,GDP|PPP [per capita],ANNUAL,4689.324314,5397.525375,6491.607833,7964.456996,9845.54372,12057.12435,14635.91973,17639.23769,21102.25741,25022.14792,29296.6735,33859.35573,38712.24995,43869.96336,49374.13112,55230.11921
OECD ENV-Growth 2025,SSP1,1,Myanmar,MMR,USD_2017/yr,GDP|PPP [per capita],ANNUAL,4345.314459,5001.561736,6015.382065,7380.182693,9123.272484,11172.61108,13562.22546,16345.21937,19554.1912,23186.51769,27147.46314,31375.426,35872.31084,40651.65328,45752.03408,51178.42561
OECD ENV-Growth 2025,SSP1,1,Namibia,NAM,USD_2010/yr,GDP|PPP [per capita],ANNUAL,9149.125839,9763.240584,10968.65615,12673.62385,14788.88456,17212.2511,19972.85016,23149.01873,26756.39001,30752.73335,34984.12682,39419.09083,44062.07337,48976.65151,54227.73445,59822.16297
OECD ENV-Growth 2025,SSP1,1,Namibia,NAM,USD_2015/yr,GDP|PPP [per capita],ANNUAL,9835.368709,10495.54598,11791.37541,13624.22658,15898.14535,18503.27987,21470.94148,24885.34297,28763.29014,33059.38476,37608.15977,42375.7744,47367.01028,52650.21316,58295.16086,64309.20726
OECD ENV-Growth 2025,SSP1,1,Namibia,NAM,USD_2017/yr,GDP|PPP [per capita],ANNUAL,9861.936767,10523.89736,11823.22719,13661.02939,15941.09065,18553.26235,21528.94045,24952.56518,28840.98776,33148.68732,37709.74983,42490.24312,47494.9617,52792.43599,58452.63225,64482.92426
OECD ENV-Growth 2025,SSP1,1,Nepal,NPL,USD_2010/yr,GDP|PPP [per capita],ANNUAL,3568.899403,4435.574197,5678.173494,7381.962648,9578.598573,12161.68402,15134.40026,18572.58301,22508.67827,26915.60737,31807.51272,37067.50702,42644.87106,48546.22982,54767.67746,61268.44722
OECD ENV-Growth 2025,SSP1,1,Nepal,NPL,USD_2015/yr,GDP|PPP [per capita],ANNUAL,3998.632592,4969.664186,6361.885565,8270.828931,10731.96303,13626.07925,16956.74192,20808.9182,25218.96091,30156.53082,35637.47326,41530.82643,47779.76402,54391.70872,61362.28438,68645.81548
OECD ENV-Growth 2025,SSP1,1,Nepal,NPL,USD_2017/yr,GDP|PPP [per capita],ANNUAL,4446.650407,5526.479057,7074.688756,9197.515397,11934.40174,15152.78272,18856.62201,23140.40674,28044.56279,33535.35164,39630.39397,46184.05467,53133.14046,60485.90565,68237.48382,76337.08182
OECD ENV-Growth 2025,SSP1,1,Netherlands,NLD,USD_2010/yr,GDP|PPP [per capita],ANNUAL,52561.21279,57092.40865,61334.99774,65914.76888,70555.65552,74785.10331,78733.27693,82597.12382,86420.59628,89999.34486,93248.14238,96252.87529,99015.90079,101614.0697,103919.9482,105865.621
OECD ENV-Growth 2025,SSP1,1,Netherlands,NLD,USD_2015/yr,GDP|PPP [per capita],ANNUAL,57671.61348,62643.36664,67298.45249,72323.5038,77415.61272,82056.27957,86388.32466,90627.84411,94823.06363,98749.76535,102314.4357,105611.3115,108642.9794,111493.7621,114023.8355,116158.6815
OECD ENV-Growth 2025,SSP1,1,Netherlands,NLD,USD_2017/yr,GDP|PPP [per capita],ANNUAL,60775.15768,66014.46112,70920.05608,76215.52585,81581.66186,86472.06189,91037.23194,95504.89719,99925.87854,104063.8921,107820.3918,111294.686,114489.5002,117493.6951,120159.9221,122409.6528
OECD ENV-Growth 2025,SSP1,1,New Caledonia,NCL,USD_2017/yr,GDP|PPP [per capita],ANNUAL,39879.83653,48873.18232,58272.62943,67723.46021,76567.26026,84506.83317,91857.45816,99174.64003,106687.5668,114195.3304,121618.4603,129095.6472,136745.6215,144773.6532,153274.0525,162275.9488
OECD ENV-Growth 2025,SSP1,1,New Zealand,NZL,USD_2010/yr,GDP|PPP [per capita],ANNUAL,39145.86296,43152.8684,47645.71297,52611.31742,58013.7345,63136.80805,67988.41352,72837.78829,77730.38247,82365.83031,86614.68763,90488.18314,94039.7555,97322.84602,100313.7796,102920.1378
OECD ENV-Growth 2025,SSP1,1,New Zealand,NZL,USD_2015/yr,GDP|PPP [per capita],ANNUAL,43112.64711,47525.69611,52473.81598,57942.60211,63892.46459,69534.6767,74877.91194,80218.69044,85607.06792,90712.24153,95391.65009,99657.66015,103569.1255,107184.9028,110478.9179,113349.3872
OECD ENV-Growth 2025,SSP1,1,New Zealand,NZL,USD_2017/yr,GDP|PPP [per capita],ANNUAL,46776.46012,51564.54029,56933.1629,62866.69919,69322.19482,75443.89524,81241.21103,87035.86131,92882.15564,98421.17878,103498.2544,108126.7999,112370.6706,116293.7251,119867.6733,122982.0818
OECD ENV-Growth 2025,SSP1,1,Nicaragua,NIC,USD_2010/yr,GDP|PPP [per capita],ANNUAL,5370.085023,6114.496023,7306.500014,9105.342582,11593.45309,14715.77525,18492.58568,23021.41119,28374.41474,34444.38331,41194.60621,48449.92405,56137.07248,64244.44854,72733.72422,81551.63423
OECD ENV-Growth 2025,SSP1,1,Nicaragua,NIC,USD_2015/yr,GDP|PPP [per capita],ANNUAL,5848.842104,6659.619285,7957.893539,9917.107613,12627.03966,16027.72498,20141.2479,25073.83002,30904.06779,37515.18989,44867.21276,52769.36109,61141.83885,69972.00862,79218.12536,88822.17504
OECD ENV-Growth 2025,SSP1,1,Nicaragua,NIC,USD_2017/yr,GDP|PPP [per capita],ANNUAL,6220.4519,7082.74231,8463.503221,10547.19717,13429.30643,17046.05639,21420.93453,26666.9113,32867.57683,39898.74065,47717.87884,56122.09505,65026.52335,74417.72342,84251.2979,94465.5468
OECD ENV-Growth 2025,SSP1,1,Niger,NER,USD_2010/yr,GDP|PPP [per capita],ANNUAL,1472.997407,1744.525632,2254.196962,2914.699082,3766.076492,4824.483129,6140.106622,7790.755412,9837.336551,12328.93377,15311.00138,18823.49414,22884.13089,27599.73329,33074.1892,39446.0989
OECD ENV-Growth 2025,SSP1,1,Niger,NER,USD_2015/yr,GDP|PPP [per capita],ANNUAL,1456.488752,1724.973818,2228.932993,2882.032519,3723.868096,4770.412614,6071.291224,7703.440327,9727.084358,12190.75694,15139.40295,18612.52936,22627.65642,27290.4086,32703.5094,39004.00577
OECD ENV-Growth 2025,SSP1,1,Niger,NER,USD_2017/yr,GDP|PPP [per capita],ANNUAL,1439.038965,1704.307386,2202.228767,2847.50369,3679.253469,4713.259628,5998.552774,7611.147552,9610.546866,12044.70288,14958.02198,18389.53783,22356.56077,26963.4498,32311.69776,38536.70963
OECD ENV-Growth 2025,SSP1,1,Nigeria,NGA,USD_2010/yr,GDP|PPP [per capita],ANNUAL,4856.623797,5248.793767,6140.338479,7240.470731,8595.185957,10205.48518,12122.85988,14419.49588,17115.29728,20213.93742,23701.94756,27605.60157,31989.78464,36913.92734,42472.05425,48725.47287
OECD ENV-Growth 2025,SSP1,1,Nigeria,NGA,USD_2015/yr,GDP|PPP [per capita],ANNUAL,5023.301582,5428.930701,6351.072944,7488.961385,8890.170006,10555.73419,12538.91258,14914.36839,17702.68884,20907.67332,24515.39086,28553.01704,33087.66388,38180.80159,43929.68165,50397.71561
OECD ENV-Growth 2025,SSP1,1,Nigeria,NGA,USD_2017/yr,GDP|PPP [per capita],ANNUAL,5105.142115,5517.379817,6454.545767,7610.972891,9035.010256,10727.71011,12743.1988,15157.35597,17991.10424,21248.3049,24914.80002,29018.20793,33626.73406,38802.85008,44645.39193,51218.80426
OECD ENV-Growth 2025,SSP1,1,North Korea,PRK,USD_2017/yr,GDP|PPP [per capita],ANNUAL,2240.199525,2937.93911,4024.569308,5685.506683,7992.786277,10850.90209,14271.48896,18401.82017,23390.79677,29256.91323,35807.23134,43003.63281,50825.64345,59368.95957,68739.6676,78894.33005
OECD ENV-Growth 2025,SSP1,1,North Macedonia,MKD,USD_2010/yr,GDP|PPP [per capita],ANNUAL,15271.76444,18054.90186,20960.24059,24204.85998,27677.62643,31183.55065,34798.4274,38588.6591,43042.65529,48311.95441,54119.03438,60227.52635,66492.84042,72887.49339,79400.98498,86065.29426
OECD ENV-Growth 2025,SSP1,1,North Macedonia,MKD,USD_2015/yr,GDP|PPP [per capita],ANNUAL,16896.58688,19975.83312,23190.28214,26780.1092,30622.35679,34501.28993,38500.76748,42694.25669,47622.13085,53452.05121,59876.96902,66635.36721,73567.27242,80642.2774,87848.7647,95222.11578
OECD ENV-Growth 2025,SSP1,1,North Macedonia,MKD,USD_2017/yr,GDP|PPP [per capita],ANNUAL,18342.78726,21685.5901,25175.1679,29072.25283,33243.36329,37454.29925,41796.09717,46348.51245,51698.16964,58027.0803,65001.915,72338.7731,79863.9889,87544.55256,95367.85228,103372.2979
OECD ENV-Growth 2025,SSP1,1,Norway,NOR,USD_2010/yr,GDP|PPP [per capita],ANNUAL,65378.16564,69906.67562,74956.94867,80640.59327,86692.28829,92384.65216,97927.69418,103579.7402,109449.6545,115043.8168,120256.958,125180.4552,130039.9608,134920.3273,139651.0948,143983.2448
OECD ENV-Growth 2025,SSP1,1,Norway,NOR,USD_2015/yr,GDP|PPP [per capita],ANNUAL,66369.44583,70966.61821,76093.46477,81863.28623,88006.73857,93785.41149,99412.49851,105150.2423,111109.1577,116788.14,122080.3242,127078.4727,132011.6594,136966.0232,141768.5198,146166.3549
OECD ENV-Growth 2025,SSP1,1,Norway,NOR,USD_2017/yr,GDP|PPP [per capita],ANNUAL,69247.65538,74044.19096,79393.37084,85413.40916,91823.28144,97852.55509,103723.6691,109710.2386,115927.5712,121852.8311,127374.5187,132589.4194,137736.5409,142905.7581,147916.5222,152505.0759
OECD ENV-Growth 2025,SSP1,1,Oman,OMN,USD_2010/yr,GDP|PPP [per capita],ANNUAL,45182.36995,49596.55077,55655.29366,62688.501,69999.4653,77186.72976,84886.1149,93457.25754,103070.8706,113229.9906,123922.4519,134863.9951,145961.9679,157334.445,169000.6229,180870.5837
OECD ENV-Growth 2025,SSP1,1,Oman,OMN,USD_2015/yr,GDP|PPP [per capita],ANNUAL,35926.58332,39436.5018,44254.08732,49846.51441,55659.79885,61374.72384,67496.85958,74312.16986,81956.39637,90034.38056,98536.44901,107236.5739,116061.0833,125103.8636,134380.179,143818.5315
OECD ENV-Growth 2025,SSP1,1,Oman,OMN,USD_2017/yr,GDP|PPP [per capita],ANNUAL,34676.12749,38063.88021,42713.7855,48111.56332,53722.51136,59238.52345,65147.57295,71725.67045,79103.83305,86900.656,95106.8026,103504.1122,112021.4768,120749.5153,129702.9605,138812.803
OECD ENV-Growth 2025,SSP1,1,Pakistan,PAK,USD_2010/yr,GDP|PPP [per capita],ANNUAL,5019.724709,5869.765981,7039.953082,8746.832319,11080.35804,13969.57751,17428.81231,21546.49074,26403.75984,31896.73639,38029.96334,44743.93701,51998.17287,59820.31905,68211.40456,77189.76887
OECD ENV-Growth 2025,SSP1,1,Pakistan,PAK,USD_2015/yr,GDP|PPP [per capita],ANNUAL,5439.880794,6361.071389,7629.204346,9478.951118,12007.79533,15138.84541,18887.62171,23349.95402,28613.7815,34566.5258,41213.11011,48489.05024,56350.47305,64827.34085,73920.76879,83650.63137
OECD ENV-Growth 2025,SSP1,1,Pakistan,PAK,USD_2017/yr,GDP|PPP [per capita],ANNUAL,5470.070111,6396.372972,7671.543595,9531.555774,12074.43413,15222.86038,18992.44099,23479.53759,28772.57736,34758.35717,41441.82756,48758.14645,56663.19723,65187.1085,74331.00159,84114.86129
OECD ENV-Growth 2025,SSP1,1,Panama,PAN,USD_2010/yr,GDP|PPP [per capita],ANNUAL,26286.89605,30446.83943,34944.8756,39352.88649,43625.2539,47737.05261,51750.98246,55884.28349,60155.58299,64433.11102,68818.03426,73272.79045,77861.78517,82570.74058,87403.72139,92372.5246
OECD ENV-Growth 2025,SSP1,1,Panama,PAN,USD_2015/yr,GDP|PPP [per capita],ANNUAL,32970.5758,38188.2222,43829.92453,49358.71183,54717.36708,59874.6276,64909.13521,70093.36519,75450.68102,80815.80902,86315.63843,91903.05645,97658.84435,103565.094,109626.9037,115859.0698
OECD ENV-Growth 2025,SSP1,1,Panama,PAN,USD_2017/yr,GDP|PPP [per capita],ANNUAL,37034.64684,42895.43899,49232.55771,55442.8431,61462.02536,67254.98824,72910.06726,78733.32397,84751.00169,90777.45454,96955.21259,103231.3557,109696.6226,116330.8978,123139.9077,130140.2729
OECD ENV-Growth 2025,SSP1,1,Papua New Guinea,PNG,USD_2010/yr,GDP|PPP [per capita],ANNUAL,3096.664157,3387.862505,4035.513995,5068.654387,6574.227517,8554.917513,11079.27384,14243.45639,18149.14663,22752.19088,28024.24781,33927.63085,40480.85242,47725.47739,55720.61536,64488.33987
OECD ENV-Growth 2025,SSP1,1,Papua New Guinea,PNG,USD_2015/yr,GDP|PPP [per capita],ANNUAL,3371.026742,3688.025089,4393.058112,5517.734122,7156.700128,9312.878069,12060.89085,15505.41808,19757.15012,24768.02133,30507.17934,36933.59857,44067.43164,51953.92603,60657.42843,70201.96806
OECD ENV-Growth 2025,SSP1,1,Papua New Guinea,PNG,USD_2017/yr,GDP|PPP [per capita],ANNUAL,3468.641244,3794.818882,4520.267479,5677.510626,7363.936016,9582.550197,12410.13693,15954.407,20329.25605,25485.22658,31390.57285,38003.08129,45343.48808,53458.35094,62413.87984,72234.7998
OECD ENV-Growth 2025,SSP1,1,Paraguay,PRY,USD_2010/yr,GDP|PPP [per capita],ANNUAL,14163.01534,16016.3916,18336.90723,21089.76154,24336.04113,27914.009,31868.1589,36288.60705,41210.06378,46415.96816,51899.59572,57569.94556,63456.833,69590.51056,75946.42638,82527.02683
OECD ENV-Growth 2025,SSP1,1,Paraguay,PRY,USD_2015/yr,GDP|PPP [per capita],ANNUAL,14321.92333,16196.09433,18542.64597,21326.38711,24609.08971,28227.20212,32225.71729,36695.76254,41672.43766,46936.7519,52481.90535,58215.8761,64168.81398,70371.31095,76798.53968,83452.97398
OECD ENV-Growth 2025,SSP1,1,Paraguay,PRY,USD_2017/yr,GDP|PPP [per capita],ANNUAL,14747.84098,16677.74769,19094.08309,21960.60951,25340.93594,29066.64689,33184.07333,37787.05262,42911.72837,48332.59731,54042.65729,59947.14979,66077.12124,72464.07339,79082.44056,85934.77014
OECD ENV-Growth 2025,SSP1,1,Peru,PER,USD_2010/yr,GDP|PPP [per capita],ANNUAL,12924.45825,14504.90258,16663.47448,19512.01915,22940.74214,26716.26502,30771.54957,35185.40807,39975.49795,45089.08399,50475.7529,56090.29907,61932.05618,67987.50383,74255.83645,80737.04127
OECD ENV-Growth 2025,SSP1,1,Peru,PER,USD_2015/yr,GDP|PPP [per capita],ANNUAL,12999.82329,14589.48349,16760.64245,19625.79754,23074.51408,26872.05278,30950.98448,35390.58105,40208.60288,45352.00723,50770.08686,56417.37255,62293.19408,68383.95223,74688.83672,81207.83471
OECD ENV-Growth 2025,SSP1,1,Peru,PER,USD_2017/yr,GDP|PPP [per capita],ANNUAL,13737.70278,15417.59326,17711.98879,20739.77218,24384.2404,28397.33017,32707.78502,37399.37635,42490.87263,47926.22038,53651.83418,59619.66394,65829.0014,72265.47544,78928.2298,85817.25089
OECD ENV-Growth 2025,SSP1,1,Philippines,PHL,USD_2010/yr,GDP|PPP [per capita],ANNUAL,9315.279942,11990.449,15306.74822,18897.50855,22615.64255,26244.23819,29817.80096,33489.2138,37291.11434,41146.4088,45073.51082,49105.29444,53314.27009,57724.08841,62349.46425,67172.05091
OECD ENV-Growth 2025,SSP1,1,Philippines,PHL,USD_2015/yr,GDP|PPP [per capita],ANNUAL,9645.652031,12415.69759,15849.61139,19567.72022,23417.72012,27175.00612,30875.30747,34676.92921,38613.66647,42605.6913,46672.0704,50846.84368,55205.09323,59771.30844,64560.72606,69554.34869
OECD ENV-Growth 2025,SSP1,1,Philippines,PHL,USD_2017/yr,GDP|PPP [per capita],ANNUAL,9797.8021,12611.54223,16099.62243,19876.38054,23787.11015,27603.66341,31362.33314,35223.92149,39222.75666,43277.7515,47408.27347,51648.89944,56075.89581,60714.1383,65579.10397,70651.49577
OECD ENV-Growth 2025,SSP1,1,Poland,POL,USD_2010/yr,GDP|PPP [per capita],ANNUAL,33286.62967,39974.96427,46271.96658,52258.7496,56889.33723,60550.74335,63687.18882,66745.81486,69854.04231,72852.92643,75621.01371,78115.77409,80405.19767,82571.50458,84642.59961,86552.78993
OECD ENV-Growth 2025,SSP1,1,Poland,POL,USD_2015/yr,GDP|PPP [per capita],ANNUAL,36599.26303,43953.21024,50876.88038,57459.4587,62550.87517,66576.6587,70025.23833,73388.25404,76805.80744,80103.13582,83146.69881,85889.73385,88406.99729,90788.89167,93066.09884,95166.38833
OECD ENV-Growth 2025,SSP1,1,Poland,POL,USD_2017/yr,GDP|PPP [per capita],ANNUAL,37734.46673,45316.5122,52454.93463,59241.68557,64491.02311,68641.67484,72197.21948,75664.54625,79188.10231,82587.70432,85725.66986,88553.78594,91149.12764,93604.90153,95952.74111,98118.17552
OECD ENV-Growth 2025,SSP1,1,Portugal,PRT,USD_2010/yr,GDP|PPP [per capita],ANNUAL,33026.06307,36901.34712,41076.73892,45805.62499,50611.19511,55241.4642,59740.04958,64176.02624,68598.16904,72758.18958,76570.71375,79963.86087,83011.15624,85848.64185,88463.40437,90897.68012
OECD ENV-Growth 2025,SSP1,1,Portugal,PRT,USD_2015/yr,GDP|PPP [per capita],ANNUAL,36718.56845,41027.13173,45669.35655,50926.9595,56269.82023,61417.78026,66419.33358,71351.27815,76267.84217,80892.97713,85131.7636,88904.28426,92292.28492,95447.01788,98354.12601,101060.5679
OECD ENV-Growth 2025,SSP1,1,Portugal,PRT,USD_2017/yr,GDP|PPP [per capita],ANNUAL,38523.38924,43043.7305,47914.13372,53430.16262,59035.63997,64436.63669,69684.03041,74858.39391,80016.62085,84869.09419,89316.22893,93274.17957,96828.70998,100138.5069,103188.5076,106027.9787
OECD ENV-Growth 2025,SSP1,1,Puerto Rico,PRI,USD_2010/yr,GDP|PPP [per capita],ANNUAL,32469.61707,35873.87393,39596.37499,43318.98219,46935.7371,50218.04897,53429.80531,56670.76522,59978.90959,63256.73148,66382.58797,69333.60238,72233.16794,75187.89662,78266.85442,81509.63129
OECD ENV-Growth 2025,SSP1,1,Puerto Rico,PRI,USD_2015/yr,GDP|PPP [per capita],ANNUAL,34313.46539,37911.03939,41844.92968,45778.93213,49601.07128,53069.77541,56463.91738,59888.9213,63384.92487,66848.88405,70152.24818,73270.8415,76335.06435,79457.58286,82711.38507,86138.30913
OECD ENV-Growth 2025,SSP1,1,Puerto Rico,PRI,USD_2017/yr,GDP|PPP [per capita],ANNUAL,34623.65875,38253.75477,42223.20739,46192.77319,50049.46443,53549.52561,56974.35059,60430.31651,63957.92391,67453.19724,70786.42375,73933.20912,77025.13251,80175.87856,83459.0951,86916.99852
OECD ENV-Growth 2025,SSP1,1,Qatar,QAT,USD_2010/yr,GDP|PPP [per capita],ANNUAL,125125.3801,137280.8065,141793.6313,142476.6235,141919.1979,141762.3339,142636.3962,145538.6766,150559.9662,155648.3974,160473.9496,165538.2422,171059.5916,177045.7478,183202.2965,189044.0332
OECD ENV-Growth 2025,SSP1,1,Qatar,QAT,USD_2015/yr,GDP|PPP [per capita],ANNUAL,88043.15953,96596.19766,99771.59941,100252.1797,99859.95302,99749.57733,100364.6021,102406.7612,105939.9389,109520.3601,112915.8092,116479.2455,120364.285,124576.3809,128908.3718,133018.8484
OECD ENV-Growth 2025,SSP1,1,Qatar,QAT,USD_2017/yr,GDP|PPP [per capita],ANNUAL,90873.31815,99701.29478,102978.7702,103474.7988,103069.964,102956.0403,103590.8351,105698.6396,109345.3918,113040.9061,116545.5024,120223.4857,124233.4103,128580.9046,133052.1479,137294.7563
OECD ENV-Growth 2025,SSP1,1,Romania,ROU,USD_2010/yr,GDP|PPP [per capita],ANNUAL,30177.31086,35266.34521,40657.26137,46039.0113,51142.25308,55739.60682,60140.3728,64649.091,69379.45184,74047.30317,78579.53208,82873.65394,86945.08935,90839.88476,94600.01998,98229.4193
OECD ENV-Growth 2025,SSP1,1,Romania,ROU,USD_2015/yr,GDP|PPP [per capita],ANNUAL,32073.20772,37481.96189,43211.56365,48931.42333,54355.27751,59241.46111,63918.70628,68710.68579,73738.2327,78699.34291,83516.3102,88080.21131,92407.43564,96546.92251,100543.2891,104400.7064
OECD ENV-Growth 2025,SSP1,1,Romania,ROU,USD_2017/yr,GDP|PPP [per capita],ANNUAL,35497.03914,41483.18059,47824.42029,54154.87793,60157.73132,65565.51754,70742.06103,76045.58682,81609.82695,87100.53823,92431.71925,97482.81914,102271.9769,106853.3561,111276.3369,115545.5354
OECD ENV-Growth 2025,SSP1,1,Russian Federation,RUS,USD_2010/yr,GDP|PPP [per capita],ANNUAL,26251.75698,28574.62353,31965.83289,35703.07193,39676.91664,43624.47738,47945.01302,52942.46475,58455.53238,64354.2457,70470.77897,76794.41734,83431.5503,90502.32838,98011.93547,105879.272
OECD ENV-Growth 2025,SSP1,1,Russian Federation,RUS,USD_2015/yr,GDP|PPP [per capita],ANNUAL,27031.59292,29423.46264,32915.41143,36763.66907,40855.561,44920.38816,49369.26984,54515.17611,60192.01518,66265.95596,72564.18725,79075.67592,85909.97187,93190.79481,100923.4826,109024.5266
OECD ENV-Growth 2025,SSP1,1,Russian Federation,RUS,USD_2017/yr,GDP|PPP [per capita],ANNUAL,28625.18563,31158.06318,34855.87273,38930.99658,43264.1177,47568.57849,52279.73497,57729.00769,63740.51329,70172.53093,76842.06167,83737.42194,90974.61993,98684.66902,106873.2218,115451.8463
OECD ENV-Growth 2025,SSP1,1,Rwanda,RWA,USD_2010/yr,GDP|PPP [per capita],ANNUAL,2434.192751,3120.317776,3948.841971,4960.899183,6204.784515,7668.176491,9402.309509,11506.53242,14039.94845,16982.32043,20374.30765,24191.39375,28409.2453,33059.77265,38202.21682,43894.83722
OECD ENV-Growth 2025,SSP1,1,Rwanda,RWA,USD_2015/yr,GDP|PPP [per capita],ANNUAL,2596.409756,3328.258828,4211.996692,5291.498394,6618.277472,8179.191331,10028.88868,12273.33909,14975.58445,18114.039,21732.07159,25803.53207,30302.46541,35262.90849,40748.05021,46820.03244
OECD ENV-Growth 2025,SSP1,1,Rwanda,RWA,USD_2017/yr,GDP|PPP [per capita],ANNUAL,2717.931177,3484.033447,4409.133458,5539.159767,6928.036931,8562.007237,10498.27715,12847.776,15676.49628,18961.84191,22749.21159,27011.23123,31720.73101,36913.34087,42655.20718,49011.38026
OECD ENV-Growth 2025,SSP1,1,Saint Lucia,LCA,USD_2010/yr,GDP|PPP [per capita],ANNUAL,14461.40056,15457.71151,16991.81609,19470.34118,22842.81292,26778.74692,31182.47562,36133.67676,41705.0093,47756.27303,54197.56212,60927.44786,67910.09854,75155.25801,82645.69555,90355.89363
OECD ENV-Growth 2025,SSP1,1,Saint Lucia,LCA,USD_2015/yr,GDP|PPP [per capita],ANNUAL,15718.17786,16801.07385,18468.50077,21162.42367,24827.98224,29105.97111,33892.40868,39273.89713,45329.4099,51906.56259,58907.63604,66222.38682,73811.86924,81686.67394,89828.07277,98208.33057
OECD ENV-Growth 2025,SSP1,1,Saint Lucia,LCA,USD_2017/yr,GDP|PPP [per capita],ANNUAL,16319.45174,17443.7722,19174.98388,21971.95851,25777.73719,30219.37371,35188.90884,40776.25757,47063.41434,53892.16554,61161.05391,68755.61884,76635.42483,84811.46766,93264.30274,101965.134
OECD ENV-Growth 2025,SSP1,1,Saint Vincent and the Grenadines,VCT,USD_2010/yr,GDP|PPP [per capita],ANNUAL,15862.98173,18448.1424,21786.71007,26081.65114,31137.97062,36603.05695,42568.13684,49194.63025,56340.38651,63831.90122,71534.43697,79337.4361,87381.43399,95662.48622,104207.3776,112945.4304
OECD ENV-Growth 2025,SSP1,1,Saint Vincent and the Grenadines,VCT,USD_2015/yr,GDP|PPP [per capita],ANNUAL,16896.83448,19650.48021,23206.63542,27781.49465,33167.3543,38988.62175,45342.4693,52400.83727,60012.3105,67992.07661,76196.61682,84508.16802,93076.4248,101897.1857,110998.9811,120306.5271
OECD ENV-Growth 2025,SSP1,1,Saint Vincent and the Grenadines,VCT,USD_2017/yr,GDP|PPP [per capita],ANNUAL,17304.42285,20124.4925,23766.42991,28451.64469,33967.42298,39929.11206,46436.22822,53664.85937,61459.93788,69632.19329,78034.64485,86546.68872,95321.63048,104355.1673,113676.5178,123208.5821
OECD ENV-Growth 2025,SSP1,1,Samoa,WSM,USD_2010/yr,GDP|PPP [per capita],ANNUAL,4561.574946,4971.02544,5711.832188,6938.257749,8679.353302,10899.14857,13667.1332,17077.017,21207.51309,26060.57215,31566.17135,37639.28693,44249.93398,51403.11791,59092.37389,67337.46966
OECD ENV-Growth 2025,SSP1,1,Samoa,WSM,USD_2015/yr,GDP|PPP [per capita],ANNUAL,4968.841345,5414.848385,6221.795819,7557.71907,9454.263064,11872.24603,14887.36178,18601.68673,23100.96165,28387.31138,34384.46132,40999.79662,48200.65526,55992.48954,64368.25745,73349.49161
OECD ENV-Growth 2025,SSP1,1,Samoa,WSM,USD_2017/yr,GDP|PPP [per capita],ANNUAL,5114.612928,5573.704538,6404.3255,7779.440916,9731.624082,12220.54375,15324.11436,19147.40697,23778.67774,29220.11384,35393.203,42202.61331,49614.72453,57635.14892,66256.63788,75501.35575
OECD ENV-Growth 2025,SSP1,1,Sao Tome and Principe,STP,USD_2010/yr,GDP|PPP [per capita],ANNUAL,3330.646061,3727.404831,4313.879514,5119.488082,6172.83027,7475.88772,9063.940271,10989.64268,13264.46882,15876.43119,18870.10378,22237.35504,25956.88166,30058.76351,34591.91517,39600.13621
OECD ENV-Growth 2025,SSP1,1,Sao Tome and Principe,STP,USD_2015/yr,GDP|PPP [per capita],ANNUAL,3432.280917,3841.146805,4445.517796,5275.709556,6361.194542,7704.014865,9340.526931,11324.99226,13669.23485,16360.90141,19445.92608,22915.92921,26748.9574,30976.00841,35647.48945,40808.53665
OECD ENV-Growth 2025,SSP1,1,Sao Tome and Principe,STP,USD_2017/yr,GDP|PPP [per capita],ANNUAL,3494.407997,3910.67469,4525.985289,5371.204196,6476.337343,7843.463808,9509.598076,11529.98384,13916.65913,16657.04705,19797.91318,23330.72619,27233.13532,31536.69939,36292.73804,41547.2044
OECD ENV-Growth 2025,SSP1,1,Saudi Arabia,SAU,USD_2010/yr,GDP|PPP [per capita],ANNUAL,58116.78809,67933.47426,76986.41706,84830.49536,91078.55949,95842.66331,99877.65133,103546.6786,107309.2216,111101.5151,114666.8575,118032.0812,121137.4546,124068.9522,126910.6231,129665.9286
OECD ENV-Growth 2025,SSP1,1,Saudi Arabia,SAU,USD_2015/yr,GDP|PPP [per capita],ANNUAL,49511.81509,57875.0087,65587.54142,72270.19831,77593.15242,81651.86652,85089.42024,88215.19861,91420.64643,94651.43987,97688.88528,100555.8423,103201.4234,105698.8733,108119.7966,110467.142
OECD ENV-Growth 2025,SSP1,1,Saudi Arabia,SAU,USD_2017/yr,GDP|PPP [per capita],ANNUAL,49880.43148,58305.88922,66075.8419,72808.25129,78170.83489,82259.7662,85722.91256,88871.96241,92101.27485,95356.12161,98416.18086,101304.4824,103969.7599,106485.8034,108924.7505,111289.5719
OECD ENV-Growth 2025,SSP1,1,Senegal,SEN,USD_2010/yr,GDP|PPP [per capita],ANNUAL,3971.709699,4737.730736,5908.206626,7209.754365,8693.489235,10366.61352,12294.61624,14577.97598,17255.33685,20254.05234,23606.08324,27304.35806,31347.33439,35771.43841,40613.50389,45915.63535
OECD ENV-Growth 2025,SSP1,1,Senegal,SEN,USD_2015/yr,GDP|PPP [per capita],ANNUAL,4194.112814,5003.028593,6239.047411,7613.477685,9180.29699,10947.11091,12983.07566,15394.29628,18221.58085,21388.21487,24927.94884,28833.3153,33102.68545,37774.52522,42887.73097,48486.76493
OECD ENV-Growth 2025,SSP1,1,Senegal,SEN,USD_2017/yr,GDP|PPP [per capita],ANNUAL,4187.199747,4994.782207,6228.763722,7600.928552,9165.165302,10929.06702,12961.67593,15368.92219,18191.5466,21352.96113,24886.86064,28785.78996,33048.123,37712.26228,42817.04004,48406.84523
OECD ENV-Growth 2025,SSP1,1,Serbia,SRB,USD_2010/yr,GDP|PPP [per capita],ANNUAL,19176.37558,23643.50486,28641.00498,33784.28723,38805.82914,43411.65424,47742.9475,52045.49059,56525.29978,61156.89684,65884.01162,70715.90628,75636.12633,80734.00149,86080.71109,91744.18005
OECD ENV-Growth 2025,SSP1,1,Serbia,SRB,USD_2015/yr,GDP|PPP [per capita],ANNUAL,20369.79834,25114.93499,30423.44959,35886.81892,41220.87152,46113.3356,50714.1826,55284.49021,60043.09589,64962.93581,69984.2379,75116.84075,80343.26582,85758.40221,91437.85898,97453.78834
OECD ENV-Growth 2025,SSP1,1,Serbia,SRB,USD_2017/yr,GDP|PPP [per capita],ANNUAL,21264.03611,26217.48511,31759.04445,37462.25666,43030.47512,48137.71924,52940.54425,57711.48918,62678.99849,67814.82026,73056.55841,78414.48344,83870.3495,89523.21134,95451.99728,101732.027
OECD ENV-Growth 2025,SSP1,1,Seychelles,SYC,USD_2010/yr,GDP|PPP [per capita],ANNUAL,32157.61664,37495.90209,43350.02574,49369.04899,55499.88473,61680.8489,67975.00884,74427.02863,81252.30662,88307.63754,95482.30301,102766.6213,110307.2687,118118.9546,126288.3799,134824.1117
OECD ENV-Growth 2025,SSP1,1,Seychelles,SYC,USD_2015/yr,GDP|PPP [per capita],ANNUAL,33020.9036,38502.49794,44513.77841,50694.38529,56989.80631,63336.7015,69799.83124,76425.05866,83433.56458,90678.29931,98045.57219,105525.4415,113268.5213,121289.9158,129678.6533,138443.531
OECD ENV-Growth 2025,SSP1,1,Seychelles,SYC,USD_2017/yr,GDP|PPP [per capita],ANNUAL,33744.5556,39346.27889,45489.29637,51805.35104,58238.736,64724.72318,71329.4922,78099.91126,85262.00835,92665.5112,100194.2376,107838.028,115750.7972,123947.9802,132520.5566,141477.5163
OECD ENV-Growth 2025,SSP1,1,Sierra Leone,SLE,USD_2010/yr,GDP|PPP [per capita],ANNUAL,1423.26104,1650.838714,2018.827389,2570.744908,3329.968249,4296.051536,5487.838937,6947.049766,8701.848131,10767.0862,13165.87582,15885.85861,18930.73885,22338.32158,26158.7631,30452.19178
OECD ENV-Growth 2025,SSP1,1,Sierra Leone,SLE,USD_2015/yr,GDP|PPP [per capita],ANNUAL,1825.608126,2117.5206,2589.537394,3297.47858,4271.32966,5510.518711,7039.217033,8910.937731,11161.80673,13810.87482,16887.78742,20376.6925,24282.34154,28653.22682,33553.6835,39060.83789
OECD ENV-Growth 2025,SSP1,1,Sierra Leone,SLE,USD_2017/yr,GDP|PPP [per capita],ANNUAL,1764.540894,2046.688794,2502.916462,3187.176766,4128.452186,5326.18993,6803.752758,8612.863743,10788.44039,13348.89622,16322.88501,19695.085,23470.08871,27694.76634,32431.30103,37754.23918
OECD ENV-Growth 2025,SSP1,1,Singapore,SGP,USD_2010/yr,GDP|PPP [per capita],ANNUAL,101705.0983,111911.7983,120906.0615,125748.9433,127369.087,126504.4785,125250.2465,123892.8825,122717.6761,121309.7435,119419.6695,117085.8285,114438.7894,111628.3565,108849.016,107741.3507
OECD ENV-Growth 2025,SSP1,1,Singapore,SGP,USD_2015/yr,GDP|PPP [per capita],ANNUAL,102712.1776,113019.9439,122103.2679,126994.1037,128630.29,127757.1202,126490.4688,125119.6643,123932.821,122510.9471,120602.1577,118245.2071,115571.9571,112733.6954,109926.834,108808.2007
OECD ENV-Growth 2025,SSP1,1,Singapore,SGP,USD_2017/yr,GDP|PPP [per capita],ANNUAL,105442.2894,116024.0383,125348.799,130369.6342,132049.3107,131152.9319,129852.6127,128445.3718,127226.982,125767.3144,123807.789,121388.1901,118643.8846,115730.1813,112848.7129,111700.3461
OECD ENV-Growth 2025,SSP1,1,Slovakia,SVK,USD_2010/yr,GDP|PPP [per capita],ANNUAL,34196.49345,38201.40811,42800.01711,47758.64457,52367.96189,56704.25987,60891.34491,65048.26117,69375.69588,73822.97306,78133.80206,82180.62544,85911.32285,89370.09389,92599.57482,95593.70316
OECD ENV-Growth 2025,SSP1,1,Slovakia,SVK,USD_2015/yr,GDP|PPP [per capita],ANNUAL,36000.13342,40216.28096,45057.43633,50277.59875,55130.02723,59695.03638,64102.9626,68479.12883,73034.80725,77716.64903,82254.84589,86515.11256,90442.57971,94083.77816,97483.59295,100635.6419
OECD ENV-Growth 2025,SSP1,1,Slovakia,SVK,USD_2017/yr,GDP|PPP [per capita],ANNUAL,34504.23674,38545.19268,43185.18579,48188.43725,52839.23503,57214.5565,61439.32223,65633.64767,70000.02612,74487.32552,78836.94881,82920.19062,86684.46156,90174.359,93432.90288,96453.97617
OECD ENV-Growth 2025,SSP1,1,Slovenia,SVN,USD_2010/yr,GDP|PPP [per capita],ANNUAL,36201.94717,40990.6409,45243.81593,48986.47915,51981.83227,54763.43778,57489.30448,60345.06976,63179.25864,65886.51975,68358.8565,70564.00847,72548.81798,74363.24862,76011.27578,77456.48722
OECD ENV-Growth 2025,SSP1,1,Slovenia,SVN,USD_2015/yr,GDP|PPP [per capita],ANNUAL,40602.85028,45973.68333,50743.89716,54941.53862,58301.02296,61420.77537,64478.01306,67680.9405,70859.6686,73896.03892,76668.9262,79142.14828,81368.24189,83403.24447,85251.61466,86872.51376
OECD ENV-Growth 2025,SSP1,1,Slovenia,SVN,USD_2017/yr,GDP|PPP [per capita],ANNUAL,43390.28562,49129.83293,54227.52777,58713.34246,62303.4595,65637.38673,68904.50753,72327.31985,75724.27153,78969.09238,81932.34177,84575.35356,86954.27123,89128.97922,91104.24229,92836.4181
OECD ENV-Growth 2025,SSP1,1,Solomon Islands,SLB,USD_2010/yr,GDP|PPP [per capita],ANNUAL,1786.438317,1915.105475,2325.411269,3139.419352,4514.612904,6581.188496,9538.77622,13645.13272,19148.47056,26255.31835,35134.3273,45920.70913,58671.59518,73471.02623,90372.06192,109503.3672
OECD ENV-Growth 2025,SSP1,1,Solomon Islands,SLB,USD_2015/yr,GDP|PPP [per capita],ANNUAL,1944.571007,2084.627578,2531.252991,3417.31578,4914.239287,7163.744877,10383.13358,14852.97825,20843.46284,28579.39754,38244.3623,49985.53757,63865.11185,79974.5651,98371.6537,119196.4318
OECD ENV-Growth 2025,SSP1,1,Solomon Islands,SLB,USD_2017/yr,GDP|PPP [per capita],ANNUAL,2001.223648,2145.360591,2604.997876,3516.874994,5057.409492,7372.45161,10685.63317,15285.70117,21450.71102,29412.02249,39358.56388,51441.80359,65725.74188,82304.52386,101237.5886,122669.0705
OECD ENV-Growth 2025,SSP1,1,Somalia,SOM,USD_2017/yr,GDP|PPP [per capita],ANNUAL,1484.397509,1636.76074,2001.351421,2586.092908,3403.985041,4446.470153,5737.460759,7338.684068,9268.530379,11510.11009,14073.63882,16975.71813,20268.96639,24022.07348,28311.72367,33157.8755
OECD ENV-Growth 2025,SSP1,1,South Africa,ZAF,USD_2010/yr,GDP|PPP [per capita],ANNUAL,12960.15318,13492.13709,15047.18085,17478.13933,20673.84286,24456.28901,28812.08284,33819.61734,39477.9556,45724.95073,52497.31135,59818.36888,67701.91606,76134.74711,85075.84218,94499.3355
OECD ENV-Growth 2025,SSP1,1,South Africa,ZAF,USD_2015/yr,GDP|PPP [per capita],ANNUAL,13367.2372,13915.93095,15519.8193,18027.13524,21323.2172,25224.47162,29717.08282,34881.90614,40717.97525,47161.19119,54146.27459,61697.2897,69828.4625,78526.17242,87748.11115,97467.60046
OECD ENV-Growth 2025,SSP1,1,South Africa,ZAF,USD_2017/yr,GDP|PPP [per capita],ANNUAL,13667.87579,14228.91006,15868.87099,18432.57823,21802.7914,25791.78778,30385.44098,35666.42482,41633.75124,48221.87965,55364.0625,63084.90528,71398.95389,80292.28144,89721.62808,99659.71557
OECD ENV-Growth 2025,SSP1,1,South Korea,KOR,USD_2010/yr,GDP|PPP [per capita],ANNUAL,44602.54562,49494.21353,54091.57571,58775.39859,63481.28334,67673.85477,71576.81223,75371.80133,79211.95369,82812.77009,86031.14254,88775.84031,91054.83877,92998.33628,94723.16862,96196.30119
OECD ENV-Growth 2025,SSP1,1,South Korea,KOR,USD_2015/yr,GDP|PPP [per capita],ANNUAL,47184.7082,52359.56806,57223.08403,62178.06614,67156.38736,71591.67814,75720.58841,79735.27974,83797.74896,87607.02641,91011.71919,93915.31497,96326.25084,98382.26271,100206.9503,101765.3665
OECD ENV-Growth 2025,SSP1,1,South Korea,KOR,USD_2017/yr,GDP|PPP [per capita],ANNUAL,48337.90561,53639.2394,58621.62002,63697.70223,68797.69394,73341.38353,77571.20464,81684.01529,85845.77153,89748.14797,93236.05167,96210.61153,98680.47083,100786.7318,102656.0148,104252.5188
OECD ENV-Growth 2025,SSP1,1,South Sudan,SSD,USD_2010/yr,GDP|PPP [per capita],ANNUAL,19794.0123,24715.77396,31168.00168,40050.60236,52963.18984,70336.06056,93064.02033,122092.0949,157729.6688,200603.5969,252241.7634,314080.6538,387215.2388,472448.4491,570441.8635,682777.4689
OECD ENV-Growth 2025,SSP1,1,South Sudan,SSD,USD_2015/yr,GDP|PPP [per capita],ANNUAL,1370.760125,1711.59828,2158.423125,2773.554338,3667.767182,4870.860222,6444.799882,8455.030375,10922.97697,13892.05015,17468.05781,21750.47836,26815.13991,32717.64639,39503.81298,47283.19425
OECD ENV-Growth 2025,SSP1,1,South Sudan,SSD,USD_2017/yr,GDP|PPP [per capita],ANNUAL,578.3871208,722.2025088,910.7385851,1170.290906,1547.600679,2055.241299,2719.359267,3567.568524,4608.909383,5861.698734,7370.581826,9177.533203,11314.54825,13805.08884,16668.48651,19950.96742
OECD ENV-Growth 2025,SSP1,1,Spain,ESP,USD_2010/yr,GDP|PPP [per capita],ANNUAL,36307.97898,38668.72216,42221.04606,46705.0549,51684.44302,56648.89892,61867.79088,67409.32833,73110.74651,78537.20105,83583.05752,88199.17149,92476.46005,96460.72147,100232.2612,103803.124
OECD ENV-Growth 2025,SSP1,1,Spain,ESP,USD_2015/yr,GDP|PPP [per capita],ANNUAL,39938.33208,42535.12066,46442.63344,51374.98822,56852.25415,62313.09483,68053.81204,74149.43535,80420.92551,86389.95903,91940.33932,97018.00814,101722.9732,106105.6119,110254.2594,114182.1648
OECD ENV-Growth 2025,SSP1,1,Spain,ESP,USD_2017/yr,GDP|PPP [per capita],ANNUAL,42768.90663,45549.73904,49734.19143,55016.1201,60881.57974,66729.45002,72877.0327,79404.67495,86120.64838,92512.72897,98456.48486,103894.0265,108932.4495,113625.7017,118068.3789,122274.6692
OECD ENV-Growth 2025,SSP1,1,Sri Lanka,LKA,USD_2010/yr,GDP|PPP [per capita],ANNUAL,11056.62223,12795.2531,15094.66749,17967.44901,21351.95617,24990.26688,28916.09669,33200.38771,37817.40904,42684.3893,47770.9315,53069.09637,58580.36503,64279.1982,70151.00123,76190.92853
OECD ENV-Growth 2025,SSP1,1,Sri Lanka,LKA,USD_2015/yr,GDP|PPP [per capita],ANNUAL,12093.88538,13995.62372,16510.75479,19653.0427,23355.06316,27334.69742,31628.82403,36315.04044,41365.20184,46688.77175,52252.50152,58047.70708,64076.0085,70309.47056,76732.12942,83338.68493
OECD ENV-Growth 2025,SSP1,1,Sri Lanka,LKA,USD_2017/yr,GDP|PPP [per capita],ANNUAL,12304.42642,14239.27191,16798.18859,19995.18023,23761.64873,27810.56398,32179.44654,36947.24474,42085.32382,47501.57113,53162.15923,59058.25285,65191.50026,71533.47993,78067.95012,84789.51838
OECD ENV-Growth 2025,SSP1,1,Sudan,SDN,USD_2010/yr,GDP|PPP [per capita],ANNUAL,2587.369012,2920.690506,3373.347957,3945.836006,4622.01453,5342.835051,6154.29253,7129.916282,8320.738485,9741.908503,11420.38224,13350.60034,15564.70921,18072.88846,20911.76188,24102.00566
OECD ENV-Growth 2025,SSP1,1,Sudan,SDN,USD_2015/yr,GDP|PPP [per capita],ANNUAL,2856.441187,3224.426286,3724.157627,4356.18129,5102.678669,5898.460567,6794.30517,7871.388437,9186.049611,10755.01351,12608.0393,14738.98949,17183.35353,19952.36965,23086.47032,26608.48195
OECD ENV-Growth 2025,SSP1,1,Sudan,SDN,USD_2017/yr,GDP|PPP [per capita],ANNUAL,3045.249714,3437.55834,3970.321533,4644.121465,5439.961737,6288.344195,7243.403425,8391.681054,9793.240303,11465.91149,13441.42083,15713.22516,18319.15975,21271.20567,24612.46795,28367.28179
OECD ENV-Growth 2025,SSP1,1,Suriname,SUR,USD_2010/yr,GDP|PPP [per capita],ANNUAL,12041.14002,13481.25579,15459.88586,18090.65069,21212.80014,24585.02848,28138.06436,31972.79269,36032.99541,40212.11651,44506.43722,48878.86777,53330.23605,57932.88136,62705.94679,67681.88995
OECD ENV-Growth 2025,SSP1,1,Suriname,SUR,USD_2015/yr,GDP|PPP [per capita],ANNUAL,13933.56113,15600.00975,17889.60716,20933.83076,24546.66643,28448.88413,32560.32562,36997.73116,41696.04733,46531.97144,51501.20027,56560.81491,61711.77337,67037.784,72560.99849,78318.97555
OECD ENV-Growth 2025,SSP1,1,Suriname,SUR,USD_2017/yr,GDP|PPP [per capita],ANNUAL,15639.32687,17509.78442,20079.6775,23496.57915,27551.70314,31931.63571,36546.40552,41527.04436,46800.53486,52228.47946,57806.04814,63485.06776,69266.61366,75244.64185,81444.01585,87906.8924
OECD ENV-Growth 2025,SSP1,1,Sweden,SWE,USD_2010/yr,GDP|PPP [per capita],ANNUAL,49887.03829,55607.44168,60745.59295,65621.64216,70058.00738,73797.36981,77422.4356,81341.68881,85607.75085,89832.00868,93805.57661,97569.6483,101338.6191,105212.0064,109064.3385,112627.6591
OECD ENV-Growth 2025,SSP1,1,Sweden,SWE,USD_2015/yr,GDP|PPP [per capita],ANNUAL,54420.67923,60660.94221,66266.03907,71585.21454,76424.74835,80503.93706,84458.44206,88733.86969,93387.62349,97995.77398,102330.4524,106436.5958,110548.0837,114773.4772,118975.9021,122863.0505
OECD ENV-Growth 2025,SSP1,1,Sweden,SWE,USD_2017/yr,GDP|PPP [per capita],ANNUAL,56438.40878,62910.03901,68722.95337,74239.34537,79258.31227,83488.74311,87589.86741,92023.81303,96850.11184,101629.1165,106124.5097,110382.8947,114646.8222,119028.8786,123387.1148,127418.3852
OECD ENV-Growth 2025,SSP1,1,Switzerland,CHE,USD_2010/yr,GDP|PPP [per capita],ANNUAL,61693.28896,63907.51545,66650.45473,69455.1487,72216.90655,74690.71424,77209.60324,80089.31033,83448.62456,86978.52922,90457.82993,93818.79586,97038.67397,100155.7152,103096.7171,105827.637
OECD ENV-Growth 2025,SSP1,1,Switzerland,CHE,USD_2015/yr,GDP|PPP [per capita],ANNUAL,71779.47976,74355.70851,77547.08894,80810.32028,84023.5959,86901.8446,89832.54493,93183.05324,97091.5793,101198.5855,105246.7145,109157.1623,112903.456,116530.1,119951.9241,123129.3201
OECD ENV-Growth 2025,SSP1,1,Switzerland,CHE,USD_2017/yr,GDP|PPP [per capita],ANNUAL,73952.72859,76606.95716,79894.9622,83256.99355,86567.55669,89532.94939,92552.38177,96004.33256,100031.1961,104262.549,108433.2422,112462.0856,116321.8048,120058.2518,123583.6777,126857.2749
OECD ENV-Growth 2025,SSP1,1,Taiwan,TWN,USD_2010/yr,GDP|PPP [per capita],ANNUAL,58808.37869,66961.07819,73108.26614,75935.96741,76476.09888,75783.75154,74837.92554,74001.49405,73422.90611,73107.51456,73059.28349,73206.94411,73534.9464,74029.9422,74700.18155,75581.39918
OECD ENV-Growth 2025,SSP1,1,Taiwan,TWN,USD_2015/yr,GDP|PPP [per capita],ANNUAL,63135.66065,71888.25817,78487.77308,81523.54438,82103.4202,81360.12805,80344.70557,79446.72715,78825.56512,78486.9662,78435.18615,78593.71205,78945.84965,79477.2686,80196.826,81142.88604
OECD ENV-Growth 2025,SSP1,1,Taiwan,TWN,USD_2017/yr,GDP|PPP [per capita],ANNUAL,62054.1194,70656.78113,77143.24349,80127.01071,80696.953,79966.39377,78968.36592,78085.77026,77475.24901,77142.45043,77091.5574,77247.36768,77593.47301,78115.78852,78823.01959,79752.87322
OECD ENV-Growth 2025,SSP1,1,Tajikistan,TJK,USD_2010/yr,GDP|PPP [per capita],ANNUAL,4485.901699,5214.735072,6214.633308,7528.673292,9140.495829,11040.69957,13265.47248,15858.83283,18780.18509,21973.6515,25420.1386,29165.96727,33233.63473,37648.72726,42393.65085,47476.54597
OECD ENV-Growth 2025,SSP1,1,Tajikistan,TJK,USD_2015/yr,GDP|PPP [per capita],ANNUAL,4629.562694,5381.736954,6413.656929,7769.779041,9433.220193,11394.27796,13690.29922,16366.71192,19381.62049,22677.35765,26234.21849,30100.00732,34297.94183,38854.42769,43751.30745,48996.98227
OECD ENV-Growth 2025,SSP1,1,Tajikistan,TJK,USD_2017/yr,GDP|PPP [per capita],ANNUAL,4611.021775,5360.183655,6387.970899,7738.661882,9395.441124,11348.64506,13635.47099,16301.16494,19303.99911,22586.53718,26129.15317,29979.45991,34160.58213,38698.81973,43576.088,48800.75444
OECD ENV-Growth 2025,SSP1,1,Tanzania,TZA,USD_2010/yr,GDP|PPP [per capita],ANNUAL,3099.182723,3860.27201,4863.38008,6060.331489,7496.29044,9149.097317,11096.1564,13437.36012,16231.96557,19475.69283,23193.99093,27416.0537,32200.32562,37629.80761,43740.17491,50557.12697
OECD ENV-Growth 2025,SSP1,1,Tanzania,TZA,USD_2015/yr,GDP|PPP [per capita],ANNUAL,2978.184595,3709.559475,4673.504252,5823.724348,7203.620666,8791.898744,10662.94085,12912.73942,15598.23803,18715.32387,22288.45236,26345.67759,30943.16221,36160.66665,42032.47332,48583.2783
OECD ENV-Growth 2025,SSP1,1,Tanzania,TZA,USD_2017/yr,GDP|PPP [per capita],ANNUAL,2983.262107,3715.883909,4681.472118,5833.653226,7215.902131,8806.888068,10681.12012,12934.75437,15624.83149,18747.23165,22326.45198,26390.59438,30995.91726,36222.31703,42104.13455,48666.10801
OECD ENV-Growth 2025,SSP1,1,Thailand,THA,USD_2010/yr,GDP|PPP [per capita],ANNUAL,17456.2403,20270.15557,23563.3558,27166.27664,30931.81138,34709.54979,38418.80137,42213.02424,46145.16486,50049.13945,53987.91442,57904.11366,61862.34074,65900.79521,70061.70426,74358.48543
OECD ENV-Growth 2025,SSP1,1,Thailand,THA,USD_2015/yr,GDP|PPP [per capita],ANNUAL,18504.23979,21487.09073,24978.00091,28797.22601,32788.82767,36793.36566,40725.30516,44747.31726,48915.52712,53053.87998,57229.12249,61380.43391,65576.29635,69857.20271,74267.91529,78822.65719
OECD ENV-Growth 2025,SSP1,1,Thailand,THA,USD_2017/yr,GDP|PPP [per capita],ANNUAL,19045.53288,22115.63932,25708.66693,29639.61346,33747.97898,37869.65925,41916.61734,46056.28288,50346.4228,54605.83234,58903.21064,63175.95781,67494.55922,71900.69228,76440.42872,81128.40767
OECD ENV-Growth 2025,SSP1,1,Timor-Leste,TLS,USD_2010/yr,GDP|PPP [per capita],ANNUAL,2010.470553,2217.161264,2651.978251,3377.585825,4452.000813,5863.514315,7645.496218,9881.426423,12636.08035,15942.54784,19819.87211,24292.88948,29369.38981,35129.11522,41612.42557,48811.89593
OECD ENV-Growth 2025,SSP1,1,Timor-Leste,TLS,USD_2015/yr,GDP|PPP [per capita],ANNUAL,2683.247243,2959.104197,3539.426789,4507.849092,5941.802477,7825.65982,10203.95779,13188.1117,16864.57319,21277.50515,26452.32338,32422.17532,39197.4576,46884.59696,55537.45916,65146.13458
OECD ENV-Growth 2025,SSP1,1,Timor-Leste,TLS,USD_2017/yr,GDP|PPP [per capita],ANNUAL,3000.962102,3309.482409,3958.519172,5041.609311,6645.352603,8752.271562,11412.17631,14749.67448,18861.4542,23796.90755,29584.45972,36261.18302,43838.70515,52436.05449,62113.47486,72859.88329
OECD ENV-Growth 2025,SSP1,1,Togo,TGO,USD_2010/yr,GDP|PPP [per capita],ANNUAL,2371.023657,2864.474731,3567.423814,4457.857242,5583.715495,6951.734868,8598.593412,10596.26178,12981.48087,15789.71345,19027.8435,22709.55231,26834.79608,31449.09623,36601.53397,42355.71312
OECD ENV-Growth 2025,SSP1,1,Togo,TGO,USD_2015/yr,GDP|PPP [per capita],ANNUAL,2433.917969,2940.458437,3662.054107,4576.107375,5731.830399,7136.138165,8826.681651,10877.34063,13325.83058,16208.55497,19532.58039,23311.95105,27546.62197,32283.32209,37572.43456,43479.25037
OECD ENV-Growth 2025,SSP1,1,Togo,TGO,USD_2017/yr,GDP|PPP [per capita],ANNUAL,2430.79197,2936.681864,3657.350754,4570.230059,5724.468732,7126.972878,8815.345118,10863.37033,13308.71557,16187.73754,19507.49376,23282.01038,27511.24251,32241.85906,37524.17847,43423.40787
OECD ENV-Growth 2025,SSP1,1,Tonga,TON,USD_2010/yr,GDP|PPP [per capita],ANNUAL,5029.654749,5335.815475,6099.557775,7367.770204,9193.139897,11527.16144,14436.25503,18054.0222,22405.20208,27420.16599,32991.63257,39091.75465,45705.00125,52887.8051,60625.37687,68870.9872
OECD ENV-Growth 2025,SSP1,1,Tonga,TON,USD_2015/yr,GDP|PPP [per capita],ANNUAL,5473.684667,5806.873993,6638.041285,8018.214533,10004.73222,12544.80674,15710.72206,19647.87435,24383.18676,29840.88365,35904.21259,42542.868,49739.94778,57556.86668,65977.52975,74951.08223
OECD ENV-Growth 2025,SSP1,1,Tonga,TON,USD_2017/yr,GDP|PPP [per capita],ANNUAL,5635.39805,5978.431051,6834.154173,8255.102967,10300.30991,12915.42786,16174.87631,20228.34699,25103.55847,30722.4964,36964.95905,43799.74549,51209.45428,59257.31458,67926.75594,77165.42116
OECD ENV-Growth 2025,SSP1,1,Trinidad and Tobago,TTO,USD_2010/yr,GDP|PPP [per capita],ANNUAL,25966.61158,27912.94073,30467.70309,33989.78696,38231.00851,42954.50188,48231.16515,54307.38613,61020.8733,68109.36198,75524.15094,83324.66043,91520.11426,100097.937,109024.9001,118242.5019
OECD ENV-Growth 2025,SSP1,1,Trinidad and Tobago,TTO,USD_2015/yr,GDP|PPP [per capita],ANNUAL,22465.56026,24149.46787,26359.77426,29406.97921,33076.36126,37162.99092,41728.20715,46985.17755,52793.49221,58926.24731,65341.30795,72090.08283,79180.55212,86601.83592,94325.18583,102299.988
OECD ENV-Growth 2025,SSP1,1,Trinidad and Tobago,TTO,USD_2017/yr,GDP|PPP [per capita],ANNUAL,24454.14704,26287.10931,28693.06567,32010.00044,36004.18563,40452.552,45421.86803,51144.17034,57466.62031,64142.22925,71125.13261,78471.28964,86189.38688,94267.58137,102674.58,111355.2887
OECD ENV-Growth 2025,SSP1,1,Tunisia,TUN,USD_2010/yr,GDP|PPP [per capita],ANNUAL,9977.429637,11043.30104,12595.74583,14775.53677,17574.78094,20815.56609,24554.28339,28901.19181,33838.37085,39295.66789,45064.664,50999.0604,57056.06099,63225.07071,69473.36666,75757.62622
OECD ENV-Growth 2025,SSP1,1,Tunisia,TUN,USD_2015/yr,GDP|PPP [per capita],ANNUAL,10833.97767,11991.3526,13677.07255,16043.99542,19083.55069,22602.5526,26662.23342,31382.31769,36743.34648,42669.14465,48933.4008,55377.25663,61954.24203,68652.8524,75437.5556,82261.30984
OECD ENV-Growth 2025,SSP1,1,Tunisia,TUN,USD_2017/yr,GDP|PPP [per capita],ANNUAL,11170.13161,12363.41728,14101.44133,16541.80448,19675.67031,23303.85893,27489.50251,32356.04037,37883.40982,43993.07216,50451.69409,57095.48825,63876.54271,70782.99587,77778.21315,84813.69312
OECD ENV-Growth 2025,SSP1,1,Turkey,TUR,USD_2010/yr,GDP|PPP [per capita],ANNUAL,31406.82715,36932.73117,42923.67602,48685.90558,54067.44578,58870.99241,63440.74274,68024.95907,72504.10643,76685.6879,80625.31023,84345.552,87960.02704,91559.95626,95175.61609,98798.19999
OECD ENV-Growth 2025,SSP1,1,Turkey,TUR,USD_2015/yr,GDP|PPP [per capita],ANNUAL,35575.10261,41834.39782,48620.4535,55147.43908,61243.21067,66684.2781,71860.52007,77053.14796,82126.76224,86863.31806,91325.80223,95539.7899,99633.97362,103711.681,107807.2068,111910.5756
OECD ENV-Growth 2025,SSP1,1,Turkey,TUR,USD_2017/yr,GDP|PPP [per capita],ANNUAL,35858.60071,42167.77626,49007.91004,55586.90918,61731.258,67215.68531,72433.17677,77667.18472,82781.23065,87555.5321,92053.57781,96301.14677,100427.957,104538.1597,108666.3227,112802.3913
OECD ENV-Growth 2025,SSP1,1,Turkmenistan,TKM,USD_2010/yr,GDP|PPP [per capita],ANNUAL,16179.56946,16926.61551,18222.48414,19652.12334,21124.65841,22699.74688,24457.97649,26664.42403,29283.62886,32089.56763,34937.31958,37985.6067,41319.70101,45031.24439,49133.45376,53615.64153
OECD ENV-Growth 2025,SSP1,1,Turkmenistan,TKM,USD_2015/yr,GDP|PPP [per capita],ANNUAL,15531.1763,16248.28462,17492.22156,18864.56824,20278.09175,21790.05885,23477.82774,25595.85232,28110.09301,30803.58433,33537.21316,36463.34075,39663.82186,43226.62585,47164.43996,51467.00491
OECD ENV-Growth 2025,SSP1,1,Turkmenistan,TKM,USD_2017/yr,GDP|PPP [per capita],ANNUAL,15976.57115,16714.24432,17993.85423,19405.55634,20859.61613,22414.94262,24151.11246,26329.87662,28916.21937,31686.95321,34498.9756,37509.01713,40801.27994,44466.25614,48516.99679,52942.94843
OECD ENV-Growth 2025,SSP1,1,Uganda,UGA,USD_2010/yr,GDP|PPP [per capita],ANNUAL,3049.779846,3723.829555,4605.783369,5622.497023,6846.435903,8277.203051,9972.098754,12007.44368,14450.00722,17290.2575,20581.77978,24342.62553,28616.66348,33469.55329,38934.26088,45041.40448
OECD ENV-Growth 2025,SSP1,1,Uganda,UGA,USD_2015/yr,GDP|PPP [per capita],ANNUAL,2712.51768,3312.027103,4096.4494,5000.72902,6089.317711,7361.862414,8869.326818,10679.59162,12852.04245,15378.20155,18305.7284,21650.67823,25452.06853,29768.29792,34628.68677,40060.46737
OECD ENV-Growth 2025,SSP1,1,Uganda,UGA,USD_2017/yr,GDP|PPP [per capita],ANNUAL,2653.727011,3240.242764,4007.66362,4892.344031,5957.338827,7202.302602,8677.094467,10448.12388,12573.48937,15044.8969,17908.97301,21181.42494,24900.42452,29123.10466,33878.15023,39192.20329
OECD ENV-Growth 2025,SSP1,1,Ukraine,UKR,USD_2010/yr,GDP|PPP [per capita],ANNUAL,8207.812578,10096.91991,12661.70848,15869.93156,19416.08914,22973.82941,26585.18299,30369.00247,34307.55537,38373.72042,42517.48476,46753.21144,51169.59264,55826.80997,60728.28285,65895.10462
OECD ENV-Growth 2025,SSP1,1,Ukraine,UKR,USD_2015/yr,GDP|PPP [per capita],ANNUAL,10606.32122,13047.46848,16361.74633,20507.48483,25089.90993,29687.30243,34353.97528,39243.51247,44332.99969,49587.39021,54942.0563,60415.55821,66122.50597,72140.66763,78474.46184,85151.1459
OECD ENV-Growth 2025,SSP1,1,Ukraine,UKR,USD_2017/yr,GDP|PPP [per capita],ANNUAL,11713.29818,14409.22688,18069.41441,22647.84176,27708.5325,32785.75278,37939.48418,43339.34015,48960.01485,54762.80374,60676.33391,66721.10274,73023.68207,79669.95654,86664.80599,94038.33256
OECD ENV-Growth 2025,SSP1,1,United Arab Emirates,ARE,USD_2010/yr,GDP|PPP [per capita],ANNUAL,96821.54531,114712.4833,132097.6267,144284.2518,151452.5194,154553.6479,156076.6451,157994.5557,160784.0951,163914.5103,167054.6951,170705.175,174722.5651,179023.8038,183404.6534,187773.6163
OECD ENV-Growth 2025,SSP1,1,United Arab Emirates,ARE,USD_2015/yr,GDP|PPP [per capita],ANNUAL,82832.26324,98138.22514,113011.4724,123437.3103,129569.8691,132222.9304,133525.877,135166.6779,137553.1701,140231.2866,142917.7611,146040.8006,149477.7372,153157.5105,156905.3921,160643.1044
OECD ENV-Growth 2025,SSP1,1,United Arab Emirates,ARE,USD_2017/yr,GDP|PPP [per capita],ANNUAL,80896.57011,95844.84958,110370.5264,120552.7247,126541.9728,129133.0351,130405.5334,132007.9907,134338.7133,136954.2454,139577.9401,142627.9978,145984.6173,149578.3985,153238.6966,156889.0629
OECD ENV-Growth 2025,SSP1,1,United Kingdom,GBR,USD_2010/yr,GDP|PPP [per capita],ANNUAL,41778.19552,44941.58604,49075.87862,54585.34957,61122.16161,67759.29034,74500.82461,81515.00535,88712.50163,95647.69895,102107.0526,108105.7122,113791.6912,119263.4212,124511.2309,129342.187
OECD ENV-Growth 2025,SSP1,1,United Kingdom,GBR,USD_2015/yr,GDP|PPP [per capita],ANNUAL,45781.49454,49248.00963,53778.46125,59815.86451,66979.05147,74252.16771,81639.69392,89325.99231,97213.17204,104812.9186,111891.2249,118464.6922,124695.517,130691.5629,136442.2318,141736.1031
OECD ENV-Growth 2025,SSP1,1,United Kingdom,GBR,USD_2017/yr,GDP|PPP [per capita],ANNUAL,48099.80914,51741.864,56501.73172,62844.86113,70370.78244,78012.19971,85773.82052,93849.34294,102135.9191,110120.5068,117557.2492,124463.5882,131009.9338,137309.6115,143351.4867,148913.4328
OECD ENV-Growth 2025,SSP1,1,United States,USA,USD_2010/yr,GDP|PPP [per capita],ANNUAL,60483.86936,65009.46297,69755.5558,74699.44905,79537.7653,83882.75383,88084.04819,92301.48859,96623.75976,100873.8364,105053.565,109256.989,113588.3064,118100.3833,122746.0996,127503.6585
OECD ENV-Growth 2025,SSP1,1,United States,USA,USD_2015/yr,GDP|PPP [per capita],ANNUAL,65669.05513,70582.62067,75735.58848,81103.31382,86356.41122,91073.88869,95635.35332,100214.3482,104907.1608,109521.5898,114059.6398,118623.4167,123326.051,128224.941,133268.9272,138434.3441
OECD ENV-Growth 2025,SSP1,1,United States,USA,USD_2017/yr,GDP|PPP [per capita],ANNUAL,67480.29369,72529.38181,77824.47522,83340.24945,88738.23416,93585.82584,98273.10164,102978.3912,107800.6377,112542.3387,117205.5541,121895.2059,126727.545,131761.5528,136944.6588,142252.5446
OECD ENV-Growth 2025,SSP1,1,United States Virgin Islands,VIR,USD_2017/yr,GDP|PPP [per capita],ANNUAL,32926.64808,35941.64594,39186.70529,43469.14979,48383.11168,53531.50849,58897.34147,64690.49236,70927.86573,77369.67541,83871.20951,90384.5866,97086.35649,104039.8541,111394.285,119271.0719
OECD ENV-Growth 2025,SSP1,1,Uruguay,URY,USD_2010/yr,GDP|PPP [per capita],ANNUAL,24744.98369,27935.99329,31343.97617,34887.72156,38479.89434,41971.91476,45459.44565,48978.08379,52584.70232,56049.8426,59363.05369,62489.01969,65506.59028,68468.51937,71369.31592,74207.1492
OECD ENV-Growth 2025,SSP1,1,Uruguay,URY,USD_2015/yr,GDP|PPP [per capita],ANNUAL,25589.50237,28889.41756,32413.71109,36078.40056,39793.17019,43404.36937,47010.92579,50649.65113,54379.35952,57962.76117,61389.04845,64621.70018,67742.25709,70805.27352,73805.07102,76739.75638
OECD ENV-Growth 2025,SSP1,1,Uruguay,URY,USD_2017/yr,GDP|PPP [per capita],ANNUAL,26301.61869,29693.36543,33315.7346,37082.40672,40900.55265,44612.24593,48319.16725,52059.15269,55892.6531,59575.77529,63097.41085,66420.02228,69627.41948,72775.67492,75858.95215,78875.30527
OECD ENV-Growth 2025,SSP1,1,Uzbekistan,UZB,USD_2010/yr,GDP|PPP [per capita],ANNUAL,10346.38685,12759.42165,15791.53127,19186.03771,22631.91028,25972.52024,29413.61254,33171.04717,37207.22658,41444.51794,45822.55368,50408.88883,55302.57913,60540.65144,66109.37749,72018.53977
OECD ENV-Growth 2025,SSP1,1,Uzbekistan,UZB,USD_2015/yr,GDP|PPP [per capita],ANNUAL,9778.827187,12059.49296,14925.27368,18133.57164,21390.418,24547.77602,27800.10434,31351.42176,35166.19319,39171.04441,43308.91935,47643.66727,52268.91011,57219.6436,62482.89255,68067.90281
OECD ENV-Growth 2025,SSP1,1,Uzbekistan,UZB,USD_2017/yr,GDP|PPP [per capita],ANNUAL,9370.309791,11555.69914,14301.75985,17376.02891,20496.81822,23522.27538,26638.73539,30041.69403,33697.10069,37534.64643,41499.65873,45653.3195,50085.33956,54829.25267,59872.62569,65224.31821
OECD ENV-Growth 2025,SSP1,1,Vanuatu,VUT,USD_2010/yr,GDP|PPP [per capita],ANNUAL,2210.782315,2391.617532,2973.625326,3973.878312,5526.231015,7707.837789,10693.5401,14747.48753,20138.03727,26997.92386,35458.53791,45557.99534,57358.6486,70904.55964,86217.56213,103372.4624
OECD ENV-Growth 2025,SSP1,1,Vanuatu,VUT,USD_2015/yr,GDP|PPP [per capita],ANNUAL,2406.762465,2603.628256,3237.22954,4326.152373,6016.117139,8391.117726,11641.49484,16054.81426,21923.22232,29391.22017,38601.84582,49596.5941,62443.34484,77190.06595,93860.52661,112536.1645
OECD ENV-Growth 2025,SSP1,1,Vanuatu,VUT,USD_2017/yr,GDP|PPP [per capita],ANNUAL,2477.061469,2679.677504,3331.785616,4452.514742,6191.841604,8636.213464,11981.53069,16523.75853,22563.57663,30249.70685,39729.36521,51045.25854,64267.24937,79444.70672,96602.09404,115823.2277
OECD ENV-Growth 2025,SSP1,1,Viet Nam,VNM,USD_2010/yr,GDP|PPP [per capita],ANNUAL,11321.37528,15403.91897,20372.70942,25356.65002,30024.31177,34171.08427,38060.62602,41902.0174,45813.80442,49785.93805,53609.27836,57229.78663,60707.34026,64135.58593,67584.6111,71079.39733
OECD ENV-Growth 2025,SSP1,1,Viet Nam,VNM,USD_2015/yr,GDP|PPP [per capita],ANNUAL,12468.21134,16964.30976,22436.43024,27925.23554,33065.72348,37632.55698,41916.1027,46146.62049,50454.66488,54829.16889,59039.80707,63027.06667,66856.89057,70632.4117,74430.81725,78279.61938
OECD ENV-Growth 2025,SSP1,1,Viet Nam,VNM,USD_2017/yr,GDP|PPP [per capita],ANNUAL,13281.40522,18070.74536,23899.76505,29746.55778,35222.31541,40087.00406,44649.92852,49156.3665,53745.38746,58405.20264,62890.46443,67137.77858,71217.38885,75239.15466,79285.29745,83385.12374
OECD ENV-Growth 2025,SSP1,1,Western Sahara,ESH,USD_2017/yr,GDP|PPP [per capita],ANNUAL,1924.494818,1999.394429,2264.543895,2731.304073,3431.613937,4358.728662,5567.61025,7156.449495,9224.692359,11824.43235,15035.61826,18943.37818,23632.89802,29208.30382,35788.35416,43481.11986
OECD ENV-Growth 2025,SSP1,1,Yemen,YEM,USD_2010/yr,GDP|PPP [per capita],ANNUAL,1604.797924,1941.156181,2428.251062,3198.727967,4272.762149,5617.416087,7232.448326,9165.882274,11437.7332,14053.75077,16963.05965,20133.03463,23535.04158,27192.33906,31154.35982,35463.64301
OECD ENV-Growth 2025,SSP1,1,Yemen,YEM,USD_2015/yr,GDP|PPP [per capita],ANNUAL,1696.131677,2051.633068,2566.449946,3380.776949,4515.937564,5937.119698,7644.068154,9687.539493,12088.68811,14853.59091,17928.47709,21278.86463,24874.48976,28739.93476,32927.44573,37481.98286
OECD ENV-Growth 2025,SSP1,1,Yemen,YEM,USD_2017/yr,GDP|PPP [per capita],ANNUAL,1745.675699,2111.561289,2641.415972,3479.529475,4647.848142,6110.543019,7867.351456,9970.512612,12441.7988,15287.46444,18452.16807,21900.42046,25601.07384,29579.42852,33889.25672,38576.83192
OECD ENV-Growth 2025,SSP1,1,Zambia,ZMB,USD_2010/yr,GDP|PPP [per capita],ANNUAL,3556.691466,4094.706173,4867.227656,5816.1752,6992.206354,8388.736961,10051.05064,12049.83814,14436.23113,17208.18321,20421.71587,24076.62342,28189.57576,32795.29139,37940.80602,43689.0811
OECD ENV-Growth 2025,SSP1,1,Zambia,ZMB,USD_2015/yr,GDP|PPP [per capita],ANNUAL,3483.095127,4009.97704,4766.513231,5695.824811,6847.521106,8215.154199,9843.070683,11800.49855,14137.51144,16852.1053,19999.14239,23578.42127,27606.26692,32116.67943,37155.72122,42785.05092
OECD ENV-Growth 2025,SSP1,1,Zambia,ZMB,USD_2017/yr,GDP|PPP [per capita],ANNUAL,3495.598884,4024.37222,4783.624255,5716.271916,6872.102617,8244.645296,9878.405741,11842.86046,14188.26286,16912.60167,20070.93612,23663.06405,27705.36902,32231.97319,37289.10435,42938.64245
OECD ENV-Growth 2025,SSP1,1,Zimbabwe,ZWE,USD_2010/yr,GDP|PPP [per capita],ANNUAL,2398.653522,2642.025422,3069.451951,3586.521776,4206.793636,4905.958682,5699.651983,6638.324618,7752.044216,9060.998907,10593.63428,12388.98231,14490.11448,16972.68929,19891.90274,23304.29158
OECD ENV-Growth 2025,SSP1,1,Zimbabwe,ZWE,USD_2015/yr,GDP|PPP [per capita],ANNUAL,2699.588072,2973.493358,3454.544727,4036.48602,4734.577053,5521.459193,6414.729084,7471.167384,8724.614001,10197.78986,11922.70934,13943.30135,16308.0411,19102.0792,22387.53654,26228.04295
OECD ENV-Growth 2025,SSP1,1,Zimbabwe,ZWE,USD_2017/yr,GDP|PPP [per capita],ANNUAL,2294.040679,2526.798363,2935.583474,3430.102253,4023.322102,4691.994355,5451.072189,6348.806351,7413.953126,8665.820175,10131.61249,11848.65973,13858.1549,16232.45679,19024.35414,22287.91795
OECD ENV-Growth 2025,SSP2,1,Albania,ALB,USD_2010/yr,GDP|PPP [per capita],ANNUAL,15432.88624,18824.22547,22440.73794,26198.98637,30026.48796,33806.24864,37621.7647,41596.78909,45820.9751,50302.27636,54728.04958,59068.84681,63364.34991,67725.394,72159.50584,76672.24691
OECD ENV-Growth 2025,SSP2,1,Albania,ALB,USD_2015/yr,GDP|PPP [per capita],ANNUAL,16746.84149,20426.91918,24351.34136,28429.5669,32582.9418,36684.51114,40824.88007,45138.33786,49722.17088,54585.00992,59387.59329,64097.96579,68759.18783,73491.53103,78303.16294,83200.1186
OECD ENV-Growth 2025,SSP2,1,Albania,ALB,USD_2017/yr,GDP|PPP [per capita],ANNUAL,17481.41035,21322.90777,25419.46738,29676.57666,34012.13157,38293.60858,42615.58704,47118.24658,51903.14086,56979.27923,61992.51893,66909.50311,71775.18093,76715.09951,81737.78466,86849.5361
OECD ENV-Growth 2025,SSP2,1,Algeria,DZA,USD_2010/yr,GDP|PPP [per capita],ANNUAL,14116.87245,14519.43766,15383.74717,16331.02233,17550.6688,19192.91015,21418.08394,24336.89615,28015.0953,32274.04947,37075.60738,42425.90872,48455.38062,55359.08357,63270.78384,72228.57962
OECD ENV-Growth 2025,SSP2,1,Algeria,DZA,USD_2015/yr,GDP|PPP [per capita],ANNUAL,12147.03898,12493.43124,13237.13714,14052.23186,15101.69189,16514.77894,18429.45748,20940.98586,24105.9382,27770.60843,31902.16883,36505.90236,41694.03666,47634.41398,54442.13516,62149.98227
OECD ENV-Growth 2025,SSP2,1,Algeria,DZA,USD_2017/yr,GDP|PPP [per capita],ANNUAL,11625.13995,11956.64942,12668.40191,13448.47598,14452.84583,15805.21942,17637.63356,20041.25381,23070.22358,26577.4408,30531.4882,34937.42175,39902.64722,45587.79549,52103.02208,59479.70059
OECD ENV-Growth 2025,SSP2,1,Angola,AGO,USD_2010/yr,GDP|PPP [per capita],ANNUAL,5073.527339,5298.285889,5693.411747,6215.791876,6958.542043,7953.00999,9223.703702,10778.94798,12652.26846,14856.78908,17420.49142,20375.36426,23768.01379,27668.26471,32041.79833,36888.68258
OECD ENV-Growth 2025,SSP2,1,Angola,AGO,USD_2015/yr,GDP|PPP [per capita],ANNUAL,5408.311571,5647.901147,6069.099972,6625.950129,7417.711768,8477.801158,9832.34348,11490.21286,13487.14717,15837.13635,18570.00841,21719.86291,25336.38145,29493.99622,34156.12395,39322.83705
OECD ENV-Growth 2025,SSP2,1,Angola,AGO,USD_2017/yr,GDP|PPP [per capita],ANNUAL,5918.575652,6180.770057,6641.708203,7251.096131,8117.559,9277.665841,10760.0067,12574.29296,14759.63428,17331.34055,20322.05397,23769.09135,27726.82166,32276.6996,37378.69036,43032.87318
OECD ENV-Growth 2025,SSP2,1,Antigua and Barbuda,ATG,USD_2010/yr,GDP|PPP [per capita],ANNUAL,27660.99698,31025.05458,34887.56258,39037.67554,43709.52546,48994.83551,55020.03666,61880.78315,69741.66051,78375.78299,87816.05767,98072.55033,109238.5419,121386.5922,134551.0763,148776.5291
OECD ENV-Growth 2025,SSP2,1,Antigua and Barbuda,ATG,USD_2015/yr,GDP|PPP [per capita],ANNUAL,24844.80687,27866.36685,31335.62955,35063.2159,39259.42073,44006.62878,49418.39897,55580.6469,62641.20151,70396.27649,78875.42861,88087.69885,98116.8711,109028.1178,120852.3144,133629.4616
OECD ENV-Growth 2025,SSP2,1,Antigua and Barbuda,ATG,USD_2017/yr,GDP|PPP [per capita],ANNUAL,24433.15704,27404.65325,30816.43426,34482.25881,38608.93736,43277.48963,48599.59303,54659.73961,61603.30896,69229.89128,77568.55362,86628.18715,96491.18757,107221.6475,118849.9308,131415.3753
OECD ENV-Growth 2025,SSP2,1,Argentina,ARG,USD_2010/yr,GDP|PPP [per capita],ANNUAL,17109.79652,18878.9633,20535.53113,22433.25649,24688.46571,27359.36855,30451.04907,33943.18779,37849.51967,42126.73285,46719.15531,51633.05946,56907.77971,62573.70945,68627.70618,75035.78995
OECD ENV-Growth 2025,SSP2,1,Argentina,ARG,USD_2015/yr,GDP|PPP [per capita],ANNUAL,18714.96921,20650.11214,22462.09253,24537.8549,27004.63883,29926.11509,33307.84472,37127.60192,41400.41024,46078.89446,51102.15962,56477.06662,62246.64002,68444.12463,75066.08313,82075.34769
OECD ENV-Growth 2025,SSP2,1,Argentina,ARG,USD_2017/yr,GDP|PPP [per capita],ANNUAL,22278.90305,24582.55962,26739.59953,29210.65401,32147.19317,35625.01276,39650.73279,44197.89499,49284.38384,54853.80237,60833.65926,67232.12193,74100.40822,81478.09382,89361.08682,97705.14147
OECD ENV-Growth 2025,SSP2,1,Armenia,ARM,USD_2010/yr,GDP|PPP [per capita],ANNUAL,15363.65144,19490.49873,23919.5103,28068.82362,31772.02124,35159.60666,38511.75359,42112.46527,46020.1757,49881.09521,53326.63923,56668.79316,60065.80586,63624.10797,67367.14222,71300.99398
OECD ENV-Growth 2025,SSP2,1,Armenia,ARM,USD_2015/yr,GDP|PPP [per capita],ANNUAL,16717.88371,21208.49283,26027.90055,30542.95596,34572.5727,38258.75755,41906.38018,45824.47734,50076.63372,54277.87479,58027.12702,61663.8758,65360.3189,69232.26829,73305.23308,77585.83502
OECD ENV-Growth 2025,SSP2,1,Armenia,ARM,USD_2017/yr,GDP|PPP [per capita],ANNUAL,18982.25832,24081.10359,29553.282,34679.88473,39255.29794,43440.76269,47582.44211,52031.23084,56859.32584,61629.60925,65886.68362,70016.01637,74213.12883,78609.51923,83234.15181,88094.54523
OECD ENV-Growth 2025,SSP2,1,Aruba,ABW,USD_2010/yr,GDP|PPP [per capita],ANNUAL,41107.66664,42738.12942,45125.08589,47687.06144,50497.22517,53793.21654,57627.71984,62041.99906,66990.35029,72166.4465,77667.24337,83628.69683,90135.81236,97242.70977,104970.8641,113329.3635
OECD ENV-Growth 2025,SSP2,1,Aruba,ABW,USD_2015/yr,GDP|PPP [per capita],ANNUAL,41361.76992,43002.31125,45404.02247,47981.83465,50809.36915,54125.73438,57983.94031,62425.506,67404.44501,72612.53678,78147.33632,84145.63996,90692.97863,97843.80668,105619.7318,114029.8986
OECD ENV-Growth 2025,SSP2,1,Aruba,ABW,USD_2017/yr,GDP|PPP [per capita],ANNUAL,42301.19485,43978.99681,46435.25665,49071.61712,51963.37171,55355.05955,59300.89458,63843.33887,68935.36152,74261.74154,79922.24964,86056.78913,92752.83356,100066.074,108018.6091,116619.7909
OECD ENV-Growth 2025,SSP2,1,Australia,AUS,USD_2010/yr,GDP|PPP [per capita],ANNUAL,48635.86039,53434.05414,58527.39773,63920.10044,69587.91979,75189.17389,80746.28442,86459.46885,92443.31973,98484.21523,104479.6873,110410.9315,116335.4607,122298.3356,128279.4024,134192.722
OECD ENV-Growth 2025,SSP2,1,Australia,AUS,USD_2015/yr,GDP|PPP [per capita],ANNUAL,52086.2088,57224.79831,62679.47631,68454.7507,74524.6592,80523.28014,86474.62585,92593.11774,99001.47782,105470.9294,111891.7351,118243.7565,124588.5864,130974.4824,137379.861,143712.6861
OECD ENV-Growth 2025,SSP2,1,Australia,AUS,USD_2017/yr,GDP|PPP [per capita],ANNUAL,54339.61844,59700.51914,65391.18329,71416.31382,77748.82523,84006.96497,90215.78421,96598.98087,103284.5863,110033.9263,116732.5158,123359.3452,129978.672,136640.8415,143323.3364,149930.139
OECD ENV-Growth 2025,SSP2,1,Austria,AUT,USD_2010/yr,GDP|PPP [per capita],ANNUAL,46126.58719,50401.66774,53570.20752,56746.05993,59893.89432,62894.29741,65935.07695,69160.3476,72616.12087,76084.14802,79501.81027,82828.96203,86071.24689,89226.13199,92293.81921,95252.27386
OECD ENV-Growth 2025,SSP2,1,Austria,AUT,USD_2015/yr,GDP|PPP [per capita],ANNUAL,53629.70439,58600.18497,62284.13088,65976.5789,69636.4514,73124.91089,76660.3146,80410.21942,84428.12125,88460.27021,92433.86174,96302.22001,100071.9066,103739.9767,107306.665,110746.3526
OECD ENV-Growth 2025,SSP2,1,Austria,AUT,USD_2017/yr,GDP|PPP [per capita],ANNUAL,56849.54915,62118.44972,66023.57406,69937.71098,73817.31657,77515.21779,81262.8817,85237.92502,89497.05547,93771.28844,97983.44829,102084.0568,106080.0696,109968.365,113749.1918,117395.3929
OECD ENV-Growth 2025,SSP2,1,Azerbaijan,AZE,USD_2010/yr,GDP|PPP [per capita],ANNUAL,16359.28773,18075.6157,19617.41981,21217.97492,23206.07372,25713.71817,28645.34974,31991.11495,35736.58381,39860.28227,44374.54936,49315.55244,54720.97875,60594.82715,66861.07879,73512.21841
OECD ENV-Growth 2025,SSP2,1,Azerbaijan,AZE,USD_2015/yr,GDP|PPP [per capita],ANNUAL,15808.61285,17467.16699,18957.07196,20503.75032,22424.92712,24848.161,27681.11004,30914.25245,34533.64396,38518.53338,42880.84436,47655.52686,52878.99949,58555.12653,64610.44799,71037.70161
OECD ENV-Growth 2025,SSP2,1,Azerbaijan,AZE,USD_2017/yr,GDP|PPP [per capita],ANNUAL,15723.23568,17372.83251,18854.69099,20393.01624,22303.8174,24713.96418,27531.61338,30747.29464,34347.13899,38310.50732,42649.25889,47398.15488,52593.41724,58238.88936,64261.508,70654.05012
OECD ENV-Growth 2025,SSP2,1,Bahamas,BHS,USD_2010/yr,GDP|PPP [per capita],ANNUAL,31362.93138,33169.24545,35181.63607,37260.91063,39574.7255,42208.61081,45180.9581,48491.25767,52141.43368,56103.89985,60365.81688,64957.50892,69918.43086,75234.69442,80919.9439,86970.12926
OECD ENV-Growth 2025,SSP2,1,Bahamas,BHS,USD_2015/yr,GDP|PPP [per capita],ANNUAL,34441.8791,36425.52183,38635.47196,40918.87214,43459.83781,46352.29574,49616.44297,53251.71981,57260.23927,61611.70689,66292.02294,71334.48853,76782.43188,82620.6013,88863.98056,95508.12203
OECD ENV-Growth 2025,SSP2,1,Bahamas,BHS,USD_2017/yr,GDP|PPP [per capita],ANNUAL,36916.06779,39042.20875,41410.91425,43858.34622,46581.84632,49682.08868,53180.72128,57077.14416,61373.62217,66037.68459,71054.21879,76458.91814,82298.22341,88555.78728,95247.66989,102369.1041
OECD ENV-Growth 2025,SSP2,1,Bahrain,BHR,USD_2010/yr,GDP|PPP [per capita],ANNUAL,54258.24458,58051.71415,62438.89106,65813.82111,68628.50212,71321.80458,74578.99948,78535.97249,83270.57478,88018.80581,92922.91674,98038.58262,103401.0912,109076.5382,115099.6035,121497.3869
OECD ENV-Growth 2025,SSP2,1,Bahrain,BHR,USD_2015/yr,GDP|PPP [per capita],ANNUAL,48770.82399,52180.64011,56124.11883,59157.72452,61687.74209,64108.65676,67036.43447,70593.21807,74848.98522,79117.00276,83525.13526,88123.42704,92943.59701,98045.0563,103458.9775,109209.7195
OECD ENV-Growth 2025,SSP2,1,Bahrain,BHR,USD_2017/yr,GDP|PPP [per capita],ANNUAL,51588.04726,55194.82976,59366.10164,62574.94211,65251.10493,67811.86258,70908.76196,74671.00146,79172.60096,83687.15849,88349.92464,93213.83455,98312.43932,103708.582,109435.2357,115518.1666
OECD ENV-Growth 2025,SSP2,1,Bangladesh,BGD,USD_2010/yr,GDP|PPP [per capita],ANNUAL,6697.592934,9003.923225,11593.8074,14223.4308,17001.06431,19975.56325,23172.62535,26656.41605,30491.93007,34550.32534,38850.57738,43256.47605,47722.97169,52308.9427,57073.89431,61996.00375
OECD ENV-Growth 2025,SSP2,1,Bangladesh,BGD,USD_2015/yr,GDP|PPP [per capita],ANNUAL,7595.976295,10211.6668,13148.94576,16131.29438,19281.50647,22654.99059,26280.89144,30231.98131,34581.97299,39184.74217,44061.80962,49058.69466,54124.30484,59325.41627,64729.51589,70311.85376
OECD ENV-Growth 2025,SSP2,1,Bangladesh,BGD,USD_2017/yr,GDP|PPP [per capita],ANNUAL,7813.45603,10504.03614,13525.41208,16593.14806,19833.5536,23303.62365,27033.33735,31097.55054,35572.08645,40306.6371,45323.33945,50463.28987,55673.93309,61023.95709,66582.78102,72324.94631
OECD ENV-Growth 2025,SSP2,1,Barbados,BRB,USD_2010/yr,GDP|PPP [per capita],ANNUAL,17346.48194,19089.1847,21130.11949,23686.76984,26709.24658,30183.34437,34039.64747,38290.43052,42966.99847,47969.48644,53293.98881,58932.07659,64923.7262,71274.12429,78004.48034,85155.1355
OECD ENV-Growth 2025,SSP2,1,Barbados,BRB,USD_2015/yr,GDP|PPP [per capita],ANNUAL,16945.73808,18648.18037,20641.96485,23139.55066,26092.20119,29486.03928,33253.25287,37405.833,41974.3614,46861.28033,52062.77438,57570.60929,63423.83793,69627.52713,76202.39639,83187.85487
OECD ENV-Growth 2025,SSP2,1,Barbados,BRB,USD_2017/yr,GDP|PPP [per capita],ANNUAL,16785.78632,18472.15916,20447.1242,22921.13516,25845.91547,29207.71893,32939.37358,37052.75727,41578.16308,46418.95412,51571.35097,57027.19713,62825.17682,68970.30906,75483.11776,82402.64011
OECD ENV-Growth 2025,SSP2,1,Belarus,BLR,USD_2010/yr,GDP|PPP [per capita],ANNUAL,17368.73841,18407.11264,19739.75788,21186.42075,22736.44797,24449.38281,26514.31698,29007.43174,31924.40864,35106.39268,38489.62705,42117.5357,46075.12361,50445.79099,55249.30574,60466.81413
OECD ENV-Growth 2025,SSP2,1,Belarus,BLR,USD_2015/yr,GDP|PPP [per capita],ANNUAL,19323.72474,20478.97605,21961.62086,23571.11687,25295.61168,27201.35064,29498.70917,32272.44335,35517.74865,39057.88969,42821.93336,46858.19129,51261.23643,56123.85635,61468.04398,67272.82344
OECD ENV-Growth 2025,SSP2,1,Belarus,BLR,USD_2017/yr,GDP|PPP [per capita],ANNUAL,19604.56007,20776.60086,22280.79323,23913.68034,25663.23756,27596.67298,29927.41946,32741.46484,36033.93477,39625.52534,43444.27256,47539.19018,52006.22562,56939.51491,62361.37061,68250.51203
OECD ENV-Growth 2025,SSP2,1,Belgium,BEL,USD_2010/yr,GDP|PPP [per capita],ANNUAL,46065.85622,49442.90226,52247.04978,54689.13473,56899.45846,59027.71075,61322.71701,63898.04579,66699.01482,69439.38358,72064.1992,74614.64672,77164.89164,79752.51746,82342.29676,84860.79554
OECD ENV-Growth 2025,SSP2,1,Belgium,BEL,USD_2015/yr,GDP|PPP [per capita],ANNUAL,51820.45484,55619.36527,58773.81005,61520.96301,64007.40287,66401.51883,68983.21986,71880.26161,75031.13084,78113.82955,81066.54009,83935.59238,86804.41678,89715.29173,92628.58917,95461.70165
OECD ENV-Growth 2025,SSP2,1,Belgium,BEL,USD_2017/yr,GDP|PPP [per capita],ANNUAL,55471.89214,59538.48612,62915.20331,65855.92958,68517.57205,71080.38519,73844.00124,76945.17794,80318.06765,83617.9833,86778.7514,89849.96642,92920.93749,96036.92213,99155.49995,102188.2427
OECD ENV-Growth 2025,SSP2,1,Belize,BLZ,USD_2010/yr,GDP|PPP [per capita],ANNUAL,10961.08033,11698.27942,13128.96279,15081.87838,17534.7699,20495.66048,23989.61685,28089.85882,32877.58144,38290.60073,44344.62566,50959.9783,58125.99821,65849.71209,74156.24126,83071.84298
OECD ENV-Growth 2025,SSP2,1,Belize,BLZ,USD_2015/yr,GDP|PPP [per capita],ANNUAL,10160.26281,10843.60207,12169.75958,13979.99498,16253.67803,18998.24567,22236.93327,26037.6112,30475.54237,35493.08598,41104.8033,47236.83768,53879.30754,61038.72618,68738.37958,77002.60663
OECD ENV-Growth 2025,SSP2,1,Belize,BLZ,USD_2017/yr,GDP|PPP [per capita],ANNUAL,10241.55,10930.35631,12267.12374,14091.84193,16383.71558,19150.24113,22414.83986,26245.92511,30719.36195,35777.04842,41433.66228,47614.756,54310.36893,61527.06651,69288.32099,77618.66598
OECD ENV-Growth 2025,SSP2,1,Benin,BEN,USD_2010/yr,GDP|PPP [per capita],ANNUAL,3336.307073,3987.263709,4862.409436,5798.593618,6851.661909,8069.324212,9508.025008,11225.15711,13241.9621,15591.32351,18292.51986,21407.27205,24950.47915,29000.7982,33544.85278,38592.70175
OECD ENV-Growth 2025,SSP2,1,Benin,BEN,USD_2015/yr,GDP|PPP [per capita],ANNUAL,3739.916059,4469.622026,5450.638307,6500.077156,7680.540143,9045.508865,10658.25616,12583.11793,14843.90544,17477.48031,20505.45327,23997.01189,27968.85767,32509.16314,37602.93369,43261.44503
OECD ENV-Growth 2025,SSP2,1,Benin,BEN,USD_2017/yr,GDP|PPP [per capita],ANNUAL,3816.525169,4561.178563,5562.290157,6633.2259,7837.869702,9230.798687,10876.58179,12840.87277,15147.97066,17835.49215,20925.49065,24488.57098,28541.77676,33175.08665,38373.19891,44147.62021
OECD ENV-Growth 2025,SSP2,1,Bhutan,BTN,USD_2010/yr,GDP|PPP [per capita],ANNUAL,9746.056243,11447.42785,13097.31187,14774.94852,16627.18352,18724.39626,21160.56567,23957.40203,27155.62741,30608.05057,34291.1576,38163.7559,42158.09705,46332.57284,50712.32983,55321.48447
OECD ENV-Growth 2025,SSP2,1,Bhutan,BTN,USD_2015/yr,GDP|PPP [per capita],ANNUAL,11481.98457,13486.39765,15430.15237,17406.60291,19588.75056,22059.51039,24929.6005,28224.5981,31992.47852,36059.83341,40398.96065,44961.33058,49667.1277,54585.14432,59745.00601,65175.12474
OECD ENV-Growth 2025,SSP2,1,Bhutan,BTN,USD_2017/yr,GDP|PPP [per capita],ANNUAL,12103.21858,14216.08063,16265.00241,18348.38902,20648.602,23253.04256,26278.4192,29751.693,33723.43499,38010.85455,42584.75073,47393.96818,52354.37296,57538.47939,62977.51595,68701.43183
OECD ENV-Growth 2025,SSP2,1,Bolivia,BOL,USD_2010/yr,GDP|PPP [per capita],ANNUAL,6594.784831,6945.347686,7590.349565,8631.677073,10035.83133,11820.49667,13998.0937,16574.85691,19548.17461,22884.50644,26590.92876,30713.08068,35277.57061,40298.68154,45754.1041,51645.23799
OECD ENV-Growth 2025,SSP2,1,Bolivia,BOL,USD_2015/yr,GDP|PPP [per capita],ANNUAL,7538.845026,7939.591844,8676.927381,9867.323565,11472.48607,13512.63078,16001.95636,18947.58977,22346.54545,26160.48165,30397.48774,35109.73617,40327.64442,46067.54014,52303.92029,59038.38496
OECD ENV-Growth 2025,SSP2,1,Bolivia,BOL,USD_2017/yr,GDP|PPP [per capita],ANNUAL,8438.451459,8887.019185,9712.340586,11044.78612,12841.49183,15125.08595,17911.46144,21208.59575,25013.14703,29282.19824,34024.80405,39299.36262,45139.92113,51564.75561,58545.31974,66083.40455
OECD ENV-Growth 2025,SSP2,1,Bosnia and Herzegovina,BIH,USD_2010/yr,GDP|PPP [per capita],ANNUAL,16102.76824,19424.89639,22650.96099,25357.85887,27682.23823,29747.40691,31665.78433,33561.68946,35473.05501,37248.79701,38990.61919,40673.66747,42351.09156,44083.55038,45926.82468,47911.83721
OECD ENV-Growth 2025,SSP2,1,Bosnia and Herzegovina,BIH,USD_2015/yr,GDP|PPP [per capita],ANNUAL,17499.83322,21110.18689,24616.14261,27557.88907,30083.92997,32328.27124,34413.08575,36473.4783,38550.67259,40480.47673,42373.4182,44202.48656,46025.44281,47908.20855,49911.40404,52068.63488
OECD ENV-Growth 2025,SSP2,1,Bosnia and Herzegovina,BIH,USD_2017/yr,GDP|PPP [per capita],ANNUAL,18529.20465,22351.92577,26064.10807,29178.89331,31853.52044,34229.87787,36437.3249,38618.91341,40818.29198,42861.61065,44865.89831,46802.55575,48732.74153,50726.25492,52847.28195,55131.40495
OECD ENV-Growth 2025,SSP2,1,Botswana,BWA,USD_2010/yr,GDP|PPP [per capita],ANNUAL,16499.10325,18749.18884,21145.80599,23389.35659,25655.24066,28159.0478,31026.69077,34238.35784,37724.56767,41444.12091,45451.33684,49860.3475,54684.29689,60001.36795,65740.92872,71946.41633
OECD ENV-Growth 2025,SSP2,1,Botswana,BWA,USD_2015/yr,GDP|PPP [per capita],ANNUAL,16523.54592,18776.9649,21177.13253,23424.00685,25693.24773,28200.76414,31072.65539,34289.0804,37780.45489,41505.51848,45518.67092,49934.21333,54765.30918,60090.25723,65838.3209,72053.00166
OECD ENV-Growth 2025,SSP2,1,Botswana,BWA,USD_2017/yr,GDP|PPP [per capita],ANNUAL,16845.39401,19142.70543,21589.62389,23880.26316,26193.70465,28750.06284,31677.89322,34956.96824,38516.34824,42313.96918,46405.2904,50906.8394,55832.03606,61260.70424,67120.72956,73456.4608
OECD ENV-Growth 2025,SSP2,1,Brazil,BRA,USD_2010/yr,GDP|PPP [per capita],ANNUAL,15402.68303,16391.90049,18356.79504,21057.18527,24478.17373,28544.05626,33223.80487,38452.03877,44296.46072,50647.05785,57546.95752,64920.05595,72756.64741,81047.96421,89760.98716,98865.62028
OECD ENV-Growth 2025,SSP2,1,Brazil,BRA,USD_2015/yr,GDP|PPP [per capita],ANNUAL,15674.09454,16680.74306,18680.26111,21428.23506,24909.50494,29047.03261,33809.24333,39129.60422,45077.01104,51539.51238,58560.99555,66064.01576,74038.69621,82476.11475,91342.67035,100607.7367
OECD ENV-Growth 2025,SSP2,1,Brazil,BRA,USD_2017/yr,GDP|PPP [per capita],ANNUAL,15999.26357,17026.79565,19067.79498,21872.77739,25426.26842,29649.63173,34510.63753,39941.37267,46012.16223,52608.73226,59775.88055,67434.55567,75574.67593,84187.13406,93237.63198,102694.908
OECD ENV-Growth 2025,SSP2,1,Brunei Darussalam,BRN,USD_2010/yr,GDP|PPP [per capita],ANNUAL,71470.6687,79976.4744,86954.61274,91043.68384,93419.68363,95016.49214,96499.85905,98195.30584,100330.072,102268.536,104311.1918,106442.848,108805.0976,111555.9148,114742.8988,118400.7304
OECD ENV-Growth 2025,SSP2,1,Brunei Darussalam,BRN,USD_2015/yr,GDP|PPP [per capita],ANNUAL,59751.35627,66862.43325,72696.34019,76114.91103,78101.30927,79436.28312,80676.41682,82093.85487,83878.57547,85499.18227,87206.89614,88989.01678,90963.91947,93263.67492,95928.07723,98986.1205
OECD ENV-Growth 2025,SSP2,1,Brunei Darussalam,BRN,USD_2017/yr,GDP|PPP [per capita],ANNUAL,60299.41768,67475.72007,73363.13775,76813.06498,78817.68319,80164.90191,81416.41057,82846.84989,84647.9406,86283.4122,88006.78985,89805.25676,91798.27398,94119.12363,96807.96483,99894.05759
OECD ENV-Growth 2025,SSP2,1,Bulgaria,BGR,USD_2010/yr,GDP|PPP [per capita],ANNUAL,23196.70483,27648.97859,31938.38365,35924.99031,39725.65067,43471.80556,47342.23222,51338.56537,55444.89689,59574.89849,63750.23829,67997.1165,72362.18766,76914.33789,81736.8616,86921.38855
OECD ENV-Growth 2025,SSP2,1,Bulgaria,BGR,USD_2015/yr,GDP|PPP [per capita],ANNUAL,25792.56595,30743.07792,35512.49511,39945.22881,44171.20761,48336.58144,52640.13384,57083.68249,61649.53904,66241.71449,70884.30179,75606.43311,80459.98393,85521.54918,90883.74445,96648.45346
OECD ENV-Growth 2025,SSP2,1,Bulgaria,BGR,USD_2017/yr,GDP|PPP [per capita],ANNUAL,28138.50091,33539.28134,38742.49572,43578.40392,48188.75206,52732.98296,57427.96032,62275.66713,67256.80623,72266.65804,77331.50685,82483.13452,87778.1348,93300.06926,99149.9772,105439.0091
OECD ENV-Growth 2025,SSP2,1,Burkina Faso,BFA,USD_2010/yr,GDP|PPP [per capita],ANNUAL,2082.494085,2455.382082,3033.850509,3669.584113,4422.653546,5332.814903,6448.924502,7798.434798,9404.490076,11253.05608,13382.76911,15819.23595,18611.83123,21810.35746,25429.46875,29453.26039
OECD ENV-Growth 2025,SSP2,1,Burkina Faso,BFA,USD_2015/yr,GDP|PPP [per capita],ANNUAL,2117.520213,2496.679932,3084.877803,3731.304012,4497.039559,5422.509209,6557.391009,7929.599147,9562.667178,11442.3248,13607.85815,16085.3047,18924.86952,22177.19279,25857.17505,29948.64412
OECD ENV-Growth 2025,SSP2,1,Burkina Faso,BFA,USD_2017/yr,GDP|PPP [per capita],ANNUAL,2391.678297,2819.928315,3484.280926,4214.400773,5079.277092,6124.568495,7406.384911,8956.254614,10800.75808,12923.7774,15369.68516,18167.88992,21375.09687,25048.50264,29204.93698,33826.13385
OECD ENV-Growth 2025,SSP2,1,Burundi,BDI,USD_2010/yr,GDP|PPP [per capita],ANNUAL,606.9587511,714.7175657,851.8319894,1017.910062,1228.363804,1499.403215,1851.067534,2303.036045,2869.602754,3560.144316,4397.683906,5406.298187,6612.361816,8036.434091,9702.822157,11637.94774
OECD ENV-Growth 2025,SSP2,1,Burundi,BDI,USD_2015/yr,GDP|PPP [per capita],ANNUAL,789.9262804,930.1689567,1108.616481,1324.758737,1598.653695,1951.397854,2409.071274,2997.285554,3734.643624,4633.348728,5723.36437,7036.025118,8605.656258,10459.01468,12627.73492,15146.20352
OECD ENV-Growth 2025,SSP2,1,Burundi,BDI,USD_2017/yr,GDP|PPP [per capita],ANNUAL,774.4952373,911.9983025,1086.959892,1298.879855,1567.424333,1913.277709,2362.010576,2938.734213,3661.688149,4542.837239,5611.559656,6898.577853,8437.54658,10254.70004,12381.05478,14850.32563
OECD ENV-Growth 2025,SSP2,1,Cabo Verde,CPV,USD_2010/yr,GDP|PPP [per capita],ANNUAL,7512.431821,9083.131201,10777.5095,12362.19448,13915.16512,15483.6073,17168.09549,19016.72825,21102.60526,23365.95147,25771.74678,28255.08216,30827.09161,33515.05046,36342.13302,39306.20801
OECD ENV-Growth 2025,SSP2,1,Cabo Verde,CPV,USD_2015/yr,GDP|PPP [per capita],ANNUAL,7830.062802,9467.172472,11233.19029,12884.87689,14503.50824,16138.26527,17893.97483,19820.76909,21994.83847,24353.88058,26861.39463,29449.72721,32130.48305,34932.09072,37878.70435,40968.10254
OECD ENV-Growth 2025,SSP2,1,Cabo Verde,CPV,USD_2017/yr,GDP|PPP [per capita],ANNUAL,8393.609761,10148.54584,12041.66787,13812.23001,15547.35784,17299.77196,19181.84382,21247.31374,23577.8557,26106.6833,28794.66869,31569.28929,34442.98506,37446.23065,40604.91858,43916.66761
OECD ENV-Growth 2025,SSP2,1,Cambodia,KHM,USD_2010/yr,GDP|PPP [per capita],ANNUAL,4683.777571,6058.378863,7754.301596,9754.708016,12179.86192,15107.32165,18536.88811,22680.60637,27531.28336,32926.6215,38839.3723,45241.75148,52138.09824,59537.33107,67481.90332,75994.01051
OECD ENV-Growth 2025,SSP2,1,Cambodia,KHM,USD_2015/yr,GDP|PPP [per capita],ANNUAL,5012.53048,6483.614614,8298.573643,10439.38797,13034.76268,16167.69992,19837.98659,24272.55117,29463.69568,35237.73095,41565.49591,48417.25612,55797.65534,63716.23805,72218.43739,81328.00676
OECD ENV-Growth 2025,SSP2,1,Cambodia,KHM,USD_2017/yr,GDP|PPP [per capita],ANNUAL,5241.763272,6780.122951,8678.083595,10916.80154,13630.8678,16907.08036,20745.2164,25382.58225,30811.12792,36849.22109,43466.36708,50631.47164,58349.3909,66630.10584,75521.12733,85047.29507
OECD ENV-Growth 2025,SSP2,1,Cameroon,CMR,USD_2010/yr,GDP|PPP [per capita],ANNUAL,3489.407024,3943.261246,4637.925564,5458.419476,6441.313594,7621.376006,9037.230571,10739.67098,12765.10158,15120.38382,17872.2653,21033.81133,24668.70109,28786.87894,33402.06165,38536.54613
OECD ENV-Growth 2025,SSP2,1,Cameroon,CMR,USD_2015/yr,GDP|PPP [per capita],ANNUAL,3802.18139,4296.717013,5053.64784,5947.687046,7018.683263,8304.521032,9847.286275,11702.32559,13909.30646,16475.70535,19474.2528,22919.18525,26879.88979,31367.20212,36396.06853,41990.78455
OECD ENV-Growth 2025,SSP2,1,Cameroon,CMR,USD_2017/yr,GDP|PPP [per capita],ANNUAL,4000.081418,4520.357164,5316.685541,6257.258661,7383.999241,8736.763678,10359.82843,12311.42083,14633.27301,17333.25059,20487.86967,24112.10766,28278.96321,32999.836,38290.45027,44176.36608
OECD ENV-Growth 2025,SSP2,1,Canada,CAN,USD_2010/yr,GDP|PPP [per capita],ANNUAL,45839.39052,49858.90954,54398.1418,59462.91713,64681.20594,69708.86731,74753.19418,79781.50453,84951.62604,90101.28403,95111.8036,100005.1276,104871.8144,109775.0701,114704.0648,119566.0905
OECD ENV-Growth 2025,SSP2,1,Canada,CAN,USD_2015/yr,GDP|PPP [per capita],ANNUAL,48206.47111,52433.55234,57207.18407,62533.49716,68021.25094,73308.53356,78613.34225,83901.30736,89338.40655,94753.98551,100023.2412,105169.2494,110287.245,115443.6978,120627.2187,125740.3125
OECD ENV-Growth 2025,SSP2,1,Canada,CAN,USD_2017/yr,GDP|PPP [per capita],ANNUAL,51284.35283,55781.3243,60859.74236,66526.12934,72364.26465,77989.12913,83632.63869,89258.22924,95042.47578,100803.8281,106409.5146,111884.0847,117328.8534,122814.5349,128329.0127,133768.5668
OECD ENV-Growth 2025,SSP2,1,Central African Republic,CAF,USD_2010/yr,GDP|PPP [per capita],ANNUAL,645.3767826,691.0738207,819.8940795,995.3314298,1236.155465,1554.758742,1966.460541,2489.438518,3147.922103,3960.378237,4961.106481,6181.226868,7654.319467,9432.764061,11564.51912,14082.83383
OECD ENV-Growth 2025,SSP2,1,Central African Republic,CAF,USD_2015/yr,GDP|PPP [per capita],ANNUAL,746.1250195,798.9557136,947.8857971,1150.710256,1429.128759,1797.468437,2273.440026,2878.058853,3639.336747,4578.623479,5735.573033,7146.163515,8849.217102,10905.29046,13369.82873,16281.27157
OECD ENV-Growth 2025,SSP2,1,Central African Republic,CAF,USD_2017/yr,GDP|PPP [per capita],ANNUAL,808.4500508,865.6937784,1027.064233,1246.830947,1548.506199,1947.613887,2463.344153,3118.467771,3943.336439,4961.083313,6214.674737,7743.094127,9588.406539,11816.22703,14486.63218,17641.27256
OECD ENV-Growth 2025,SSP2,1,Chad,TCD,USD_2010/yr,GDP|PPP [per capita],ANNUAL,1538.998271,1604.730781,1908.638083,2282.260364,2742.577991,3313.639238,4020.709247,4889.694592,5946.157769,7214.827483,8710.410973,10462.53963,12483.8265,14839.64507,17580.3384,20757.85565
OECD ENV-Growth 2025,SSP2,1,Chad,TCD,USD_2015/yr,GDP|PPP [per capita],ANNUAL,1448.932543,1510.818235,1796.940181,2148.697225,2582.076003,3119.717428,3785.40807,4603.538388,5598.174904,6792.599141,8200.657636,9850.247686,11753.24419,13971.19482,16551.49646,19543.05807
OECD ENV-Growth 2025,SSP2,1,Chad,TCD,USD_2017/yr,GDP|PPP [per capita],ANNUAL,1470.316831,1533.115872,1823.460592,2180.409095,2620.183958,3165.760245,3841.275582,4671.480399,5680.796407,6892.848733,8321.68827,9995.624043,11926.7062,14177.39079,16795.7742,19831.48722
OECD ENV-Growth 2025,SSP2,1,Chile,CHL,USD_2010/yr,GDP|PPP [per capita],ANNUAL,22985.14184,24286.62396,26477.92482,29110.17653,32166.6462,35542.17466,39142.95986,42965.35811,47180.69681,51753.30849,56527.26842,61393.74505,66304.75073,71212.76271,76045.36447,80708.2682
OECD ENV-Growth 2025,SSP2,1,Chile,CHL,USD_2015/yr,GDP|PPP [per capita],ANNUAL,25006.85463,26422.81171,28806.85365,31670.63131,34995.94004,38668.37112,42585.87195,46744.47833,51330.58716,56305.39377,61499.2587,66793.77785,72136.74271,77476.45054,82734.11528,87807.1558
OECD ENV-Growth 2025,SSP2,1,Chile,CHL,USD_2017/yr,GDP|PPP [per capita],ANNUAL,26950.06189,28476.04872,31045.34737,34131.66056,37715.36901,41673.17363,45895.09164,50376.85078,55319.3323,60680.71612,66278.18063,71984.1209,77742.27145,83496.91188,89163.13389,94630.38509
OECD ENV-Growth 2025,SSP2,1,China,CHN,USD_2010/yr,GDP|PPP [per capita],ANNUAL,21528.70175,26057.1118,30407.6521,34202.04761,38187.01208,42432.13201,46855.31941,51782.69904,57121.9312,62366.51641,67395.04375,72385.25021,77448.9848,82605.19449,87790.42354,92944.68477
OECD ENV-Growth 2025,SSP2,1,China,CHN,USD_2015/yr,GDP|PPP [per capita],ANNUAL,21134.83804,25580.40164,29851.34959,33576.32732,37488.38759,41655.84381,45998.1098,50835.34391,56076.89578,61225.53225,66162.06359,71060.97512,76032.0696,81093.94737,86184.31359,91244.27854
OECD ENV-Growth 2025,SSP2,1,China,CHN,USD_2017/yr,GDP|PPP [per capita],ANNUAL,20667.66612,25014.96341,29191.50481,32834.14433,36659.73103,40735.06833,44981.35134,49711.66151,54837.35227,59872.18146,64699.59396,69490.21823,74351.42988,79301.41811,84279.26508,89227.38278
OECD ENV-Growth 2025,SSP2,1,Colombia,COL,USD_2010/yr,GDP|PPP [per capita],ANNUAL,14728.5385,16445.6446,18952.85295,22205.38769,26026.26528,30259.09478,34854.25294,39775.68829,45062.13589,50672.38446,56575.65912,62668.68049,68918.25772,75323.37521,81838.27088,88407.40863
OECD ENV-Growth 2025,SSP2,1,Colombia,COL,USD_2015/yr,GDP|PPP [per capita],ANNUAL,15218.01222,16992.18293,19582.71337,22943.33965,26891.19651,31264.69569,36012.56481,41097.55428,46559.68647,52356.38051,58455.83878,64751.34961,71208.61912,77826.59797,84558.00326,91345.45325
OECD ENV-Growth 2025,SSP2,1,Colombia,COL,USD_2017/yr,GDP|PPP [per capita],ANNUAL,16332.6678,18236.78907,21017.06501,24623.84306,28860.86389,33554.70355,38650.33416,44107.7778,49969.98826,56191.26583,62737.48383,69494.11444,76424.35186,83527.06991,90751.52241,98036.12465
OECD ENV-Growth 2025,SSP2,1,Comoros,COM,USD_2010/yr,GDP|PPP [per capita],ANNUAL,2681.551147,3032.125909,3552.818541,4546.13592,5984.82466,7771.212469,9848.915863,12198.74049,14798.43269,17625.38449,20665.26074,23923.68824,27365.26639,30995.2439,34814.05617,38871.65965
OECD ENV-Growth 2025,SSP2,1,Comoros,COM,USD_2015/yr,GDP|PPP [per capita],ANNUAL,3137.077884,3547.206303,4156.351254,5318.407769,7001.492813,9091.342076,11521.99397,14270.99351,17312.30671,20619.48508,24175.75832,27987.70904,32013.92301,36260.54057,40728.07106,45474.95727
OECD ENV-Growth 2025,SSP2,1,Comoros,COM,USD_2017/yr,GDP|PPP [per capita],ANNUAL,3426.455781,3874.416253,4539.75142,5809.001153,7647.341382,9929.967556,12584.8335,15587.41287,18909.27022,22521.51731,26405.83686,30569.41873,34967.02843,39605.37272,44485.00792,49669.76784
OECD ENV-Growth 2025,SSP2,1,Congo,COG,USD_2010/yr,GDP|PPP [per capita],ANNUAL,3965.811923,4314.441104,4749.985371,5278.731588,5949.365682,6794.506769,7852.51049,9151.9948,10710.66348,12538.84578,14689.10282,17191.62271,20051.27327,23272.32215,26872.75619,30902.56088
OECD ENV-Growth 2025,SSP2,1,Congo,COG,USD_2015/yr,GDP|PPP [per capita],ANNUAL,3402.758552,3701.890471,4075.597547,4529.274057,5104.693654,5829.844296,6737.636012,7852.62367,9189.997525,10758.62031,12603.5907,14750.81077,17204.45723,19968.19183,23057.44769,26515.11352
OECD ENV-Growth 2025,SSP2,1,Congo,COG,USD_2017/yr,GDP|PPP [per capita],ANNUAL,3887.121044,4228.832617,4655.734678,5173.989348,5831.31651,6659.688044,7696.698525,8970.398061,10498.13915,12290.04608,14397.63706,16850.50117,19653.40964,22810.54547,26339.53857,30289.38262
OECD ENV-Growth 2025,SSP2,1,Costa Rica,CRI,USD_2010/yr,GDP|PPP [per capita],ANNUAL,19268.52937,21507.93223,24753.87456,28396.72007,32314.65384,36351.24943,40530.91382,44884.39855,49389.46119,53867.37948,58312.58148,62673.20211,67007.5236,71317.88069,75590.66981,79783.0493
OECD ENV-Growth 2025,SSP2,1,Costa Rica,CRI,USD_2015/yr,GDP|PPP [per capita],ANNUAL,22506.44497,25122.16079,28913.55665,33168.55195,37744.8618,42459.7736,47341.79572,52426.84724,57688.94807,62919.34317,68111.52427,73204.91082,78267.57887,83302.25551,88293.05119,93189.92508
OECD ENV-Growth 2025,SSP2,1,Costa Rica,CRI,USD_2017/yr,GDP|PPP [per capita],ANNUAL,24501.26441,27348.81964,31476.25925,36108.38863,41090.31171,46223.12148,51537.85311,57073.60929,62802.10723,68496.08927,74148.47027,79693.30024,85204.68904,90685.60544,96118.75159,101449.6513
OECD ENV-Growth 2025,SSP2,1,Croatia,HRV,USD_2010/yr,GDP|PPP [per capita],ANNUAL,29903.78989,35136.77081,39336.71792,42650.48815,45369.2832,47676.66524,49765.02167,51808.42543,53909.44674,56050.29755,58244.13256,60474.77929,62793.92116,65258.44691,67934.9701,70859.75584
OECD ENV-Growth 2025,SSP2,1,Croatia,HRV,USD_2015/yr,GDP|PPP [per capita],ANNUAL,33403.90139,39249.38049,43940.91355,47642.5465,50679.56496,53257.01625,55589.80593,57872.38142,60219.31834,62610.74663,65061.36071,67553.09516,70143.68273,72896.67074,75886.4696,79153.58908
OECD ENV-Growth 2025,SSP2,1,Croatia,HRV,USD_2017/yr,GDP|PPP [per capita],ANNUAL,35606.78645,41837.757,46838.68231,50784.42663,54021.72716,56769.15347,59255.78349,61688.88784,64190.59807,66739.73374,69351.95831,72008.01502,74769.44391,77703.98306,80890.95,84373.52601
OECD ENV-Growth 2025,SSP2,1,Cuba,CUB,USD_2017/yr,GDP|PPP [per capita],ANNUAL,7385.24884,9255.435853,11800.06943,15474.26972,20208.53915,25898.1859,32428.05328,39746.24369,47889.36216,56679.61792,66073.24783,75985.77755,86447.51917,97438.07397,108991.4079,120977.8211
OECD ENV-Growth 2025,SSP2,1,Curaçao,CUW,USD_2010/yr,GDP|PPP [per capita],ANNUAL,17259.50285,19274.329,21640.28563,24431.54544,27752.06113,31653.73071,36199.64957,41445.2378,47486.41041,54263.36363,61821.42577,70179.96306,79346.76314,89363.16676,100258.7564,112024.1224
OECD ENV-Growth 2025,SSP2,1,Curaçao,CUW,USD_2015/yr,GDP|PPP [per capita],ANNUAL,17317.09476,19338.64402,21712.49543,24513.06918,27844.66484,31759.3536,36320.44138,41583.53322,47644.86415,54444.43087,62027.71292,70414.14117,79611.52923,89661.35582,100593.3021,112397.9271
OECD ENV-Growth 2025,SSP2,1,Curaçao,CUW,USD_2017/yr,GDP|PPP [per capita],ANNUAL,18306.3904,20443.42728,22952.8927,25913.45838,29435.38234,33573.71049,38395.36532,43959.12849,50366.73276,57554.74695,65571.24878,74436.77915,84159.59807,94783.55386,106340.0233,118819.0261
OECD ENV-Growth 2025,SSP2,1,Cyprus,CYP,USD_2010/yr,GDP|PPP [per capita],ANNUAL,29062.94966,32720.35719,36361.40972,39782.55427,43031.15901,46165.35605,49481.07012,53149.96536,57233.32397,61520.03742,65918.5281,70433.96196,75146.04822,80136.81646,85439.50097,91051.99773
OECD ENV-Growth 2025,SSP2,1,Cyprus,CYP,USD_2015/yr,GDP|PPP [per capita],ANNUAL,30841.27718,34722.47714,38586.32137,42216.80171,45664.18474,48990.15958,52508.75828,56402.14888,60735.36337,65284.37574,69952.00487,74743.73278,79744.14603,85040.29348,90667.44298,96623.36178
OECD ENV-Growth 2025,SSP2,1,Cyprus,CYP,USD_2017/yr,GDP|PPP [per capita],ANNUAL,33399.58521,37602.73374,41787.08686,45718.71838,49452.06452,53053.93158,56864.40079,61080.75118,65773.40919,70699.7657,75754.5783,80943.78379,86358.98522,92094.45224,98188.37819,104638.3451
OECD ENV-Growth 2025,SSP2,1,Czechia,CZE,USD_2010/yr,GDP|PPP [per capita],ANNUAL,34758.39857,38177.43325,41570.25409,44902.73643,48018.01458,50925.98989,53965.90774,57165.99918,60692.21601,64353.59292,67914.91736,71228.37227,74289.26692,77175.96961,79945.81951,82583.9128
OECD ENV-Growth 2025,SSP2,1,Czechia,CZE,USD_2015/yr,GDP|PPP [per capita],ANNUAL,39124.67392,42973.20041,46792.22011,50543.32172,54049.93442,57323.20334,60744.98914,64347.0692,68316.24181,72437.55301,76446.24338,80175.92738,83621.32504,86870.64912,89988.44161,92957.92652
OECD ENV-Growth 2025,SSP2,1,Czechia,CZE,USD_2017/yr,GDP|PPP [per capita],ANNUAL,41740.599,45846.44282,49920.807,53922.712,57663.78126,61155.90506,64806.47579,68649.39546,72883.95196,77280.81923,81557.5357,85536.59108,89212.35238,92678.93037,96005.1824,99173.21081
OECD ENV-Growth 2025,SSP2,1,Côte d'Ivoire,CIV,USD_2010/yr,GDP|PPP [per capita],ANNUAL,6002.100471,7340.000926,8993.096021,10666.8972,12474.10339,14496.87286,16784.47226,19381.27259,22307.49178,25582.81898,29254.35663,33314.81803,37722.06961,42470.95494,47573.1314,53104.35822
OECD ENV-Growth 2025,SSP2,1,Côte d'Ivoire,CIV,USD_2015/yr,GDP|PPP [per capita],ANNUAL,6530.998626,7986.793323,9785.557248,11606.85185,13573.30696,15774.32054,18263.50056,21089.12792,24273.20217,27837.14742,31832.21673,36250.48129,41046.09478,46213.4464,51765.22075,57783.85289
OECD ENV-Growth 2025,SSP2,1,Côte d'Ivoire,CIV,USD_2017/yr,GDP|PPP [per capita],ANNUAL,6308.497905,7714.695995,9452.178898,11211.42489,13110.88601,15236.91456,17641.29218,20370.65493,23446.25284,26888.78014,30747.7438,35015.48513,39647.71971,44639.02788,50001.66213,55815.24905
OECD ENV-Growth 2025,SSP2,1,Democratic Republic of the Congo,COD,USD_2010/yr,GDP|PPP [per capita],ANNUAL,891.3565168,992.6011008,1145.322911,1374.917273,1682.39279,2072.783033,2557.796288,3151.959104,3872.955034,4732.904495,5749.486148,6942.803433,8337.829167,9977.738507,11891.76229,14113.24876
OECD ENV-Growth 2025,SSP2,1,Democratic Republic of the Congo,COD,USD_2015/yr,GDP|PPP [per capita],ANNUAL,1072.795769,1194.649101,1378.458058,1654.787288,2024.8507,2494.706468,3078.446148,3793.553227,4661.310818,5696.306496,6919.817488,8356.039371,10035.02828,12008.74785,14312.37898,16986.05807
OECD ENV-Growth 2025,SSP2,1,Democratic Republic of the Congo,COD,USD_2017/yr,GDP|PPP [per capita],ANNUAL,1263.742153,1407.284099,1623.809121,1949.322053,2385.252867,2938.738029,3626.377244,4468.765876,5490.975208,6710.189251,8151.472355,9843.326656,11821.15796,14146.1789,16859.83218,20009.39808
OECD ENV-Growth 2025,SSP2,1,Denmark,DNK,USD_2010/yr,GDP|PPP [per capita],ANNUAL,52731.82447,55788.07005,58818.14061,61986.03269,65428.63826,68895.38851,72349.57303,75786.22976,79301.5503,82582.669,85584.98152,88390.74646,91003.71497,93408.89356,95562.08487,97428.26213
OECD ENV-Growth 2025,SSP2,1,Denmark,DNK,USD_2015/yr,GDP|PPP [per capita],ANNUAL,57793.66178,61143.28271,64464.21604,67936.20066,71709.26908,75508.79989,79294.55875,83061.1073,86913.87075,90509.95084,93800.46158,96875.55772,99739.35051,102375.4072,104735.2878,106780.6033
OECD ENV-Growth 2025,SSP2,1,Denmark,DNK,USD_2017/yr,GDP|PPP [per capita],ANNUAL,62327.15182,65939.52601,69520.96227,73265.29869,77334.33673,81431.91294,85514.6369,89576.64363,93731.62819,97609.79446,101158.4217,104474.7366,107563.173,110406.0091,112951.0051,115156.7606
OECD ENV-Growth 2025,SSP2,1,Djibouti,DJI,USD_2010/yr,GDP|PPP [per capita],ANNUAL,5694.341379,7067.938734,9128.503623,11079.1435,13060.87709,15212.49654,17584.96024,20214.57512,23081.69717,26097.60006,29277.14864,32644.96982,36210.08664,40055.33859,44198.67145,48632.72769
OECD ENV-Growth 2025,SSP2,1,Djibouti,DJI,USD_2015/yr,GDP|PPP [per capita],ANNUAL,5792.490233,7189.763198,9285.844413,11270.10592,13285.99709,15474.7023,17888.05828,20562.99775,23479.53811,26547.42373,29781.77567,33207.64532,36834.21124,40745.74075,44960.48896,49470.97151
OECD ENV-Growth 2025,SSP2,1,Djibouti,DJI,USD_2017/yr,GDP|PPP [per capita],ANNUAL,5692.758792,7065.974393,9125.966604,11076.06435,13057.24717,15208.26864,17580.07298,20208.95703,23075.28224,26090.34695,29269.01185,32635.89704,36200.02303,40044.2063,44186.38764,48619.21154
OECD ENV-Growth 2025,SSP2,1,Dominican Republic,DOM,USD_2010/yr,GDP|PPP [per capita],ANNUAL,19130.08116,23336.05045,27758.49098,32072.73944,36467.8135,41021.56764,45773.57343,50749.9033,56079.88694,61688.16723,67531.3503,73549.46112,79732.23243,86182.44585,92908.47293,99990.5741
OECD ENV-Growth 2025,SSP2,1,Dominican Republic,DOM,USD_2015/yr,GDP|PPP [per capita],ANNUAL,20606.40761,25136.96432,29900.69801,34547.89013,39282.1454,44187.32657,49306.05908,54666.42743,60407.7421,66448.83041,72742.94965,79225.49636,85885.41091,92833.40688,100078.5019,107707.1503
OECD ENV-Growth 2025,SSP2,1,Dominican Republic,DOM,USD_2017/yr,GDP|PPP [per capita],ANNUAL,21428.02227,26139.22045,31092.8928,35925.37685,40848.39543,45949.15502,51271.98064,56846.07654,62816.30779,69098.26519,75643.34233,82384.35987,89309.81723,96534.84234,104068.8124,112001.6288
OECD ENV-Growth 2025,SSP2,1,Ecuador,ECU,USD_2010/yr,GDP|PPP [per capita],ANNUAL,9821.503514,10694.88346,11838.5364,13250.57896,14942.27684,16928.68041,19232.00071,21895.8101,24948.22617,28325.36759,32013.35208,35969.48153,40202.45175,44714.30087,49505.16147,54572.53825
OECD ENV-Growth 2025,SSP2,1,Ecuador,ECU,USD_2015/yr,GDP|PPP [per capita],ANNUAL,10388.08638,11311.84986,12521.47785,14014.97832,15804.26687,17905.26207,20341.45631,23158.93553,26387.43937,29959.40131,33860.13824,38044.48888,42521.65068,47293.77934,52361.01509,57720.71869
OECD ENV-Growth 2025,SSP2,1,Ecuador,ECU,USD_2017/yr,GDP|PPP [per capita],ANNUAL,11174.98406,12168.72264,13469.97996,15076.6131,17001.44029,19261.58591,21882.32189,24913.22519,28386.28824,32228.82635,36425.04415,40926.35941,45742.66626,50876.28373,56327.36266,62093.06387
OECD ENV-Growth 2025,SSP2,1,Egypt,EGY,USD_2010/yr,GDP|PPP [per capita],ANNUAL,12886.24717,15825.03402,19397.85626,23420.57864,27941.61387,33073.47785,38915.16161,45451.59267,52654.83991,60264.50936,68317.17361,76760.37788,85634.22616,94968.68889,104917.8677,115473.7104
OECD ENV-Growth 2025,SSP2,1,Egypt,EGY,USD_2015/yr,GDP|PPP [per capita],ANNUAL,15117.72554,18565.41458,22756.93328,27476.26018,32780.19148,38800.72718,45654.00034,53322.3284,61772.9435,70700.35988,80147.48336,90052.77566,100463.2855,111414.1732,123086.2257,135469.9967
OECD ENV-Growth 2025,SSP2,1,Egypt,EGY,USD_2017/yr,GDP|PPP [per capita],ANNUAL,13866.22904,17028.50671,20873.0373,25201.68234,30066.53625,35588.67162,41874.60763,48908.12553,56659.1701,64847.54473,73512.60334,82597.90201,92146.59459,102190.9307,112896.7313,124255.3317
OECD ENV-Growth 2025,SSP2,1,El Salvador,SLV,USD_2010/yr,GDP|PPP [per capita],ANNUAL,8310.460349,9121.754747,10320.96981,11904.27364,13909.61353,16371.52474,19334.50184,22825.47145,26909.2537,31578.14661,36837.39678,42536.92779,48654.59903,55226.69571,62238.14163,69654.99689
OECD ENV-Growth 2025,SSP2,1,El Salvador,SLV,USD_2015/yr,GDP|PPP [per capita],ANNUAL,9271.100002,10176.17519,11514.01237,13280.33667,15517.48189,18263.97536,21569.45494,25463.95981,30019.80295,35228.39203,41095.58016,47453.94296,54278.7805,61610.57236,69432.49962,77706.69911
OECD ENV-Growth 2025,SSP2,1,El Salvador,SLV,USD_2017/yr,GDP|PPP [per capita],ANNUAL,9934.123256,10903.92495,12337.43763,14230.08072,16627.21551,19570.12462,23111.99576,27285.01638,32166.6709,37747.75253,44034.53295,50847.61444,58160.53064,66016.65602,74397.96886,83263.89821
OECD ENV-Growth 2025,SSP2,1,Equatorial Guinea,GNQ,USD_2010/yr,GDP|PPP [per capita],ANNUAL,11139.07228,9681.747456,10321.01791,11266.74537,12503.8551,14052.7729,15948.46002,18229.4844,20888.51205,23848.17355,27164.05365,30876.85414,34955.26189,39399.32506,44212.94883,49471.06232
OECD ENV-Growth 2025,SSP2,1,Equatorial Guinea,GNQ,USD_2015/yr,GDP|PPP [per capita],ANNUAL,9964.456999,8660.807092,9232.666467,10078.66696,11185.32346,12570.90786,14266.69476,16307.18509,18685.81825,21333.38342,24299.60392,27620.88957,31269.22918,35244.66585,39550.69294,44254.33831
OECD ENV-Growth 2025,SSP2,1,Equatorial Guinea,GNQ,USD_2017/yr,GDP|PPP [per capita],ANNUAL,11734.65285,10199.40822,10872.85899,11869.15233,13172.40747,14804.14234,16801.18749,19204.17299,22005.37273,25123.28053,28616.45311,32527.76851,36824.23934,41505.91634,46576.9135,52116.16622
OECD ENV-Growth 2025,SSP2,1,Eritrea,ERI,USD_2010/yr,GDP|PPP [per capita],ANNUAL,1631.713576,1781.587905,2087.142031,2563.091119,3234.976271,4109.881394,5195.059948,6497.854596,8040.977573,9860.496253,12016.51006,14501.23278,17300.79062,20425.14405,23930.81247,27884.63801
OECD ENV-Growth 2025,SSP2,1,Eritrea,ERI,USD_2015/yr,GDP|PPP [per capita],ANNUAL,1786.12047,1950.177208,2284.645516,2805.633036,3541.09779,4498.794026,5686.661588,7112.737968,8801.884628,10793.58195,13153.61649,15873.46523,18937.94152,22357.94837,26195.35355,30523.32437
OECD ENV-Growth 2025,SSP2,1,Eritrea,ERI,USD_2017/yr,GDP|PPP [per capita],ANNUAL,1825.701682,1993.39399,2335.274262,2867.807094,3619.570069,4598.489273,5812.680502,7270.359359,8996.938249,11032.77246,13445.1064,16225.22818,19357.6146,22853.41031,26775.85406,31199.73461
OECD ENV-Growth 2025,SSP2,1,Estonia,EST,USD_2010/yr,GDP|PPP [per capita],ANNUAL,31470.41259,38245.7923,43133.70585,46968.80962,49775.5709,52044.31465,54213.95809,56616.53936,59119.82577,61425.97372,63429.51695,65105.22618,66510.24713,67729.16295,68805.01997,69736.29692
OECD ENV-Growth 2025,SSP2,1,Estonia,EST,USD_2015/yr,GDP|PPP [per capita],ANNUAL,35591.0045,43253.52145,48781.43606,53118.69077,56292.95654,58858.75923,61312.48585,64029.65012,66860.70542,69468.80983,71734.68785,73629.80678,75218.79475,76597.30984,77814.03465,78867.24875
OECD ENV-Growth 2025,SSP2,1,Estonia,EST,USD_2017/yr,GDP|PPP [per capita],ANNUAL,37980.95617,46158.01451,52057.13103,56685.63431,60073.05343,62811.1509,65429.64635,68329.2694,71350.43131,74133.67108,76551.70381,78574.08082,80269.77002,81740.85301,83039.28143,84163.21932
OECD ENV-Growth 2025,SSP2,1,Eswatini,SWZ,USD_2010/yr,GDP|PPP [per capita],ANNUAL,10157.01755,11275.23024,12854.53564,14733.2532,16938.70835,19516.92174,22517.39092,25986.38318,29867.60163,33985.08569,38361.66729,43076.92008,48189.55411,53724.71647,59685.89107,66043.62404
OECD ENV-Growth 2025,SSP2,1,Eswatini,SWZ,USD_2015/yr,GDP|PPP [per capita],ANNUAL,10341.62555,11480.16222,13088.17215,15001.03617,17246.57639,19871.64987,22926.65382,26458.69644,30410.45765,34602.77869,39058.90647,43859.86093,49065.4192,54701.18543,60770.70684,67243.99424
OECD ENV-Growth 2025,SSP2,1,Eswatini,SWZ,USD_2017/yr,GDP|PPP [per capita],ANNUAL,9748.534458,10821.77617,12337.56692,14140.7284,16257.48713,18732.01294,21611.81274,24941.29311,28666.42124,32618.31313,36818.88248,41344.50273,46251.5228,51564.07846,57285.51349,63387.55856
OECD ENV-Growth 2025,SSP2,1,Ethiopia,ETH,USD_2010/yr,GDP|PPP [per capita],ANNUAL,2238.816872,2792.686349,3480.254843,4279.029841,5247.731998,6405.842002,7779.827338,9396.45568,11324.35639,13564.44915,16179.26027,19158.00064,22475.8772,26143.89747,30198.93904,34693.47477
OECD ENV-Growth 2025,SSP2,1,Ethiopia,ETH,USD_2015/yr,GDP|PPP [per capita],ANNUAL,2566.864357,3201.890757,3990.206712,4906.023944,6016.66728,7344.471857,8919.783367,10773.29167,12983.68221,15552.00941,18549.96137,21965.16812,25769.20373,29974.6886,34623.9039,39777.01121
OECD ENV-Growth 2025,SSP2,1,Ethiopia,ETH,USD_2017/yr,GDP|PPP [per capita],ANNUAL,2775.711679,3462.405618,4314.861182,5305.191887,6506.200297,7942.038799,9645.522095,11649.83706,14040.07121,16817.36475,20059.23854,23752.31614,27865.85881,32413.51379,37441.00236,43013.38101
OECD ENV-Growth 2025,SSP2,1,Fiji,FJI,USD_2010/yr,GDP|PPP [per capita],ANNUAL,11509.56296,13287.65134,15392.74281,17939.60977,20977.97932,24545.37978,28677.12725,33385.68544,38623.10297,44390.20278,50689.22455,57483.97793,64806.67787,72591.8261,80894.64203,89670.8806
OECD ENV-Growth 2025,SSP2,1,Fiji,FJI,USD_2015/yr,GDP|PPP [per capita],ANNUAL,13978.95373,16138.53315,18695.27456,21788.57493,25478.83038,29811.62096,34829.83989,40548.62498,46909.73683,53914.17493,61564.65951,69817.23552,78711.02967,88166.49094,98250.68617,108909.8774
OECD ENV-Growth 2025,SSP2,1,Fiji,FJI,USD_2017/yr,GDP|PPP [per capita],ANNUAL,14156.83435,16343.89418,18933.16983,22065.83212,25803.04565,30190.9705,35273.04571,41064.6017,47506.65799,54600.22678,62348.06292,70705.65204,79712.61873,89288.39968,99500.91516,110295.7434
OECD ENV-Growth 2025,SSP2,1,Finland,FIN,USD_2010/yr,GDP|PPP [per capita],ANNUAL,43234.5776,46684.59579,49638.56737,52656.79405,55695.58598,58661.35496,61968.42283,65579.01571,69363.26535,72986.53054,76399.41062,79679.06851,82934.20746,86200.70934,89394.73413,92358.03172
OECD ENV-Growth 2025,SSP2,1,Finland,FIN,USD_2015/yr,GDP|PPP [per capita],ANNUAL,48006.02699,51836.79567,55116.77313,58468.09698,61842.25572,65135.33254,68807.37465,72816.43936,77018.32591,81041.46147,84830.99342,88472.60053,92086.98274,95713.98192,99260.5053,102550.838
OECD ENV-Growth 2025,SSP2,1,Finland,FIN,USD_2017/yr,GDP|PPP [per capita],ANNUAL,50913.92489,54976.73703,58455.39453,62009.72014,65588.26382,69080.81416,72975.28508,77227.19327,81683.60323,85950.43459,89969.51214,93831.7045,97665.02286,101511.7224,105273.0715,108762.7115
OECD ENV-Growth 2025,SSP2,1,France,FRA,USD_2010/yr,GDP|PPP [per capita],ANNUAL,41966.62452,44882.98398,47376.38206,49846.61398,52385.7812,55071.31886,57959.76406,61014.58146,64164.82577,67265.48629,70324.61032,73413.15761,76600.82681,79885.6749,83205.6088,86491.85119
OECD ENV-Growth 2025,SSP2,1,France,FRA,USD_2015/yr,GDP|PPP [per capita],ANNUAL,46428.10992,49654.5085,52412.98054,55145.82361,57954.93051,60925.96855,64121.48529,67501.06131,70986.20911,74416.50186,77800.84235,81217.7341,84744.28544,88378.34679,92051.22394,95686.82782
OECD ENV-Growth 2025,SSP2,1,France,FRA,USD_2017/yr,GDP|PPP [per capita],ANNUAL,49263.88705,52687.35045,55614.30689,58514.06896,61494.75298,64647.25871,68037.95404,71623.95079,75321.96753,78961.77873,82552.83095,86178.42264,89920.37181,93776.39757,97673.60994,101531.2725
OECD ENV-Growth 2025,SSP2,1,French Guiana,GUF,USD_2017/yr,GDP|PPP [per capita],ANNUAL,49911.92561,52219.50259,54840.4391,57880.3077,61406.54784,65447.09986,70104.87282,75414.26897,81551.58478,88343.36846,95760.60023,103522.0727,111602.5265,120114.49,129318.4642,139264.1984
OECD ENV-Growth 2025,SSP2,1,French Polynesia,PYF,USD_2017/yr,GDP|PPP [per capita],ANNUAL,17519.90427,19708.20566,21977.38458,24556.51835,27561.75457,31027.0551,35034.53171,39625.18848,44754.07715,50305.25439,56272.7035,62731.5435,69690.3025,77162.27795,85131.40568,93585.39074
OECD ENV-Growth 2025,SSP2,1,Gabon,GAB,USD_2010/yr,GDP|PPP [per capita],ANNUAL,14751.1496,15729.06021,17562.243,19387.82687,21275.62007,23314.75573,25609.27948,28262.60731,31324.55251,34717.80626,38377.34247,42251.56983,46350.64535,50736.87615,55509.5157,60700.05469
OECD ENV-Growth 2025,SSP2,1,Gabon,GAB,USD_2015/yr,GDP|PPP [per capita],ANNUAL,13581.48118,14481.84996,16169.6735,17850.50067,19588.60437,21466.05009,23578.63331,26021.56982,28840.72305,31964.91427,35334.27351,38901.3003,42675.3463,46713.77806,51107.97892,55886.94256
OECD ENV-Growth 2025,SSP2,1,Gabon,GAB,USD_2017/yr,GDP|PPP [per capita],ANNUAL,14330.65939,15280.69409,17061.62092,18835.16545,20669.14599,22650.15489,24879.27189,27456.96504,30431.62769,33728.15475,37283.37372,41047.16394,45029.3929,49290.59161,53927.18426,58969.76388
OECD ENV-Growth 2025,SSP2,1,Gambia,GMB,USD_2010/yr,GDP|PPP [per capita],ANNUAL,2512.906354,2939.264093,3573.724591,4263.284926,5057.182397,6006.131879,7142.240975,8500.31878,10090.52405,11925.04249,14032.25281,16422.68917,19092.67113,22058.65866,25331.24024,28957.03191
OECD ENV-Growth 2025,SSP2,1,Gambia,GMB,USD_2015/yr,GDP|PPP [per capita],ANNUAL,2431.327103,2843.84352,3457.706827,4124.881203,4893.005505,5811.148193,6910.374526,8224.363553,9762.94423,11537.90668,13576.70831,15889.54129,18472.84468,21342.54408,24508.88424,28016.96784
OECD ENV-Growth 2025,SSP2,1,Gambia,GMB,USD_2017/yr,GDP|PPP [per capita],ANNUAL,2421.611597,2832.479611,3443.889941,4108.398309,4873.453211,5787.92703,6882.760889,8191.499258,9723.931816,11491.80157,13522.45621,15826.04719,18399.02778,21257.25995,24410.94752,27905.01292
OECD ENV-Growth 2025,SSP2,1,Georgia,GEO,USD_2010/yr,GDP|PPP [per capita],ANNUAL,15905.68141,21656.86206,28305.72627,34266.58844,39348.76463,43753.53221,47875.5547,51964.25714,55923.48226,59431.35742,62525.09056,65352.13457,68113.42958,70942.11031,73870.64737,76916.18052
OECD ENV-Growth 2025,SSP2,1,Georgia,GEO,USD_2015/yr,GDP|PPP [per capita],ANNUAL,19598.46661,26684.88555,34877.40115,42222.18288,48484.27614,53911.6884,58990.71131,64028.67832,68907.10756,73229.39797,77041.39596,80524.78824,83927.16671,87412.57569,91021.02442,94773.63194
OECD ENV-Growth 2025,SSP2,1,Georgia,GEO,USD_2017/yr,GDP|PPP [per capita],ANNUAL,20437.01789,27826.64043,36369.68572,44028.72552,50558.75231,56218.38496,61514.72186,66768.24623,71855.40675,76362.63318,80337.7335,83970.16821,87518.12281,91152.6605,94915.5024,98828.67115
OECD ENV-Growth 2025,SSP2,1,Germany,DEU,USD_2010/yr,GDP|PPP [per capita],ANNUAL,45551.66878,48293.77679,51237.86318,54634.77666,58214.77612,61708.93886,65137.71918,68586.66678,72147.96995,75694.00854,79184.79119,82543.53412,85706.46342,88640.40493,91352.19867,93872.90054
OECD ENV-Growth 2025,SSP2,1,Germany,DEU,USD_2015/yr,GDP|PPP [per capita],ANNUAL,51153.07229,54232.3722,57538.48739,61353.11296,65373.33826,69297.17165,73147.58267,77020.64091,81019.87087,85001.95919,88921.99686,92693.75813,96245.62693,99540.34973,102585.6077,105416.2755
OECD ENV-Growth 2025,SSP2,1,Germany,DEU,USD_2017/yr,GDP|PPP [per capita],ANNUAL,54969.61248,58278.65953,61831.44459,65930.68007,70250.85513,74467.44646,78605.13736,82767.16519,87064.77844,91343.97111,95556.48351,99609.65658,103426.531,106967.0737,110239.5389,113281.4034
OECD ENV-Growth 2025,SSP2,1,Ghana,GHA,USD_2010/yr,GDP|PPP [per capita],ANNUAL,5918.909454,6914.726378,8111.072862,9406.167036,10876.52487,12577.03237,14596.04786,16959.2672,19710.56224,22769.31826,26193.46054,30006.98796,34230.75597,38874.38018,43943.39053,49451.90964
OECD ENV-Growth 2025,SSP2,1,Ghana,GHA,USD_2015/yr,GDP|PPP [per capita],ANNUAL,6145.071742,7178.938958,8420.997994,9765.577883,11292.11828,13057.60238,15153.76471,17607.28297,20463.70535,23639.33683,27194.31602,31153.55881,35538.71754,40359.77522,45622.47311,51341.47344
OECD ENV-Growth 2025,SSP2,1,Ghana,GHA,USD_2017/yr,GDP|PPP [per capita],ANNUAL,5649.819835,6600.36423,7742.32157,8978.537263,10382.04866,12005.24649,13932.47208,16188.25308,18814.46681,21734.16352,25002.63504,28642.7892,32674.5333,37107.0458,41945.60524,47203.69219
OECD ENV-Growth 2025,SSP2,1,Greece,GRC,USD_2010/yr,GDP|PPP [per capita],ANNUAL,28434.57085,31954.02732,34957.26919,38251.89231,41532.85043,44744.42336,48097.33252,51551.35024,55031.02189,58308.90907,61334.28062,64110.44754,66726.3237,69262.73134,71757.89815,74183.82282
OECD ENV-Growth 2025,SSP2,1,Greece,GRC,USD_2015/yr,GDP|PPP [per capita],ANNUAL,32502.45322,36525.40717,39958.29628,43724.25196,47474.58772,51145.61196,54978.19216,58926.34562,62903.82309,66650.64858,70108.83325,73282.1618,76272.26821,79171.53724,82023.66548,84796.64573
OECD ENV-Growth 2025,SSP2,1,Greece,GRC,USD_2017/yr,GDP|PPP [per capita],ANNUAL,34324.3557,38572.81354,42198.13087,46175.18459,50135.74281,54012.54377,58059.9566,62229.42106,66429.85327,70386.70447,74038.73528,77389.94257,80547.65732,83609.44285,86621.44517,89549.8629
OECD ENV-Growth 2025,SSP2,1,Grenada,GRD,USD_2010/yr,GDP|PPP [per capita],ANNUAL,12983.3636,14757.22135,16906.9829,19291.24625,21844.1617,24646.46541,27839.58876,31613.59186,35996.29156,40782.10828,45920.92536,51423.0636,57364.02967,63782.81578,70671.48746,78000.58285
OECD ENV-Growth 2025,SSP2,1,Grenada,GRD,USD_2015/yr,GDP|PPP [per capita],ANNUAL,14980.12843,17026.79505,19507.17725,22258.12626,25203.66507,28436.94657,32121.15348,36475.57603,41532.30912,47054.15625,52983.29313,59331.6278,66186.27946,73592.23705,81540.34585,89996.61293
OECD ENV-Growth 2025,SSP2,1,Grenada,GRD,USD_2017/yr,GDP|PPP [per capita],ANNUAL,16030.03136,18220.14143,20874.36464,23818.1177,26970.09866,30429.98914,34372.40877,39032.01702,44443.15821,50352.01161,56696.7002,63489.96666,70825.03601,78750.05035,87255.2133,96304.14951
OECD ENV-Growth 2025,SSP2,1,Guam,GUM,USD_2017/yr,GDP|PPP [per capita],ANNUAL,39015.10734,47524.27868,55314.72962,62723.89577,70031.08341,77392.62983,84753.05335,92033.69965,99097.20651,105822.6225,112378.1095,119022.8338,125905.6454,133142.6638,140728.3504,148696.088
OECD ENV-Growth 2025,SSP2,1,Guatemala,GTM,USD_2010/yr,GDP|PPP [per capita],ANNUAL,8664.850165,9731.593651,11072.5344,12726.26131,14722.78408,17044.44043,19700.82056,22665.32137,25912.42684,29352.15034,33025.65604,36910.89544,40988.95887,45294.21492,49835.94246,54614.09482
OECD ENV-Growth 2025,SSP2,1,Guatemala,GTM,USD_2015/yr,GDP|PPP [per capita],ANNUAL,9568.023608,10745.95821,12226.6708,14052.77256,16257.40122,18821.05349,21754.31919,25027.82227,28613.38708,32411.6473,36468.05781,40758.27189,45261.40888,50015.4197,55030.55044,60306.74953
OECD ENV-Growth 2025,SSP2,1,Guatemala,GTM,USD_2017/yr,GDP|PPP [per capita],ANNUAL,9487.813632,10655.87346,12124.17304,13934.96636,16121.11333,18663.27417,21571.94992,24818.01081,28373.51736,32139.93628,36162.34137,40416.59004,44881.97665,49596.13398,54569.22223,59801.19026
OECD ENV-Growth 2025,SSP2,1,Guinea,GIN,USD_2010/yr,GDP|PPP [per capita],ANNUAL,2686.135009,3183.021065,3944.284772,4911.499019,6099.838462,7520.88877,9192.021012,11147.91555,13435.69121,16038.23898,19018.86185,22355.27611,26102.3274,30244.01403,34810.86482,39815.22364
OECD ENV-Growth 2025,SSP2,1,Guinea,GIN,USD_2015/yr,GDP|PPP [per capita],ANNUAL,2647.601526,3137.359589,3887.702721,4841.041963,6012.33429,7412.999167,9060.158472,10987.99507,13242.95184,15808.16521,18746.03007,22034.58238,25727.881,29810.15378,34311.49161,39244.06127
OECD ENV-Growth 2025,SSP2,1,Guinea,GIN,USD_2017/yr,GDP|PPP [per capita],ANNUAL,3038.438969,3600.494841,4461.603202,5555.673846,6899.871684,8507.301921,10397.61395,12610.0367,15197.86892,18141.75764,21513.30845,25287.315,29525.81627,34210.71186,39376.53464,45037.24745
OECD ENV-Growth 2025,SSP2,1,Guinea-Bissau,GNB,USD_2010/yr,GDP|PPP [per capita],ANNUAL,1765.962229,2038.978751,2383.826135,2793.667747,3300.37936,3932.426224,4716.684617,5675.213203,6833.663443,8211.629915,9837.080466,11722.0638,13874.92946,16324.68655,19102.10028,22253.78389
OECD ENV-Growth 2025,SSP2,1,Guinea-Bissau,GNB,USD_2015/yr,GDP|PPP [per capita],ANNUAL,2136.415583,2466.703933,2883.891409,3379.707227,3992.713876,4757.347879,5706.123467,6865.726641,8267.18988,9934.218198,11900.64638,14181.05062,16785.532,19749.18499,23109.22852,26922.05411
OECD ENV-Growth 2025,SSP2,1,Guinea-Bissau,GNB,USD_2017/yr,GDP|PPP [per capita],ANNUAL,2432.072965,2808.069739,3282.991561,3847.423059,4545.263361,5415.714645,6495.790767,7815.87079,9411.281758,11309.00921,13547.57031,16143.55844,19108.47258,22482.26388,26307.30199,30647.78242
OECD ENV-Growth 2025,SSP2,1,Guyana,GUY,USD_2010/yr,GDP|PPP [per capita],ANNUAL,63082.16054,129056.5013,196543.575,261230.2462,304824.8536,315595.3594,301565.4282,277612.9945,253644.4897,233484.3199,217459.8026,204779.1505,194834.5082,187111.3352,181208.3141,176794.6746
OECD ENV-Growth 2025,SSP2,1,Guyana,GUY,USD_2015/yr,GDP|PPP [per capita],ANNUAL,73301.78414,149964.296,228384.6112,303550.8447,354207.9953,366723.3765,350420.5268,322587.6797,294736.158,271309.9405,252689.3717,237954.3909,226398.667,217424.3017,210564.9618,205436.2907
OECD ENV-Growth 2025,SSP2,1,Guyana,GUY,USD_2017/yr,GDP|PPP [per capita],ANNUAL,73717.10632,150813.982,229678.6206,305270.74,356214.9101,368801.2024,352405.9821,324415.4362,296406.11,272847.1614,254121.0899,239302.6219,227681.4242,218656.2108,211758.0064,206600.2767
OECD ENV-Growth 2025,SSP2,1,Haiti,HTI,USD_2010/yr,GDP|PPP [per capita],ANNUAL,2493.960253,2622.17702,3106.635337,3779.566778,4684.1874,5885.87637,7468.602782,9526.532044,12149.61368,15336.71017,19165.48318,23690.12099,28984.18817,35138.44521,42218.65902,50247.24227
OECD ENV-Growth 2025,SSP2,1,Haiti,HTI,USD_2015/yr,GDP|PPP [per capita],ANNUAL,2546.020739,2676.913983,3171.485186,3858.463819,4781.968058,6008.741835,7624.507068,9725.394832,12403.23232,15656.85826,19565.55547,24184.6434,29589.22225,35871.9471,43099.95772,51296.13463
OECD ENV-Growth 2025,SSP2,1,Haiti,HTI,USD_2017/yr,GDP|PPP [per capita],ANNUAL,2724.966569,2865.059581,3394.39148,4129.654072,5118.066358,6431.063333,8160.39184,10408.93948,13274.98747,16757.29292,20940.71102,25884.4493,31668.88634,38393.18946,46129.21729,54901.45851
OECD ENV-Growth 2025,SSP2,1,Honduras,HND,USD_2010/yr,GDP|PPP [per capita],ANNUAL,4694.200725,5290.463324,6105.822894,7203.378659,8625.041198,10407.96382,12588.82466,15206.1493,18319.08208,21962.20659,26121.70579,30735.7925,35772.50056,41246.20986,47164.61171,53539.54108
OECD ENV-Growth 2025,SSP2,1,Honduras,HND,USD_2015/yr,GDP|PPP [per capita],ANNUAL,5519.643123,6220.754335,7179.489187,8470.042465,10141.69443,12238.13154,14802.48152,17880.0444,21540.36467,25824.10717,30715.02524,36140.46685,42062.84484,48499.06767,55458.17913,62954.09529
OECD ENV-Growth 2025,SSP2,1,Honduras,HND,USD_2017/yr,GDP|PPP [per capita],ANNUAL,6045.558334,6813.47188,7863.555617,9277.073656,11108.00171,13404.18873,16212.87165,19583.66674,23592.74472,28284.64501,33641.57295,39583.9542,46070.62023,53120.09059,60742.27075,68952.4027
OECD ENV-Growth 2025,SSP2,1,Hong Kong,HKG,USD_2010/yr,GDP|PPP [per capita],ANNUAL,60348.37768,67940.51167,73072.24177,75383.42818,76028.96642,75550.69528,74795.26303,74291.01483,74434.65428,74877.71156,75499.42885,76107.88119,76809.2287,77750.22487,79056.44791,80791.75592
OECD ENV-Growth 2025,SSP2,1,Hong Kong,HKG,USD_2015/yr,GDP|PPP [per capita],ANNUAL,62123.12239,69938.52832,75221.17401,77600.32854,78264.85098,77772.51468,76994.86644,76475.78914,76623.65278,77079.73964,77719.7406,78346.0865,79068.05946,80036.72876,81381.36563,83167.70614
OECD ENV-Growth 2025,SSP2,1,Hong Kong,HKG,USD_2017/yr,GDP|PPP [per capita],ANNUAL,63014.65371,70942.21884,76300.67597,78713.97384,79388.03287,78888.63104,78099.82273,77573.29613,77723.28177,78185.91395,78835.09959,79470.4342,80202.76823,81185.33893,82549.27274,84361.2491
OECD ENV-Growth 2025,SSP2,1,Hungary,HUN,USD_2010/yr,GDP|PPP [per capita],ANNUAL,33014.34383,38254.55461,42949.74248,47074.27545,50713.33891,54042.56849,57163.85204,60233.27119,63360.14014,66437.42478,69349.22197,71998.06298,74368.85423,76508.05546,78455.64651,80216.97893
OECD ENV-Growth 2025,SSP2,1,Hungary,HUN,USD_2015/yr,GDP|PPP [per capita],ANNUAL,36183.92955,41927.23368,47073.18927,51593.70348,55582.14004,59230.9967,62651.94321,66016.046,69443.11413,72815.83755,76007.18568,78910.33217,81508.73436,83853.31244,85987.88454,87918.31601
OECD ENV-Growth 2025,SSP2,1,Hungary,HUN,USD_2017/yr,GDP|PPP [per capita],ANNUAL,37162.45412,43061.07484,48346.19287,52988.95567,57085.2518,60832.78476,64346.24416,67801.32262,71321.0692,74785.00142,78062.65341,81044.30989,83712.98086,86120.96353,88313.26102,90295.89728
OECD ENV-Growth 2025,SSP2,1,Iceland,ISL,USD_2010/yr,GDP|PPP [per capita],ANNUAL,51732.92282,57487.70456,63060.66353,68564.80303,73745.16484,78262.66416,82245.84245,85902.99917,89398.99416,92560.32521,95353.78037,97793.62982,99898.64278,101710.951,103224.9562,104387.6468
OECD ENV-Growth 2025,SSP2,1,Iceland,ISL,USD_2015/yr,GDP|PPP [per capita],ANNUAL,58245.36359,64724.59067,70999.10608,77196.13863,83028.63447,88114.82285,92599.42675,96716.96759,100653.0587,104212.3565,107357.468,110104.4599,112474.4641,114514.9163,116219.5132,117528.57
OECD ENV-Growth 2025,SSP2,1,Iceland,ISL,USD_2017/yr,GDP|PPP [per capita],ANNUAL,61728.1262,68594.77656,75244.47458,81812.05669,87993.30472,93383.62007,98136.37941,102500.1273,106671.5757,110443.7005,113776.873,116688.1203,119199.8382,121362.2985,123168.8213,124556.1527
OECD ENV-Growth 2025,SSP2,1,India,IND,USD_2010/yr,GDP|PPP [per capita],ANNUAL,8054.975955,10275.98039,12572.18528,15039.95387,17730.15402,20693.85058,23959.31081,27529.81871,31405.96904,35496.7604,39838.61502,44350.6831,49003.28722,53773.56039,58664.1644,63689.67115
OECD ENV-Growth 2025,SSP2,1,India,IND,USD_2015/yr,GDP|PPP [per capita],ANNUAL,8199.895515,10460.85873,12798.37535,15310.54232,18049.14269,21066.16003,24390.37017,28025.11618,31971.00353,36135.39357,40555.36385,45148.60994,49884.92049,54741.01712,59719.60949,64835.53169
OECD ENV-Growth 2025,SSP2,1,India,IND,USD_2017/yr,GDP|PPP [per capita],ANNUAL,8172.770091,10426.25399,12756.03806,15259.89473,17989.43575,20996.47274,24309.68632,27932.40851,31865.24279,36015.85694,40421.20586,44999.2574,49719.90014,54559.9327,59522.05579,64621.05441
OECD ENV-Growth 2025,SSP2,1,Indonesia,IDN,USD_2010/yr,GDP|PPP [per capita],ANNUAL,14508.13303,17434.71501,20305.36373,23330.17706,26425.15757,29549.43168,32862.17466,36347.90748,39962.58765,43700.08,47552.47247,51489.47198,55496.21946,59563.2959,63678.52156,67817.25103
OECD ENV-Growth 2025,SSP2,1,Indonesia,IDN,USD_2015/yr,GDP|PPP [per capita],ANNUAL,14268.95979,17147.29572,19970.62048,22945.56838,25989.5267,29062.29572,32320.42661,35748.69553,39303.78603,42979.6641,46768.54812,50640.64438,54581.33879,58581.3676,62628.75187,66699.25249
OECD ENV-Growth 2025,SSP2,1,Indonesia,IDN,USD_2017/yr,GDP|PPP [per capita],ANNUAL,14133.02832,16983.94415,19780.37285,22726.98028,25741.94072,28785.43738,32012.53009,35408.14004,38929.36342,42570.22369,46323.01338,50158.2226,54061.37647,58023.2995,62032.12688,66063.85038
OECD ENV-Growth 2025,SSP2,1,Iran,IRN,USD_2010/yr,GDP|PPP [per capita],ANNUAL,19746.99388,21150.84255,22987.19386,24505.44355,25945.62577,27438.3761,29107.72548,31162.41563,33630.68554,36252.7336,38978.2957,41833.05977,44844.7145,48029.91502,51400.6305,54964.77367
OECD ENV-Growth 2025,SSP2,1,Iran,IRN,USD_2015/yr,GDP|PPP [per capita],ANNUAL,16038.71443,17178.93497,18670.43867,19903.5769,21073.30793,22285.73532,23641.5983,25310.43907,27315.19365,29444.84844,31658.5784,33977.24757,36423.34495,39010.39805,41748.12833,44642.96259
OECD ENV-Growth 2025,SSP2,1,Iran,IRN,USD_2017/yr,GDP|PPP [per capita],ANNUAL,16250.34265,17405.60821,18916.79205,20166.20134,21351.36678,22579.79195,23953.54532,25644.40617,27675.61316,29833.36839,32076.30816,34425.57179,36903.94503,39525.13387,42298.98805,45232.01917
OECD ENV-Growth 2025,SSP2,1,Iraq,IRQ,USD_2010/yr,GDP|PPP [per capita],ANNUAL,13393.80498,14075.08496,16677.65791,22436.73683,29064.98409,35950.19203,43078.35456,50554.2376,58490.76403,66764.22293,75288.09741,83937.9241,92763.09729,101921.4834,111545.7543,121733.0876
OECD ENV-Growth 2025,SSP2,1,Iraq,IRQ,USD_2015/yr,GDP|PPP [per capita],ANNUAL,9604.640771,10093.18375,11959.47778,16089.28886,20842.37687,25779.73029,30891.30542,36252.22945,41943.47891,47876.34121,53988.77546,60191.52951,66520.02379,73087.46367,79988.98752,87294.28105
OECD ENV-Growth 2025,SSP2,1,Iraq,IRQ,USD_2017/yr,GDP|PPP [per capita],ANNUAL,9469.501515,9951.170597,11791.20548,15862.90928,20549.12037,25417.00422,30456.65845,35742.15319,41353.3256,47202.71132,53229.14237,59344.62241,65584.07348,72059.10813,78863.52614,86066.0327
OECD ENV-Growth 2025,SSP2,1,Ireland,IRL,USD_2010/yr,GDP|PPP [per capita],ANNUAL,93914.73888,103122.6749,111382.9399,121214.3863,133229.9346,146265.6096,158898.5861,171070.2082,182529.4328,192349.5347,200318.0006,206738.1129,212170.3767,217103.3078,221702.2752,225807.0957
OECD ENV-Growth 2025,SSP2,1,Ireland,IRL,USD_2015/yr,GDP|PPP [per capita],ANNUAL,114028.1008,125208.0654,135237.3999,147174.4097,161763.2823,177590.7582,192929.2911,207707.6631,221621.0662,233544.302,243219.3439,251014.4272,257610.0982,263599.4964,269183.4071,274167.3414
OECD ENV-Growth 2025,SSP2,1,Ireland,IRL,USD_2017/yr,GDP|PPP [per capita],ANNUAL,116666.1559,128104.7705,138366.135,150579.3091,165505.6972,181699.3438,197392.7356,212513.0073,226748.2987,238947.3802,248846.2554,256821.679,263569.9417,269697.9054,275411.0007,280510.2389
OECD ENV-Growth 2025,SSP2,1,Israel,ISR,USD_2010/yr,GDP|PPP [per capita],ANNUAL,42090.95774,46977.02004,51645.27081,56287.06018,60719.2392,64657.67198,68744.15337,73107.43143,77681.23834,82201.01122,86581.00163,90793.45644,94926.91574,99080.68942,103297.5182,107558.7949
OECD ENV-Growth 2025,SSP2,1,Israel,ISR,USD_2015/yr,GDP|PPP [per capita],ANNUAL,46906.95252,52352.07197,57554.45816,62727.35527,67666.65868,72055.72201,76609.7735,81472.29238,86569.42856,91606.3482,96487.49164,101181.9303,105788.3348,110417.3781,115116.6912,119865.5378
OECD ENV-Growth 2025,SSP2,1,Israel,ISR,USD_2017/yr,GDP|PPP [per capita],ANNUAL,49218.13784,54931.54758,60390.26419,65818.03874,71000.71002,75606.02997,80384.46731,85486.57077,90834.85152,96119.94876,101241.5944,106167.336,111000.706,115857.8301,120788.6863,125771.5167
OECD ENV-Growth 2025,SSP2,1,Italy,ITA,USD_2010/yr,GDP|PPP [per capita],ANNUAL,37454.35656,39858.47521,42812.74039,45826.19834,48911.07452,51972.35469,55164.96869,58451.24305,61827.86575,65062.77574,68022.80938,70722.24429,73264.01671,75754.01372,78228.76462,80638.85937
OECD ENV-Growth 2025,SSP2,1,Italy,ITA,USD_2015/yr,GDP|PPP [per capita],ANNUAL,41671.39307,44346.19468,47633.08456,50985.83181,54418.03836,57823.99219,61376.06691,65032.34732,68789.14853,72388.28139,75681.58922,78684.95714,81512.91114,84283.26027,87036.64672,89718.09729
OECD ENV-Growth 2025,SSP2,1,Italy,ITA,USD_2017/yr,GDP|PPP [per capita],ANNUAL,45451.99948,48369.4705,51954.56104,55611.48381,59355.07476,63070.03125,66944.36533,70932.35909,75029.99331,78955.65485,82547.7456,85823.59186,88908.10991,91929.79692,94932.98233,97857.70552
OECD ENV-Growth 2025,SSP2,1,Jamaica,JAM,USD_2010/yr,GDP|PPP [per capita],ANNUAL,8865.992983,9491.231877,10339.94155,11557.8104,13164.04181,15183.65524,17669.25205,20688.34105,24268.54136,28399.24198,33088.75816,38291.41206,44002.21198,50199.26088,56856.20803,63957.68672
OECD ENV-Growth 2025,SSP2,1,Jamaica,JAM,USD_2015/yr,GDP|PPP [per capita],ANNUAL,9860.904101,10556.30514,11500.25409,12854.78797,14641.26512,16887.5126,19652.0345,23009.91524,26991.87327,31586.10685,36801.86434,42588.3421,48939.98827,55832.4486,63236.41536,71134.79747
OECD ENV-Growth 2025,SSP2,1,Jamaica,JAM,USD_2017/yr,GDP|PPP [per capita],ANNUAL,10645.31476,11396.03325,12415.07101,13877.35473,15805.94174,18230.87269,21215.3055,24840.2974,29139.01039,34098.70395,39729.36212,45976.13995,52833.04394,60273.78254,68266.71665,76793.39562
OECD ENV-Growth 2025,SSP2,1,Japan,JPN,USD_2010/yr,GDP|PPP [per capita],ANNUAL,41068.04191,43833.20596,46996.06797,50106.59206,53470.40348,57098.45393,60773.93012,64444.17761,68222.21058,72095.37483,76025.04153,79946.72331,83838.95108,87691.79409,91478.75925,95139.72791
OECD ENV-Growth 2025,SSP2,1,Japan,JPN,USD_2015/yr,GDP|PPP [per capita],ANNUAL,44790.08873,47805.86297,51255.37904,54647.81373,58316.49148,62273.35658,66281.94566,70284.83217,74405.27289,78629.46674,82915.28394,87192.39253,91437.37767,95639.40854,99769.59098,103762.3577
OECD ENV-Growth 2025,SSP2,1,Japan,JPN,USD_2017/yr,GDP|PPP [per capita],ANNUAL,44246.34539,47225.5087,50633.14828,53984.39944,57608.54013,61517.36962,65477.29518,69431.58739,73502.00673,77674.91965,81908.70783,86133.89312,90327.34492,94478.36393,98558.40672,102502.702
OECD ENV-Growth 2025,SSP2,1,Jordan,JOR,USD_2010/yr,GDP|PPP [per capita],ANNUAL,8019.131542,8541.996305,9287.477982,10333.02006,11678.41589,13363.42886,15381.37432,17731.03465,20343.74579,23165.78558,26177.61414,29425.37911,32940.57763,36733.42697,40778.48336,45065.14095
OECD ENV-Growth 2025,SSP2,1,Jordan,JOR,USD_2015/yr,GDP|PPP [per capita],ANNUAL,8944.548097,9527.752026,10359.26311,11525.46188,13026.11786,14905.58318,17156.40175,19777.21546,22691.43632,25839.14259,29198.53946,32821.10006,36741.95633,40972.50464,45484.36497,50265.70753
OECD ENV-Growth 2025,SSP2,1,Jordan,JOR,USD_2017/yr,GDP|PPP [per capita],ANNUAL,9597.267883,10223.03056,11115.22036,12366.52136,13976.68627,15993.30376,18408.37365,21220.43871,24347.32203,27724.72914,31329.27476,35216.18824,39423.16522,43962.43372,48803.54271,53933.79915
OECD ENV-Growth 2025,SSP2,1,Kazakhstan,KAZ,USD_2010/yr,GDP|PPP [per capita],ANNUAL,27142.14185,29892.35737,33094.33564,35949.97568,38321.11267,40442.3848,42826.42087,45791.70993,49409.01648,53443.208,57710.78182,62205.46199,67065.72326,72394.70853,78238.11321,84582.56853
OECD ENV-Growth 2025,SSP2,1,Kazakhstan,KAZ,USD_2015/yr,GDP|PPP [per capita],ANNUAL,28008.92887,30846.9728,34151.20657,37098.04176,39544.90125,41733.91642,44194.08692,47254.07279,50986.89838,55149.92222,59553.78144,64191.99966,69207.47386,74706.64082,80736.65521,87283.72135
OECD ENV-Growth 2025,SSP2,1,Kazakhstan,KAZ,USD_2017/yr,GDP|PPP [per capita],ANNUAL,29409.52825,32389.48987,35858.95337,38953.1464,41522.36223,43820.84011,46404.03257,49617.03443,53536.52169,57907.71945,62531.79567,67401.95014,72668.22543,78442.38076,84773.9288,91648.38399
OECD ENV-Growth 2025,SSP2,1,Kenya,KEN,USD_2010/yr,GDP|PPP [per capita],ANNUAL,3816.449382,4516.846239,5311.090736,6205.967623,7262.812501,8503.434664,9965.025644,11654.45983,13623.70447,15856.62131,18372.49862,21153.22365,24202.00558,27538.12006,31221.43674,35294.69794
OECD ENV-Growth 2025,SSP2,1,Kenya,KEN,USD_2015/yr,GDP|PPP [per capita],ANNUAL,4882.220903,5778.208726,6794.251832,7939.029662,9291.006234,10878.08125,12747.83224,14909.05333,17428.22401,20284.69927,23503.1538,27060.41671,30960.59339,35228.34234,39940.25225,45151.00156
OECD ENV-Growth 2025,SSP2,1,Kenya,KEN,USD_2017/yr,GDP|PPP [per capita],ANNUAL,5402.384048,6393.832493,7518.127191,8784.872308,10280.8916,12037.05727,14106.01588,16497.49848,19285.06744,22445.87821,26007.23435,29943.49631,34259.20686,38981.65169,44195.57942,49961.49405
OECD ENV-Growth 2025,SSP2,1,Kiribati,KIR,USD_2010/yr,GDP|PPP [per capita],ANNUAL,1654.545814,1773.091293,2166.412071,2760.551629,3590.289689,4740.95117,6362.857394,8676.822498,11908.71733,16252.88614,21893.44063,28998.96001,37843.44283,48809.21993,62202.87638,78226.21418
OECD ENV-Growth 2025,SSP2,1,Kiribati,KIR,USD_2015/yr,GDP|PPP [per capita],ANNUAL,1804.478125,1933.766006,2362.728889,3010.708428,3915.636032,5170.568626,6939.449414,9463.102356,12987.86636,17725.69683,23877.3894,31626.79966,41272.75545,53232.23383,67839.60213,85314.94933
OECD ENV-Growth 2025,SSP2,1,Kiribati,KIR,USD_2017/yr,GDP|PPP [per capita],ANNUAL,1858.88777,1992.074013,2433.971226,3101.489011,4033.702504,5326.474536,7148.691617,9748.439171,13379.48385,18260.17207,24597.35395,32580.42881,42517.23491,54837.32225,69885.14019,87887.41393
OECD ENV-Growth 2025,SSP2,1,Kosovo,XKX,USD_2010/yr,GDP|PPP [per capita],ANNUAL,13171.62661,15204.90826,16963.75881,18510.17379,20013.54767,21579.06833,23272.36399,25084.41089,27058.14511,29198.86525,31461.36089,33896.93676,36564.14745,39511.43866,42722.84306,46158.98506
OECD ENV-Growth 2025,SSP2,1,Kosovo,XKX,USD_2015/yr,GDP|PPP [per capita],ANNUAL,13770.8329,15896.61301,17735.47754,19352.24235,20924.00802,22560.74766,24331.07506,26225.55597,28289.0797,30527.18591,32892.60746,35438.98304,38227.53102,41308.90099,44666.39925,48258.85891
OECD ENV-Growth 2025,SSP2,1,Kosovo,XKX,USD_2017/yr,GDP|PPP [per capita],ANNUAL,13900.44061,16046.22804,17902.39952,19534.38091,21120.93966,22773.08389,24560.07318,26472.38448,28555.3296,30814.50031,33202.18463,35772.52607,38587.31918,41697.69026,45086.78847,48713.05948
OECD ENV-Growth 2025,SSP2,1,Kuwait,KWT,USD_2010/yr,GDP|PPP [per capita],ANNUAL,59625.71066,64285.64213,70162.81893,76330.16995,82020.80051,87951.99007,94257.51728,101006.6395,107690.2873,113581.4763,119422.8537,125252.2758,131330.0346,137990.4904,145446.5772,153759.6284
OECD ENV-Growth 2025,SSP2,1,Kuwait,KWT,USD_2015/yr,GDP|PPP [per capita],ANNUAL,41040.79478,44248.25829,48293.56029,52538.59125,56455.49217,60537.97154,64878.11014,69523.5783,74123.97994,78178.92664,82199.58766,86212.01981,90395.38381,94979.82219,100111.8991,105833.8305
OECD ENV-Growth 2025,SSP2,1,Kuwait,KWT,USD_2017/yr,GDP|PPP [per capita],ANNUAL,47704.27038,51432.50486,56134.61119,61068.8749,65621.73265,70367.05254,75411.86578,80811.58259,86158.91577,90872.23272,95545.69729,100209.5969,105072.1813,110400.9594,116366.2918,123017.2489
OECD ENV-Growth 2025,SSP2,1,Kyrgyzstan,KGZ,USD_2010/yr,GDP|PPP [per capita],ANNUAL,4266.896984,4861.421989,5586.269732,6364.415354,7202.942132,8173.661396,9334.23744,10715.1017,12330.08154,14146.41671,16148.17453,18345.12754,20769.64473,23474.82282,26460.6447,29726.76762
OECD ENV-Growth 2025,SSP2,1,Kyrgyzstan,KGZ,USD_2015/yr,GDP|PPP [per capita],ANNUAL,5022.433503,5722.230642,6575.426677,7491.35801,8478.362149,9620.966006,10987.04445,12612.4174,14513.36061,16651.31301,19007.5207,21593.48668,24447.31146,27631.49357,31146.01289,34990.46595
OECD ENV-Growth 2025,SSP2,1,Kyrgyzstan,KGZ,USD_2017/yr,GDP|PPP [per capita],ANNUAL,5725.756845,6523.551033,7496.225541,8540.42057,9665.641183,10968.25113,12525.63024,14378.61451,16545.75891,18983.10239,21669.26485,24617.36011,27870.82414,31500.90755,35507.58738,39890.40369
OECD ENV-Growth 2025,SSP2,1,Laos,LAO,USD_2010/yr,GDP|PPP [per capita],ANNUAL,6808.758339,8038.765128,9573.313118,11271.97378,13235.28129,15531.04707,18178.83097,21200.63402,24634.33208,28366.00278,32424.0466,36741.37523,41348.98144,46255.98057,51490.25274,57066.37521
OECD ENV-Growth 2025,SSP2,1,Laos,LAO,USD_2015/yr,GDP|PPP [per capita],ANNUAL,7966.17872,9405.274281,11200.67998,13188.09585,15485.14588,18171.16874,21269.04925,24804.5284,28821.92056,33187.93772,37935.80814,42987.03918,48377.89207,54119.03165,60243.0774,66767.08456
OECD ENV-Growth 2025,SSP2,1,Laos,LAO,USD_2017/yr,GDP|PPP [per capita],ANNUAL,8450.914739,9977.578189,11882.23299,13990.58163,16427.40543,19276.87077,22563.25499,26313.86541,30575.71288,35207.39891,40244.1737,45602.76837,51321.65063,57412.13426,63908.82362,70829.81173
OECD ENV-Growth 2025,SSP2,1,Latvia,LVA,USD_2010/yr,GDP|PPP [per capita],ANNUAL,29519.10965,34167.54085,38364.33461,42026.47702,45049.69116,48013.40302,50920.83824,54104.23686,57576.2412,61148.4145,64670.46764,68143.02057,71634.89446,75229.01312,78973.34588,82857.13178
OECD ENV-Growth 2025,SSP2,1,Latvia,LVA,USD_2015/yr,GDP|PPP [per capita],ANNUAL,33103.69878,38316.60215,43023.02447,47129.87121,50520.20281,53843.80659,57104.29991,60674.26765,64567.88731,68573.83973,72523.58577,76417.82065,80333.72268,84364.28534,88563.30304,92918.70807
OECD ENV-Growth 2025,SSP2,1,Latvia,LVA,USD_2017/yr,GDP|PPP [per capita],ANNUAL,35298.4129,40856.92214,45875.37157,50254.49467,53869.599,57413.55157,60890.20958,64696.85959,68848.61905,73120.15872,77331.76563,81484.18109,85659.7002,89957.48173,94434.88655,99079.04689
OECD ENV-Growth 2025,SSP2,1,Lebanon,LBN,USD_2010/yr,GDP|PPP [per capita],ANNUAL,9073.133192,9717.703821,10512.85341,11580.32455,12973.04699,14698.4457,16757.04913,19107.93481,21724.56605,24539.74193,27549.22011,30756.77424,34228.05292,37972.10639,41950.6338,46166.89562
OECD ENV-Growth 2025,SSP2,1,Lebanon,LBN,USD_2015/yr,GDP|PPP [per capita],ANNUAL,10893.99807,11667.926,12622.65222,13904.35152,15576.57601,17648.24077,20119.98028,22942.65944,26084.416,29464.56263,33078.00561,36929.27593,41097.19702,45592.63541,50369.60374,55432.01682
OECD ENV-Growth 2025,SSP2,1,Lebanon,LBN,USD_2017/yr,GDP|PPP [per capita],ANNUAL,11752.51963,12587.43837,13617.40354,15000.10952,16804.11674,19039.04285,21705.57234,24750.69792,28140.04639,31786.57169,35684.7787,39839.55545,44335.93724,49185.64692,54339.07302,59800.43888
OECD ENV-Growth 2025,SSP2,1,Lesotho,LSO,USD_2010/yr,GDP|PPP [per capita],ANNUAL,2262.248967,2431.419363,2802.951306,3241.013503,3751.666014,4358.181609,5093.645108,5989.139075,7081.499991,8372.226064,9866.474219,11569.31578,13514.14125,15740.72831,18286.74006,21183.40154
OECD ENV-Growth 2025,SSP2,1,Lesotho,LSO,USD_2015/yr,GDP|PPP [per capita],ANNUAL,2790.054849,2998.694433,3456.908588,3997.175187,4626.968165,5374.990067,6282.044742,7386.466635,8733.686553,10325.55226,12168.42383,14268.55578,16667.12897,19413.20163,22553.22404,26125.70634
OECD ENV-Growth 2025,SSP2,1,Lesotho,LSO,USD_2017/yr,GDP|PPP [per capita],ANNUAL,2522.26132,2710.875373,3125.109466,3613.520489,4182.86502,4859.090691,5679.084936,6677.502807,7895.414595,9334.490708,11000.48078,12899.03901,15067.39366,17549.89426,20388.53274,23618.12298
OECD ENV-Growth 2025,SSP2,1,Liberia,LBR,USD_2010/yr,GDP|PPP [per capita],ANNUAL,1098.755281,1344.859871,1604.545458,1906.122489,2280.147055,2749.716305,3333.052714,4053.249597,4926.223829,5980.307103,7246.241521,8749.483451,10498.70622,12519.25717,14833.11533,17474.23597
OECD ENV-Growth 2025,SSP2,1,Liberia,LBR,USD_2015/yr,GDP|PPP [per capita],ANNUAL,1237.021381,1514.095489,1806.459612,2145.98675,2567.078137,3095.73744,3752.480232,4563.305862,5546.134167,6732.862068,8158.100216,9850.508381,11819.85133,14094.66609,16699.69749,19673.17372
OECD ENV-Growth 2025,SSP2,1,Liberia,LBR,USD_2017/yr,GDP|PPP [per capita],ANNUAL,1572.850028,1925.144681,2296.880307,2728.582845,3263.99283,3936.173451,4771.209882,5802.159817,7051.808004,8560.710793,10372.87499,12524.74097,15028.72446,17921.10976,21233.35947,25014.08003
OECD ENV-Growth 2025,SSP2,1,Libya,LBY,USD_2010/yr,GDP|PPP [per capita],ANNUAL,21423.71941,23111.91437,23521.57839,25623.00285,29258.27936,34279.42647,40588.99724,47930.84446,56014.36183,64552.70722,73565.40326,83174.6711,93496.08539,104612.7668,116482.137,129083.4017
OECD ENV-Growth 2025,SSP2,1,Libya,LBY,USD_2015/yr,GDP|PPP [per capita],ANNUAL,25790.04249,27822.30491,28315.46168,30845.17303,35221.34758,41265.8441,48861.35519,57699.5288,67430.53081,77709.05837,88558.61299,100126.3254,112551.3254,125933.6742,140222.1157,155391.6176
OECD ENV-Growth 2025,SSP2,1,Libya,LBY,USD_2017/yr,GDP|PPP [per capita],ANNUAL,22226.24234,23977.67633,24402.68618,26582.82906,30354.2814,35563.51843,42109.44289,49726.31242,58112.63473,66970.82271,76321.13031,86290.35702,96998.40687,108531.5142,120845.5057,133918.8081
OECD ENV-Growth 2025,SSP2,1,Lithuania,LTU,USD_2010/yr,GDP|PPP [per capita],ANNUAL,36380.63803,43601.5028,48627.8779,52694.37426,56097.46565,58749.69326,61182.2585,63629.23297,66076.58177,68444.86517,70526.76057,72311.06966,73889.48997,75365.72003,76790.54662,78146.6941
OECD ENV-Growth 2025,SSP2,1,Lithuania,LTU,USD_2015/yr,GDP|PPP [per capita],ANNUAL,40645.5429,48712.91017,54328.5276,58871.73963,62673.77567,65636.92411,68354.65916,71088.49263,73822.7443,76468.66174,78794.61789,80788.10166,82551.5603,84200.84893,85792.70805,87307.8368
OECD ENV-Growth 2025,SSP2,1,Lithuania,LTU,USD_2017/yr,GDP|PPP [per capita],ANNUAL,43343.41012,51946.25273,57934.60943,62779.37932,66833.77731,69993.60613,72891.73214,75807.0251,78722.76403,81544.3055,84024.64808,86150.45029,88030.95934,89789.72028,91487.2398,93102.93594
OECD ENV-Growth 2025,SSP2,1,Luxembourg,LUX,USD_2010/yr,GDP|PPP [per capita],ANNUAL,95908.15101,106699.8007,111856.4178,114498.718,114957.894,114606.0543,114309.4235,114436.4887,115279.5976,116336.8118,117405.4077,118391.5112,119387.2522,120516.7548,121843.5281,123318.0025
OECD ENV-Growth 2025,SSP2,1,Luxembourg,LUX,USD_2015/yr,GDP|PPP [per capita],ANNUAL,116068.1084,129128.1701,135368.7115,138566.425,139122.1201,138696.3235,138337.3407,138491.1152,139511.4461,140790.8874,142084.1028,143277.4859,144482.5324,145849.4572,147455.1191,149239.529
OECD ENV-Growth 2025,SSP2,1,Luxembourg,LUX,USD_2017/yr,GDP|PPP [per capita],ANNUAL,121800.6563,135505.7482,142054.5069,145410.1539,145993.2945,145546.468,145169.7552,145331.1245,146401.8491,147744.4814,149101.5681,150353.8918,151618.4549,153052.8915,154737.8563,156610.3974
OECD ENV-Growth 2025,SSP2,1,Macao,MAC,USD_2010/yr,GDP|PPP [per capita],ANNUAL,99903.45468,117450.8851,134818.1046,150856.5222,164587.0663,175110.7799,183645.6906,191147.2337,198410.9356,203821.7491,207255.8668,208867.7543,209299.6593,209001.1042,208096.7296,206591.0124
OECD ENV-Growth 2025,SSP2,1,Macao,MAC,USD_2015/yr,GDP|PPP [per capita],ANNUAL,115365.4411,135628.6748,155683.8065,174204.4785,190060.0891,202212.5503,212068.4032,220730.9546,229118.8546,235367.0957,239332.7094,241194.0676,241692.8183,241348.056,240303.712,238564.956
OECD ENV-Growth 2025,SSP2,1,Macao,MAC,USD_2017/yr,GDP|PPP [per capita],ANNUAL,118446.3491,139250.7254,159841.4422,178856.7207,195135.7655,207612.766,217731.8257,226625.7161,235237.6203,241652.7248,245724.2427,247635.3097,248147.3798,247793.4104,246721.1765,244935.986
OECD ENV-Growth 2025,SSP2,1,Madagascar,MDG,USD_2010/yr,GDP|PPP [per capita],ANNUAL,1603.179755,1819.244432,2149.986349,2564.061443,3090.34846,3757.7003,4596.822961,5640.650682,6936.91758,8513.854769,10415.11796,12647.06661,15230.08009,18205.9436,21626.03092,25553.21103
OECD ENV-Growth 2025,SSP2,1,Madagascar,MDG,USD_2015/yr,GDP|PPP [per capita],ANNUAL,1622.414096,1841.071035,2175.781068,2594.824077,3127.425286,3802.78376,4651.973895,5708.325065,7020.144081,8616.000763,10540.07459,12798.8013,15412.8048,18424.37159,21885.49182,25859.78874
OECD ENV-Growth 2025,SSP2,1,Madagascar,MDG,USD_2017/yr,GDP|PPP [per capita],ANNUAL,1622.329735,1840.975304,2175.667934,2594.689154,3127.262669,3802.586026,4651.732005,5708.028247,7019.779052,8615.552754,10539.52653,12798.1358,15412.00337,18423.41357,21884.35384,25858.4441
OECD ENV-Growth 2025,SSP2,1,Malawi,MWI,USD_2010/yr,GDP|PPP [per capita],ANNUAL,1598.857571,1772.790998,2057.7966,2513.932747,3127.185462,3902.40984,4849.713352,5988.880528,7353.120319,8964.66064,10877.77963,13118.4237,15732.38112,18727.28276,22120.71209,25934.66406
OECD ENV-Growth 2025,SSP2,1,Malawi,MWI,USD_2015/yr,GDP|PPP [per capita],ANNUAL,1508.036003,1672.089309,1940.905441,2371.131213,2949.548697,3680.737199,4574.230045,5648.687924,6935.433385,8455.431706,10259.87781,12373.24424,14838.71833,17663.49746,20864.1663,24461.47038
OECD ENV-Growth 2025,SSP2,1,Malawi,MWI,USD_2017/yr,GDP|PPP [per capita],ANNUAL,1528.313669,1694.572902,1967.003646,2403.014408,2989.209529,3730.229889,4635.737003,5724.642481,7028.690044,8569.126882,10397.8363,12539.61992,15038.24578,17901.00803,21144.71437,24790.38927
OECD ENV-Growth 2025,SSP2,1,Malaysia,MYS,USD_2010/yr,GDP|PPP [per capita],ANNUAL,31776.55676,36963.84519,41791.14725,45670.50389,48988.23798,52050.72917,55056.37666,58183.07109,61511.54064,64920.5417,68418.05684,72032.92866,75809.8046,79780.33149,83959.75313,88343.62537
OECD ENV-Growth 2025,SSP2,1,Malaysia,MYS,USD_2015/yr,GDP|PPP [per capita],ANNUAL,31411.31728,36538.98306,41310.80015,45145.5675,48425.16759,51452.45853,54423.55913,57514.31535,60804.52751,64174.34553,67631.66027,71204.98277,74938.44734,78863.33702,82994.72043,87328.20448
OECD ENV-Growth 2025,SSP2,1,Malaysia,MYS,USD_2017/yr,GDP|PPP [per capita],ANNUAL,31396.84334,36522.14635,41291.76465,45124.76498,48402.85387,51428.74987,54398.48143,57487.81347,60776.50953,64144.77479,67600.49644,71172.1724,74903.91663,78826.99778,82956.4775,87287.96473
OECD ENV-Growth 2025,SSP2,1,Maldives,MDV,USD_2010/yr,GDP|PPP [per capita],ANNUAL,19150.65408,23350.0812,27375.58931,31095.13757,34385.76619,37326.5654,40197.40644,43254.93511,46584.13414,49636.86993,52486.20396,55092.64592,57628.46834,60185.99485,62824.79244,65454.81284
OECD ENV-Growth 2025,SSP2,1,Maldives,MDV,USD_2015/yr,GDP|PPP [per capita],ANNUAL,23828.60014,29053.82479,34062.64708,38690.77247,42785.20565,46444.35631,50016.46005,53820.85378,57963.279,61761.70908,65307.05228,68550.17197,71705.42183,74887.67745,78171.0563,81443.51395
OECD ENV-Growth 2025,SSP2,1,Maldives,MDV,USD_2017/yr,GDP|PPP [per capita],ANNUAL,24560.40188,29946.09874,35108.74732,39879.00737,44099.18497,47870.71205,51552.51891,55473.74962,59743.39314,63658.47706,67312.70153,70655.42089,73907.57184,77187.55792,80571.77284,83944.73116
OECD ENV-Growth 2025,SSP2,1,Mali,MLI,USD_2010/yr,GDP|PPP [per capita],ANNUAL,1956.78918,2208.605152,2650.570049,3211.72646,3922.56816,4807.261375,5878.344877,7157.567418,8657.624286,10401.28654,12420.72566,14722.39361,17356.65212,20352.96029,23772.26351,27594.65643
OECD ENV-Growth 2025,SSP2,1,Mali,MLI,USD_2015/yr,GDP|PPP [per capita],ANNUAL,2166.297347,2445.07458,2934.359473,3555.597395,4342.547008,5321.961953,6507.723491,7923.908957,9584.57289,11514.92438,13750.57943,16298.68079,19214.9823,22532.09713,26317.49598,30549.14226
OECD ENV-Growth 2025,SSP2,1,Mali,MLI,USD_2017/yr,GDP|PPP [per capita],ANNUAL,2280.361005,2573.816901,3088.864474,3742.812896,4571.19835,5602.183154,6850.379472,8341.1324,10089.2365,12121.22822,14474.59886,17156.86729,20226.72298,23718.49632,27703.21057,32157.66885
OECD ENV-Growth 2025,SSP2,1,Malta,MLT,USD_2010/yr,GDP|PPP [per capita],ANNUAL,47707.73656,56433.0712,64860.62604,71582.34938,77016.99523,81245.89249,84982.63343,88744.67215,92479.78292,96442.73513,100420.5401,104351.288,108247.2661,112258.6221,116559.4557,121247.8265
OECD ENV-Growth 2025,SSP2,1,Malta,MLT,USD_2015/yr,GDP|PPP [per capita],ANNUAL,51963.42115,61467.0839,70646.40393,77967.72676,83887.16061,88493.2892,92563.35954,96660.98429,100729.279,105045.7394,109378.3774,113659.7608,117903.2728,122272.4547,126956.9366,132063.5253
OECD ENV-Growth 2025,SSP2,1,Malta,MLT,USD_2017/yr,GDP|PPP [per capita],ANNUAL,56196.23388,66474.04167,76401.08657,84318.78638,90720.40279,95701.73531,100103.3436,104534.7508,108934.4388,113602.5075,118288.0716,122918.2059,127507.3839,132232.4687,137298.537,142821.0959
OECD ENV-Growth 2025,SSP2,1,Mauritania,MRT,USD_2010/yr,GDP|PPP [per capita],ANNUAL,5620.574503,6268.111095,7275.141775,8347.430959,9569.340951,11001.55087,12675.11051,14624.35038,16872.8671,19383.49433,22228.62356,25424.70171,28937.50805,32763.04776,36905.86725,41406.29538
OECD ENV-Growth 2025,SSP2,1,Mauritania,MRT,USD_2015/yr,GDP|PPP [per capita],ANNUAL,5132.747742,5724.082664,6643.710087,7622.93203,8738.788737,10046.6928,11574.99911,13355.05852,15408.41963,17701.14188,20299.3337,23218.0145,26425.93369,29919.44317,33702.69475,37812.51703
OECD ENV-Growth 2025,SSP2,1,Mauritania,MRT,USD_2017/yr,GDP|PPP [per capita],ANNUAL,6139.892773,6847.259119,7947.335346,9118.699698,10453.50921,12018.04951,13846.23927,15975.58099,18431.85153,21174.45053,24282.45816,27773.84096,31611.21634,35790.22039,40315.81959,45232.06901
OECD ENV-Growth 2025,SSP2,1,Mauritius,MUS,USD_2010/yr,GDP|PPP [per capita],ANNUAL,22973.11,27108.47509,31502.53331,36143.39042,41096.88238,46301.07625,51806.59116,57394.261,62912.78096,68456.75836,74005.21436,79557.25353,85039.20217,90456.93893,95837.82961,101240.7836
OECD ENV-Growth 2025,SSP2,1,Mauritius,MUS,USD_2015/yr,GDP|PPP [per capita],ANNUAL,24019.80202,28343.58101,32937.83963,37790.14168,42969.32274,48410.62809,54166.98316,60009.23626,65779.18892,71575.75888,77377.0115,83182.01054,88913.72562,94578.30322,100204.356,105853.4773
OECD ENV-Growth 2025,SSP2,1,Mauritius,MUS,USD_2017/yr,GDP|PPP [per capita],ANNUAL,24995.03323,29494.36256,34275.15329,39324.46431,44713.92599,50376.15451,56366.22413,62445.67933,68449.89861,74481.81589,80518.60595,86559.29454,92523.72375,98418.28963,104272.7665,110151.2486
OECD ENV-Growth 2025,SSP2,1,Mayotte,MYT,USD_2017/yr,GDP|PPP [per capita],ANNUAL,26877.28224,30864.31809,34150.58513,37659.31433,41324.87866,45186.44215,49307.28033,53732.75864,58413.03249,63257.37625,68212.49667,73352.12914,78778.00412,84568.79751,90769.0849,97409.05578
OECD ENV-Growth 2025,SSP2,1,Mexico,MEX,USD_2010/yr,GDP|PPP [per capita],ANNUAL,18172.01766,19977.52656,22116.78593,24550.50131,27312.68656,30367.62062,33635.16716,37019.98472,40547.76773,44208.57399,47941.25979,51660.84889,55330.23242,58913.10586,62354.38118,65658.5909
OECD ENV-Growth 2025,SSP2,1,Mexico,MEX,USD_2015/yr,GDP|PPP [per capita],ANNUAL,20284.36092,22299.74495,24687.67512,27404.28932,30487.55523,33897.59951,37544.97069,41323.24464,45261.10258,49347.44658,53514.02551,57665.98537,61761.90367,65761.25583,69602.55029,73290.84643
OECD ENV-Growth 2025,SSP2,1,Mexico,MEX,USD_2017/yr,GDP|PPP [per capita],ANNUAL,21422.92513,23551.43296,26073.398,28942.49616,32198.82625,35800.27683,39652.37549,43642.72452,47801.61501,52117.32611,56517.77574,60902.78572,65228.60853,69452.44492,73509.35181,77404.67256
OECD ENV-Growth 2025,SSP2,1,Micronesia,FSM,USD_2010/yr,GDP|PPP [per capita],ANNUAL,2751.938646,2846.261758,3195.793773,3821.339433,4773.06705,6139.179191,8014.313533,10494.21151,13680.43911,17669.36085,22607.96156,28630.60621,35795.47789,44140.88244,53604.58478,64210.47994
OECD ENV-Growth 2025,SSP2,1,Micronesia,FSM,USD_2015/yr,GDP|PPP [per capita],ANNUAL,2993.814347,3096.427785,3476.681162,4157.207806,5192.585465,6678.769081,8718.714305,11416.57755,14882.85175,19222.37115,24595.03949,31147.03148,38941.64408,48020.54993,58316.04394,69854.12134
OECD ENV-Growth 2025,SSP2,1,Micronesia,FSM,USD_2017/yr,GDP|PPP [per capita],ANNUAL,3086.015224,3191.788861,3583.752948,4285.237858,5352.502173,6884.455972,8987.225646,11768.17533,15341.2008,19814.36493,25352.49602,32106.27052,40140.93479,49499.44485,60112.01047,72005.42749
OECD ENV-Growth 2025,SSP2,1,Moldova,MDA,USD_2010/yr,GDP|PPP [per capita],ANNUAL,9355.339371,12445.93961,15850.00298,18980.36193,21757.44737,24267.11233,26713.44756,29235.08683,31867.02124,34443.97475,36894.92293,39244.64293,41592.54675,44026.89567,46590.76339,49278.49934
OECD ENV-Growth 2025,SSP2,1,Moldova,MDA,USD_2015/yr,GDP|PPP [per capita],ANNUAL,11169.71166,14859.70218,18923.94879,22661.40882,25977.08154,28973.47033,31894.24723,34904.93262,38047.30377,41124.03103,44050.31551,46855.73966,49658.99538,52565.46135,55626.56497,58835.55979
OECD ENV-Growth 2025,SSP2,1,Moldova,MDA,USD_2017/yr,GDP|PPP [per capita],ANNUAL,12361.67369,16445.437,20943.39468,25079.69315,28749.1938,32065.33854,35297.80255,38629.76952,42107.47493,45512.53135,48751.09068,51855.89221,54958.29391,58174.91982,61562.68534,65114.12409
OECD ENV-Growth 2025,SSP2,1,Mongolia,MNG,USD_2010/yr,GDP|PPP [per capita],ANNUAL,13551.76305,15358.6934,17549.22963,19767.4309,22057.35136,24596.62564,27613.31391,31262.08241,35545.54424,40295.66111,45420.01257,50905.91257,56758.56659,63070.1006,69904.96769,77374.54362
OECD ENV-Growth 2025,SSP2,1,Mongolia,MNG,USD_2015/yr,GDP|PPP [per capita],ANNUAL,12910.12196,14631.49881,16718.3188,18831.49394,21012.99256,23432.03874,26305.8946,29781.9033,33862.55424,38387.76531,43269.49192,48495.64868,54071.1946,60083.89373,66595.14746,73711.0582
OECD ENV-Growth 2025,SSP2,1,Mongolia,MNG,USD_2017/yr,GDP|PPP [per capita],ANNUAL,13348.33443,15128.14054,17285.79413,19470.69747,21726.24341,24227.40006,27198.80414,30792.80013,35011.96194,39690.77372,44738.20237,50141.75227,55906.55076,62123.34089,68855.60823,76213.05663
OECD ENV-Growth 2025,SSP2,1,Montenegro,MNE,USD_2010/yr,GDP|PPP [per capita],ANNUAL,19263.70189,22499.16445,25464.6685,27898.80999,29955.78199,31816.77839,33662.23869,35566.43824,37583.5913,39659.7808,41772.09407,43943.15721,46190.79284,48575.97173,51127.56908,53863.33373
OECD ENV-Growth 2025,SSP2,1,Montenegro,MNE,USD_2015/yr,GDP|PPP [per capita],ANNUAL,20994.41529,24520.56229,27752.49682,30405.32947,32647.10651,34675.30085,36686.56329,38761.8423,40960.22292,43222.94401,45525.03435,47891.15284,50340.72334,52940.19442,55721.03555,58702.59016
OECD ENV-Growth 2025,SSP2,1,Montenegro,MNE,USD_2017/yr,GDP|PPP [per capita],ANNUAL,23494.69751,27440.78297,31057.61741,34026.38314,36535.13952,38804.87706,41055.66623,43378.09588,45838.28765,48370.48238,50946.73494,53594.64093,56335.93747,59244.98666,62357.00574,65693.64183
OECD ENV-Growth 2025,SSP2,1,Morocco,MAR,USD_2010/yr,GDP|PPP [per capita],ANNUAL,8848.309671,10047.63417,11577.67052,13337.09683,15407.21898,17897.34327,20898.19915,24499.20385,28708.89538,33423.28151,38690.1995,44598.35834,51130.47921,58352.56236,66317.71618,75091.82804
OECD ENV-Growth 2025,SSP2,1,Morocco,MAR,USD_2015/yr,GDP|PPP [per capita],ANNUAL,8741.521857,9926.372037,11437.9428,13176.13508,15221.2735,17681.34516,20645.98453,24203.5297,28362.41562,33019.90513,38223.25813,44060.11302,50513.39952,57648.32134,65517.34591,74185.56544
OECD ENV-Growth 2025,SSP2,1,Morocco,MAR,USD_2017/yr,GDP|PPP [per capita],ANNUAL,8761.717616,9949.305185,11464.36817,13206.57624,15256.43959,17722.19482,20693.68347,24259.44773,28427.94203,33096.19185,38311.56629,44161.90622,50630.10191,57781.50772,65668.71229,74356.95823
OECD ENV-Growth 2025,SSP2,1,Mozambique,MOZ,USD_2010/yr,GDP|PPP [per capita],ANNUAL,1287.838649,1851.540255,2606.572261,3432.965387,4390.751323,5524.814301,6871.829924,8476.983622,10392.26619,12637.17269,15278.6625,18330.55324,21848.88001,25833.58981,30305.22094,35276.86694
OECD ENV-Growth 2025,SSP2,1,Mozambique,MOZ,USD_2015/yr,GDP|PPP [per capita],ANNUAL,1410.672676,2028.140131,2855.187076,3760.401563,4809.541105,6051.770989,7527.264938,9285.518166,11383.48036,13842.506,16735.94105,20078.92108,23932.82579,28297.59714,33195.73237,38641.57387
OECD ENV-Growth 2025,SSP2,1,Mozambique,MOZ,USD_2017/yr,GDP|PPP [per capita],ANNUAL,1379.320716,1983.065063,2791.73103,3676.827279,4702.649873,5917.27141,7359.972757,9079.149107,11130.48444,13534.85866,16363.98761,19632.67048,23400.92282,27668.68787,32457.96287,37782.77148
OECD ENV-Growth 2025,SSP2,1,Myanmar,MMR,USD_2010/yr,GDP|PPP [per capita],ANNUAL,4336.1415,4949.823439,5783.454088,6749.899429,7879.506206,9209.896199,10791.07168,12648.94407,14819.8072,17311.80069,20084.17053,23113.77023,26416.21323,30002.88552,33912.86267,38156.51837
OECD ENV-Growth 2025,SSP2,1,Myanmar,MMR,USD_2015/yr,GDP|PPP [per capita],ANNUAL,4689.324314,5352.991226,6254.521877,7299.685103,8521.299416,9960.050929,11670.01464,13679.21249,16026.89447,18721.86318,21720.04516,24996.40861,28567.83871,32446.64883,36675.09732,41264.40277
OECD ENV-Growth 2025,SSP2,1,Myanmar,MMR,USD_2017/yr,GDP|PPP [per capita],ANNUAL,4345.314459,4960.294621,5795.688787,6764.17861,7896.175031,9229.379419,10813.89982,12675.70248,14851.15799,17348.42322,20126.65791,23162.66662,26472.09583,30066.35559,33984.60417,38237.23718
OECD ENV-Growth 2025,SSP2,1,Namibia,NAM,USD_2010/yr,GDP|PPP [per capita],ANNUAL,9149.125839,9718.114829,10751.54239,12130.90893,13800.70735,15736.41665,17974.75073,20559.99705,23497.64818,26769.87405,30270.30396,33982.71753,37910.64594,42121.16712,46701.51057,51658.06351
OECD ENV-Growth 2025,SSP2,1,Namibia,NAM,USD_2015/yr,GDP|PPP [per capita],ANNUAL,9835.368709,10447.03551,11557.97674,13040.80458,14835.84854,16916.7484,19322.97183,22102.12813,25260.12187,28777.78558,32540.77008,36531.63837,40754.1865,45280.52367,50204.42213,55532.74819
OECD ENV-Growth 2025,SSP2,1,Namibia,NAM,USD_2017/yr,GDP|PPP [per capita],ANNUAL,9861.936767,10475.25585,11589.19804,13076.03141,14875.92428,16962.44523,19375.16854,22161.83211,25328.35646,28855.52235,32628.67172,36630.32046,40864.27486,45402.83891,50340.03819,55682.75754
OECD ENV-Growth 2025,SSP2,1,Nepal,NPL,USD_2010/yr,GDP|PPP [per capita],ANNUAL,3568.899403,4392.859497,5430.04683,6668.145013,8147.967677,9905.789269,11986.55266,14459.87255,17387.36736,20783.91784,24680.22888,29010.93446,33764.28941,38951.67094,44579.22919,50621.29896
OECD ENV-Growth 2025,SSP2,1,Nepal,NPL,USD_2015/yr,GDP|PPP [per capita],ANNUAL,3998.632592,4921.806185,6083.88183,7471.060112,9129.069057,11098.55094,13429.86022,16200.99395,19480.99006,23286.5211,27651.98915,32504.15742,37829.86653,43641.86359,49947.0393,56716.6381
OECD ENV-Growth 2025,SSP2,1,Nepal,NPL,USD_2017/yr,GDP|PPP [per capita],ANNUAL,4446.650407,5473.258913,6765.536716,8308.138276,10151.91511,12342.06317,14934.57877,18016.19796,21663.69387,25895.60709,30750.19422,36146.0128,42068.42903,48531.61825,55543.24323,63071.32653
OECD ENV-Growth 2025,SSP2,1,Netherlands,NLD,USD_2010/yr,GDP|PPP [per capita],ANNUAL,52561.21279,57091.29897,60772.24712,64383.0279,67976.4878,71373.00991,74617.38801,77732.95994,80743.67239,83495.81404,85992.64932,88243.42351,90273.43091,92077.65974,93625.11151,94866.04488
OECD ENV-Growth 2025,SSP2,1,Netherlands,NLD,USD_2015/yr,GDP|PPP [per capita],ANNUAL,57671.61348,62642.14907,66680.98699,70642.83532,74585.67871,78312.43652,81872.25772,85290.74923,88594.18604,91613.91183,94353.50841,96823.11998,99050.50013,101030.1498,102728.0566,104089.6429
OECD ENV-Growth 2025,SSP2,1,Netherlands,NLD,USD_2017/yr,GDP|PPP [per capita],ANNUAL,60775.15768,66013.17802,70269.36224,74444.41375,78599.43759,82526.7474,86278.13706,89880.59152,93361.7997,96544.02923,99431.05465,102033.5661,104380.8106,106466.9933,108256.2713,109691.1302
OECD ENV-Growth 2025,SSP2,1,New Caledonia,NCL,USD_2017/yr,GDP|PPP [per capita],ANNUAL,39785.26962,48443.39592,56591.40591,64138.09761,71168.49554,77859.18384,84379.96685,90952.41303,97648.99629,104241.1612,110700.0238,117177.3195,123817.029,130809.9264,138238.3321,146128.9363
OECD ENV-Growth 2025,SSP2,1,New Zealand,NZL,USD_2010/yr,GDP|PPP [per capita],ANNUAL,39145.86296,43082.38407,46847.20125,50375.28285,54004.44985,57670.36077,61428.47556,65364.83567,69466.27132,73459.14181,77265.02544,80897.07372,84383.32683,87723.53519,90855.13037,93685.88104
OECD ENV-Growth 2025,SSP2,1,New Zealand,NZL,USD_2015/yr,GDP|PPP [per capita],ANNUAL,43112.64711,47448.06937,51594.38834,55479.98251,59476.90541,63514.29562,67653.23304,71988.47797,76505.52612,80903.00783,85094.55467,89094.65082,92934.17788,96612.86097,100061.7914,103179.3917
OECD ENV-Growth 2025,SSP2,1,New Zealand,NZL,USD_2017/yr,GDP|PPP [per capita],ANNUAL,46776.46012,51480.31665,55978.99945,60194.80045,64531.39115,68911.88818,73402.56212,78106.22625,83007.14365,87778.33359,92326.08782,96666.12145,100831.9404,104823.2466,108565.2751,111947.8164
OECD ENV-Growth 2025,SSP2,1,Nicaragua,NIC,USD_2010/yr,GDP|PPP [per capita],ANNUAL,5370.085023,6054.719981,7027.747463,8338.771959,10045.66974,12201.82435,14851.52453,18059.16685,21905.97106,26373.04401,31485.29058,37174.40851,43411.41431,50223.57633,57611.46645,65575.2025
OECD ENV-Growth 2025,SSP2,1,Nicaragua,NIC,USD_2015/yr,GDP|PPP [per capita],ANNUAL,5848.842104,6594.514053,7654.289472,9082.19522,10941.26739,13289.6488,16175.57666,19669.18866,23858.94549,28724.26965,34292.28633,40488.60395,47281.65507,54701.1391,62747.67889,71421.40277
OECD ENV-Growth 2025,SSP2,1,Nicaragua,NIC,USD_2017/yr,GDP|PPP [per capita],ANNUAL,6220.4519,7013.500578,8140.609483,9659.238104,11636.42758,14134.01485,17203.30192,20918.88271,25374.83833,30549.28386,36471.06792,43061.07242,50285.72424,58176.60976,66734.39143,75959.20572
OECD ENV-Growth 2025,SSP2,1,Niger,NER,USD_2010/yr,GDP|PPP [per capita],ANNUAL,1472.997407,1694.298617,2074.884535,2512.126032,3045.365622,3704.803224,4528.739152,5554.689234,6830.157467,8393.456454,10287.10704,12553.13267,15210.60516,18334.28689,21994.51745,26312.01515
OECD ENV-Growth 2025,SSP2,1,Niger,NER,USD_2015/yr,GDP|PPP [per capita],ANNUAL,1456.488752,1675.309723,2051.630215,2483.971317,3011.234611,3663.28155,4477.983196,5492.434917,6753.608308,8299.386582,10171.81403,12412.44312,15040.13193,18128.80491,21748.01335,26017.12258
OECD ENV-Growth 2025,SSP2,1,Niger,NER,USD_2017/yr,GDP|PPP [per capita],ANNUAL,1439.038965,1655.238304,2027.050204,2454.211548,2975.157847,3619.392793,4424.333725,5426.631582,6672.695206,8199.953941,10049.94836,12263.73309,14859.94029,17911.60874,21487.45645,25705.41868
OECD ENV-Growth 2025,SSP2,1,Nigeria,NGA,USD_2010/yr,GDP|PPP [per capita],ANNUAL,4856.623797,5158.913959,5841.911065,6584.135216,7441.42609,8462.258692,9697.744245,11170.08803,12897.68306,14884.21526,17139.52715,19689.77466,22586.04691,25859.07565,29577.36089,33778.64389
OECD ENV-Growth 2025,SSP2,1,Nigeria,NGA,USD_2015/yr,GDP|PPP [per capita],ANNUAL,5023.301582,5335.966246,6042.403595,6810.100644,7696.813468,8752.680721,10030.56775,11553.4419,13340.32744,15395.0368,17727.75028,20365.52147,23361.19286,26746.55091,30592.44652,34937.91621
OECD ENV-Growth 2025,SSP2,1,Nigeria,NGA,USD_2017/yr,GDP|PPP [per capita],ANNUAL,5105.142115,5422.900768,6140.847522,6921.052029,7822.211338,8895.28097,10193.98756,11741.67266,13557.67046,15645.85551,18016.57397,20697.32021,23741.79762,27182.31053,31090.86416,35507.13103
OECD ENV-Growth 2025,SSP2,1,North Korea,PRK,USD_2017/yr,GDP|PPP [per capita],ANNUAL,2227.812561,2889.888663,3806.380103,5031.248824,6589.896336,8517.194277,10875.44729,13797.30456,17426.58591,21815.23249,26865.50435,32566.02407,38918.60701,46027.72674,54024.33951,62911.48696
OECD ENV-Growth 2025,SSP2,1,North Macedonia,MKD,USD_2010/yr,GDP|PPP [per capita],ANNUAL,15271.76444,18041.99619,20589.89252,23199.75131,25976.41821,28938.20945,32118.73799,35497.79799,39476.7227,44210.86953,49475.43309,55077.4693,60896.33512,66901.01963,73090.50066,79515.96819
OECD ENV-Growth 2025,SSP2,1,North Macedonia,MKD,USD_2015/yr,GDP|PPP [per capita],ANNUAL,16896.58688,19961.55436,22780.53129,25668.06311,28740.15041,32017.05814,35535.97549,39274.54683,43676.80482,48914.63595,54739.31691,60937.37556,67375.33315,74018.8794,80866.8834,87975.98142
OECD ENV-Growth 2025,SSP2,1,North Macedonia,MKD,USD_2017/yr,GDP|PPP [per capita],ANNUAL,18342.78726,21670.0892,24730.34596,27865.0253,31200.05646,34757.4389,38577.54486,42636.10528,47415.15814,53101.3019,59424.52471,66153.08309,73142.07367,80354.24949,87788.38287,95505.95764
OECD ENV-Growth 2025,SSP2,1,Norway,NOR,USD_2010/yr,GDP|PPP [per capita],ANNUAL,65378.16564,69879.39609,74172.64885,78498.42035,82867.54284,87138.00222,91544.93506,96109.13735,100864.944,105344.406,109516.2468,113476.5651,117373.6945,121253.8923,125005.0929,128466.1728
OECD ENV-Growth 2025,SSP2,1,Norway,NOR,USD_2015/yr,GDP|PPP [per capita],ANNUAL,66369.44583,70938.92507,75297.2732,79688.63314,84124.00136,88459.21053,92932.96239,97566.36825,102394.2837,106941.6643,111176.7596,115197.1253,119153.344,123092.3743,126900.4515,130414.0092
OECD ENV-Growth 2025,SSP2,1,Norway,NOR,USD_2017/yr,GDP|PPP [per capita],ANNUAL,69247.65538,74015.29687,78562.65124,83144.44902,87772.16356,92295.37551,96963.13827,101797.4787,106834.7638,111579.3484,115998.1049,120192.8197,124320.6056,128430.4578,132403.678,136069.6063
OECD ENV-Growth 2025,SSP2,1,Oman,OMN,USD_2010/yr,GDP|PPP [per capita],ANNUAL,45182.36995,49222.83357,54106.98857,59265.06504,64403.07427,69613.24411,75564.07219,82509.41217,90572.90774,99261.05941,108469.131,117855.5926,127364.448,137158.6061,147510.3285,158590.5557
OECD ENV-Growth 2025,SSP2,1,Oman,OMN,USD_2015/yr,GDP|PPP [per capita],ANNUAL,35926.58332,39139.34204,43022.95863,47124.3828,51209.85058,55352.69659,60084.47407,65607.03378,72018.69049,78927.04003,86248.80181,93712.4098,101273.3387,109061.1249,117292.2561,126102.6551
OECD ENV-Growth 2025,SSP2,1,Oman,OMN,USD_2017/yr,GDP|PPP [per capita],ANNUAL,34676.12749,37777.06336,41525.50731,45484.17786,49427.4474,53426.09807,57993.18194,63323.52417,69512.01762,76179.91608,83246.8376,90450.66825,97748.43246,105265.158,113209.7976,121713.543
OECD ENV-Growth 2025,SSP2,1,Pakistan,PAK,USD_2010/yr,GDP|PPP [per capita],ANNUAL,5019.724709,5796.343938,6751.603752,7996.204562,9591.857827,11545.8027,13886.89618,16639.57586,19885.47725,23597.37731,27835.08686,32579.04681,37791.22899,43466.60565,49604.08946,56236.08593
OECD ENV-Growth 2025,SSP2,1,Pakistan,PAK,USD_2015/yr,GDP|PPP [per capita],ANNUAL,5439.880794,6281.503846,7316.719882,8665.495051,10394.70612,12512.19818,15049.24357,18032.32535,21549.91201,25572.50189,30164.91207,35305.9463,40954.39346,47104.80494,53756.00241,60943.10377
OECD ENV-Growth 2025,SSP2,1,Pakistan,PAK,USD_2017/yr,GDP|PPP [per capita],ANNUAL,5470.070111,6316.363858,7357.324958,8713.585328,10452.39288,12581.63623,15132.76128,18132.39806,21669.50601,25714.41977,30332.31612,35501.88118,41181.67513,47366.2191,54054.32825,61281.31535
OECD ENV-Growth 2025,SSP2,1,Panama,PAN,USD_2010/yr,GDP|PPP [per capita],ANNUAL,26286.89605,30214.79528,33997.38563,37322.82857,40457.66175,43648.72644,46918.50318,50350.42242,53953.6317,57647.13838,61579.19807,65699.76341,70086.06178,74706.18518,79598.82067,84772.94506
OECD ENV-Growth 2025,SSP2,1,Panama,PAN,USD_2015/yr,GDP|PPP [per capita],ANNUAL,32970.5758,37897.17874,42641.5267,46812.49342,50744.38613,54746.80772,58847.95461,63152.47018,67671.82782,72304.4418,77236.26304,82404.51918,87906.07336,93700.90468,99837.53675,106327.2288
OECD ENV-Growth 2025,SSP2,1,Panama,PAN,USD_2017/yr,GDP|PPP [per capita],ANNUAL,37034.64684,42568.52047,47897.67372,52582.76871,56999.32058,61495.09495,66101.76387,70936.86942,76013.29924,81216.94578,86756.68093,92561.9948,98741.69022,105250.8132,112143.8684,119433.5031
OECD ENV-Growth 2025,SSP2,1,Papua New Guinea,PNG,USD_2010/yr,GDP|PPP [per capita],ANNUAL,3096.664157,3350.863326,3877.917626,4605.100943,5572.352368,6830.482521,8449.122193,10486.54534,13023.01088,16045.64847,19570.52472,23605.09998,28205.67972,33424.51126,39320.14871,45906.58674
OECD ENV-Growth 2025,SSP2,1,Papua New Guinea,PNG,USD_2015/yr,GDP|PPP [per capita],ANNUAL,3371.026742,3647.747804,4221.4988,5013.110121,6066.059442,7435.659171,9197.709347,11415.64696,14176.84183,17467.2833,21304.46146,25696.49767,30704.686,36385.90289,42803.89028,49973.88277
OECD ENV-Growth 2025,SSP2,1,Papua New Guinea,PNG,USD_2017/yr,GDP|PPP [per capita],ANNUAL,3468.641244,3753.375292,4343.740341,5158.274276,6241.71375,7650.972849,9464.046545,11746.20876,14587.3593,17973.08176,21921.37273,26440.58871,31593.79869,37439.52604,44043.35847,51420.97176
OECD ENV-Growth 2025,SSP2,1,Paraguay,PRY,USD_2010/yr,GDP|PPP [per capita],ANNUAL,14163.01534,15878.82819,17853.27919,19946.75951,22279.62629,24867.88846,27807.67217,31131.82586,34865.98882,38863.82019,43151.878,47706.96297,52558.01168,57742.0324,63233.84907,69052.57062
OECD ENV-Growth 2025,SSP2,1,Paraguay,PRY,USD_2015/yr,GDP|PPP [per capita],ANNUAL,14321.92333,16056.98747,18053.59166,20170.56068,22529.60205,25146.90433,28119.6722,31481.12265,35257.18264,39299.86938,43636.03888,48242.23157,53147.7087,58389.89374,63943.32819,69827.33536
OECD ENV-Growth 2025,SSP2,1,Paraguay,PRY,USD_2017/yr,GDP|PPP [per capita],ANNUAL,14747.84098,16534.50394,18590.48487,20770.41012,23199.6067,25894.74455,28955.91915,32417.3353,36305.691,40468.60262,44933.72486,49676.90046,54728.26087,60126.34251,65844.92976,71903.92059
OECD ENV-Growth 2025,SSP2,1,Peru,PER,USD_2010/yr,GDP|PPP [per capita],ANNUAL,12924.45825,14401.98983,16167.51901,18242.50587,20615.67866,23309.93235,26312.01929,29648.32987,33350.55209,37396.75602,41782.38097,46481.46903,51492.83604,56801.03886,62417.28537,68360.32132
OECD ENV-Growth 2025,SSP2,1,Peru,PER,USD_2015/yr,GDP|PPP [per capita],ANNUAL,12999.82329,14485.97064,16261.79496,18348.88148,20735.8927,23445.85711,26465.44981,29821.21506,33545.02567,37614.8238,42026.02218,46752.51155,51793.10081,57132.2568,62781.25273,68758.94369
OECD ENV-Growth 2025,SSP2,1,Peru,PER,USD_2017/yr,GDP|PPP [per capita],ANNUAL,13737.70278,15308.20494,17184.82636,19390.37743,21912.87716,24776.66113,27967.64813,31513.88907,35449.06589,39749.86875,44411.44998,49406.21835,54732.91515,60375.12554,66344.76262,72661.7517
OECD ENV-Growth 2025,SSP2,1,Philippines,PHL,USD_2010/yr,GDP|PPP [per capita],ANNUAL,9315.279942,11860.34989,14612.2165,17229.43785,19838.44912,22511.12105,25304.9866,28279.0924,31422.29942,34653.43621,37987.22982,41447.7612,45115.99712,49005.33633,53117.08915,57414.33738
OECD ENV-Growth 2025,SSP2,1,Philippines,PHL,USD_2015/yr,GDP|PPP [per capita],ANNUAL,9645.652031,12280.98444,15130.44768,17840.49038,20542.03182,23309.4917,26202.44339,29282.02767,32536.71045,35882.44147,39334.47011,42917.73134,46716.0635,50743.34049,55000.91914,59450.5719
OECD ENV-Growth 2025,SSP2,1,Philippines,PHL,USD_2017/yr,GDP|PPP [per capita],ANNUAL,9797.8021,12474.70412,15369.11466,18121.90544,20866.06088,23677.17455,26615.75952,29743.92102,33049.94302,36448.44944,39954.93022,43594.71365,47452.96052,51543.7636,55868.5011,60388.34247
OECD ENV-Growth 2025,SSP2,1,Poland,POL,USD_2010/yr,GDP|PPP [per capita],ANNUAL,33286.62967,39924.93004,45518.98613,50497.92691,54298.4135,57530.3262,60466.71973,63373.77628,66318.19358,69132.96465,71698.50876,73978.80576,76070.50849,78091.87138,80105.33251,82072.03227
OECD ENV-Growth 2025,SSP2,1,Poland,POL,USD_2015/yr,GDP|PPP [per capita],ANNUAL,36599.26303,43898.19668,50048.9645,55523.40168,59702.10676,63255.65436,66484.27318,69680.63546,72918.07657,76012.96925,78833.83231,81341.06089,83640.92661,85863.45238,88077.29002,90239.71266
OECD ENV-Growth 2025,SSP2,1,Poland,POL,USD_2017/yr,GDP|PPP [per capita],ANNUAL,37734.46673,45259.79228,51601.33919,57245.57763,61553.89411,65217.66252,68546.4238,71841.92802,75179.78523,78370.67256,81279.03066,83864.02626,86235.22719,88526.68931,90809.1938,93038.68857
OECD ENV-Growth 2025,SSP2,1,Portugal,PRT,USD_2010/yr,GDP|PPP [per capita],ANNUAL,33026.06307,36923.67391,40706.32531,44667.09897,48583.79869,52525.71312,56504.55464,60450.01023,64349.86236,67978.41305,71283.68991,74227.88544,76883.50908,79339.92936,81634.53405,83743.60184
OECD ENV-Growth 2025,SSP2,1,Portugal,PRT,USD_2015/yr,GDP|PPP [per capita],ANNUAL,36718.56845,41051.95479,45257.52855,49661.13968,54015.74914,58398.39247,62822.09154,67208.67195,71544.55016,75578.79386,79253.61985,82526.9935,85479.53127,88210.59358,90761.74839,93106.62219
OECD ENV-Growth 2025,SSP2,1,Portugal,PRT,USD_2017/yr,GDP|PPP [per capita],ANNUAL,38523.38924,43069.77369,47482.06321,52102.1242,56670.77494,61268.8375,65909.97382,70512.16697,75061.16577,79293.70389,83149.15789,86583.42706,89681.09036,92546.39205,95222.94328,97683.07421
OECD ENV-Growth 2025,SSP2,1,Puerto Rico,PRI,USD_2010/yr,GDP|PPP [per capita],ANNUAL,32469.61707,35853.80474,39168.63899,42264.93245,45327.27799,48265.49509,51262.50201,54284.05535,57349.30522,60356.12433,63235.75869,66019.61613,68851.96078,71840.23552,75048.55843,78506.4334
OECD ENV-Growth 2025,SSP2,1,Puerto Rico,PRI,USD_2015/yr,GDP|PPP [per capita],ANNUAL,34313.46539,37889.83053,41392.90388,44665.02619,47901.27279,51006.34208,54173.53968,57366.67761,60605.99347,63783.56046,66826.72027,69768.6643,72761.84897,75919.81852,79310.33209,82964.569
OECD ENV-Growth 2025,SSP2,1,Puerto Rico,PRI,USD_2017/yr,GDP|PPP [per capita],ANNUAL,34623.65875,38232.35419,41767.09529,45068.79755,48334.29978,51467.43886,54663.2679,57885.27176,61153.871,64360.16316,67430.83311,70399.37228,73419.61531,76606.13287,80027.29664,83714.56781
OECD ENV-Growth 2025,SSP2,1,Qatar,QAT,USD_2010/yr,GDP|PPP [per capita],ANNUAL,125125.3801,136848.5292,140582.2871,140478.4885,139335.1583,139259.5252,140449.379,143763.9163,149192.6061,154870.5509,160507.7538,166481.5692,172957.8107,179833.5961,186929.6679,194151.9553
OECD ENV-Growth 2025,SSP2,1,Qatar,QAT,USD_2015/yr,GDP|PPP [per capita],ANNUAL,88043.15953,96292.03029,98919.24982,98846.21299,98041.72073,97988.5023,98825.73044,101157.9698,104977.8103,108973.0365,112939.5952,117143.0077,121699.947,126538.0211,131531.0976,136612.9842
OECD ENV-Growth 2025,SSP2,1,Qatar,QAT,USD_2017/yr,GDP|PPP [per capita],ANNUAL,90873.31815,99387.34991,102099.0218,102023.6371,101193.2844,101138.3552,102002.4962,104409.7056,108352.3355,112475.9887,116570.0529,120908.5846,125612.0073,130605.602,135759.1815,141004.4261
OECD ENV-Growth 2025,SSP2,1,Romania,ROU,USD_2010/yr,GDP|PPP [per capita],ANNUAL,30177.31086,35258.7921,40087.85468,44322.57979,47980.34056,51313.61252,54646.58222,58173.44656,61944.47608,65705.97471,69411.92355,73005.29259,76522.45758,80023.56485,83573.44269,87171.98375
OECD ENV-Growth 2025,SSP2,1,Romania,ROU,USD_2015/yr,GDP|PPP [per capita],ANNUAL,32073.20772,37473.93425,42606.38385,47107.15659,50994.71707,54537.40265,58079.76698,61828.20742,65836.15279,69833.96848,73772.74445,77591.86777,81329.9995,85051.06469,88823.96446,92648.58473
OECD ENV-Growth 2025,SSP2,1,Romania,ROU,USD_2017/yr,GDP|PPP [per capita],ANNUAL,35497.03914,41474.296,47154.63723,52135.86978,56438.42933,60359.29842,64279.81196,68428.40034,72864.19594,77288.78051,81648.02285,85874.83955,90012.01875,94130.30957,98305.96833,102538.8688
OECD ENV-Growth 2025,SSP2,1,Russian Federation,RUS,USD_2010/yr,GDP|PPP [per capita],ANNUAL,26251.75698,28597.86896,31767.69276,35007.38506,38215.42209,41399.73211,44974.03482,49194.38501,53829.75352,58788.68083,63914.15991,69215.91504,74840.27488,80949.88029,87595.88369,94708.58402
OECD ENV-Growth 2025,SSP2,1,Russian Federation,RUS,USD_2015/yr,GDP|PPP [per capita],ANNUAL,27031.59292,29447.39861,32711.38535,36047.31609,39350.65122,42629.55451,46310.03562,50655.75573,55428.82272,60535.06016,65812.79696,71272.04627,77063.48362,83354.58125,90198.01115,97522.00168
OECD ENV-Growth 2025,SSP2,1,Russian Federation,RUS,USD_2017/yr,GDP|PPP [per capita],ANNUAL,28625.18563,31183.41024,34639.81869,38172.41247,41670.48902,45142.69339,49040.1498,53642.06302,58696.51649,64103.7818,69692.65686,75473.74514,81606.60493,88268.58145,95515.45187,103271.2134
OECD ENV-Growth 2025,SSP2,1,Rwanda,RWA,USD_2010/yr,GDP|PPP [per capita],ANNUAL,2434.192751,3088.886577,3794.612077,4553.112252,5420.597154,6435.704462,7643.836937,9087.462218,10810.92935,12819.77403,15172.76654,17877.73819,20926.7569,24332.20552,28131.36236,32379.66509
OECD ENV-Growth 2025,SSP2,1,Rwanda,RWA,USD_2015/yr,GDP|PPP [per capita],ANNUAL,2596.409756,3294.733023,4047.488767,4856.53614,5781.831091,6864.586151,8153.229765,9693.059658,11531.38034,13674.09641,16183.89466,19069.12828,22321.33661,25953.72768,30006.06407,34537.47789
OECD ENV-Growth 2025,SSP2,1,Rwanda,RWA,USD_2017/yr,GDP|PPP [per capita],ANNUAL,2717.931177,3448.938513,4236.925963,5083.839697,6052.441817,7185.873752,8534.830575,10146.73011,12071.09089,14314.09386,16941.3598,19961.63285,23366.05636,27168.45654,31410.45702,36153.95748
OECD ENV-Growth 2025,SSP2,1,Saint Lucia,LCA,USD_2010/yr,GDP|PPP [per capita],ANNUAL,14461.40056,15401.36594,16592.85314,18265.45739,20402.45222,22966.45243,25941.98998,29382.30476,33367.56668,37847.30876,42802.08386,48190.63062,54007.8262,60254.64016,66917.00642,74001.58553
OECD ENV-Growth 2025,SSP2,1,Saint Lucia,LCA,USD_2015/yr,GDP|PPP [per capita],ANNUAL,15718.17786,16739.83154,18034.86569,19852.82869,22175.54042,24962.36671,28196.49527,31935.79282,36267.39648,41136.45342,46521.82643,52378.66831,58701.411,65491.10834,72732.47182,80432.74082
OECD ENV-Growth 2025,SSP2,1,Saint Lucia,LCA,USD_2017/yr,GDP|PPP [per capita],ANNUAL,16319.45174,17380.18715,18724.76078,20612.26705,23023.83043,25917.26233,29275.10732,33157.44575,37654.74802,42710.06299,48301.44487,54382.33091,60946.94006,67996.36647,75514.73678,83509.56731
OECD ENV-Growth 2025,SSP2,1,Saint Vincent and the Grenadines,VCT,USD_2010/yr,GDP|PPP [per capita],ANNUAL,15862.98173,18339.66875,21000.2676,23920.60826,27142.17632,30786.01094,34994.26087,39816.67192,45128.60671,50822.90958,56840.27799,63154.49421,69829.99365,76909.98672,84357.33379,92186.74852
OECD ENV-Growth 2025,SSP2,1,Saint Vincent and the Grenadines,VCT,USD_2015/yr,GDP|PPP [per capita],ANNUAL,16896.83448,19534.9369,22368.93742,25479.60813,28911.13842,32792.45603,37274.97412,42411.68062,48069.81503,54135.23795,60544.78187,67270.52033,74381.08825,81922.51224,89855.23213,98194.92053
OECD ENV-Growth 2025,SSP2,1,Saint Vincent and the Grenadines,VCT,USD_2017/yr,GDP|PPP [per capita],ANNUAL,17304.42285,20006.16204,22908.52481,26094.23166,29608.53792,33583.48135,38174.12752,43434.74254,49229.36346,55441.09756,62005.25361,68893.2315,76175.32178,83898.66131,92022.73565,100563.5955
OECD ENV-Growth 2025,SSP2,1,Samoa,WSM,USD_2010/yr,GDP|PPP [per capita],ANNUAL,4561.574946,4922.526483,5515.011024,6368.355346,7492.333372,8948.382153,10825.84691,13188.25397,16110.19176,19624.04071,23732.84013,28417.75277,33679.33709,39536.94596,46003.98344,53122.72114
OECD ENV-Growth 2025,SSP2,1,Samoa,WSM,USD_2015/yr,GDP|PPP [per capita],ANNUAL,4968.841345,5362.019346,6007.402074,6936.934657,8161.263656,9747.311342,11792.39985,14365.72727,17548.54142,21376.11373,25851.75485,30954.94573,36686.29466,43066.88239,50111.30972,57865.62234
OECD ENV-Growth 2025,SSP2,1,Samoa,WSM,USD_2017/yr,GDP|PPP [per capita],ANNUAL,5114.612928,5519.325646,6183.642056,7140.444465,8400.691772,10033.26956,12138.35511,14787.17659,18063.3654,22003.22772,26610.17134,31863.07524,37762.56554,44330.34145,51581.43211,59563.23408
OECD ENV-Growth 2025,SSP2,1,Sao Tome and Principe,STP,USD_2010/yr,GDP|PPP [per capita],ANNUAL,3330.646061,3677.917255,4153.029339,4755.921451,5516.401196,6466.159641,7642.478276,9069.797357,10766.85649,12739.755,15032.64554,17636.75143,20538.76235,23763.80791,27349.93721,31336.14014
OECD ENV-Growth 2025,SSP2,1,Sao Tome and Principe,STP,USD_2015/yr,GDP|PPP [per capita],ANNUAL,3432.280917,3790.149112,4279.759269,4901.048668,5684.734496,6663.474875,7875.688941,9346.562747,11095.40773,13128.50936,15491.36759,18174.93792,21165.50387,24488.96188,28184.52213,32292.36426
OECD ENV-Growth 2025,SSP2,1,Sao Tome and Principe,STP,USD_2017/yr,GDP|PPP [per capita],ANNUAL,3494.407997,3858.753897,4357.226397,4989.76164,5787.63282,6784.089197,8018.245325,9515.743144,11296.24365,13366.14607,15771.77395,18503.9191,21548.61673,24932.23203,28694.68493,32876.88235
OECD ENV-Growth 2025,SSP2,1,Saudi Arabia,SAU,USD_2010/yr,GDP|PPP [per capita],ANNUAL,58116.78809,67348.98918,74709.61198,80739.15645,85659.98838,89860.70214,93733.63723,97252.76948,100732.5953,104107.7508,107272.0733,110319.8188,113267.025,116191.2469,119182.4677,122220.5652
OECD ENV-Growth 2025,SSP2,1,Saudi Arabia,SAU,USD_2015/yr,GDP|PPP [per capita],ANNUAL,49511.81509,57377.06451,63647.84799,68784.63721,72976.87372,76555.61525,79855.11016,82853.18749,85817.77825,88693.19652,91388.99845,93985.48425,96496.31682,98987.56833,101535.8987,104124.1649
OECD ENV-Growth 2025,SSP2,1,Saudi Arabia,SAU,USD_2017/yr,GDP|PPP [per capita],ANNUAL,49880.43148,57804.23783,64121.70741,69296.74012,73520.18791,77125.57324,80449.63294,83470.03102,86456.69322,89353.51903,92069.39125,94685.20794,97214.7337,99724.53262,102291.8353,104899.3712
OECD ENV-Growth 2025,SSP2,1,Senegal,SEN,USD_2010/yr,GDP|PPP [per capita],ANNUAL,3971.709699,4657.592566,5633.152908,6607.644483,7667.445114,8883.58279,10320.17461,12021.65888,14018.62437,16271.87436,18831.35648,21724.33602,24975.00776,28593.89744,32585.14726,36968.60115
OECD ENV-Growth 2025,SSP2,1,Senegal,SEN,USD_2015/yr,GDP|PPP [per capita],ANNUAL,4194.112814,4918.402941,5948.591559,6977.651565,8096.797661,9381.035179,10898.07158,12694.83355,14803.62276,17183.04758,19885.85257,22940.82977,26373.52878,30195.06478,34409.8119,39038.72527
OECD ENV-Growth 2025,SSP2,1,Senegal,SEN,USD_2017/yr,GDP|PPP [per capita],ANNUAL,4187.199747,4910.296042,5938.786623,6966.15045,8083.451882,9365.572619,10880.10852,12673.90893,14779.22226,17154.72513,19853.07514,22903.01688,26330.05786,30145.2949,34353.09494,38974.37857
OECD ENV-Growth 2025,SSP2,1,Serbia,SRB,USD_2010/yr,GDP|PPP [per capita],ANNUAL,19176.37558,23653.61928,28138.4313,32337.50354,36362.53033,40257.56033,44097.44324,47983.47253,52037.6891,56213.98522,60483.30936,64873.94204,69393.26864,74124.29017,79143.29155,84524.16892
OECD ENV-Growth 2025,SSP2,1,Serbia,SRB,USD_2015/yr,GDP|PPP [per capita],ANNUAL,20369.79834,25125.67888,29889.59873,34349.99608,38625.51643,42762.94977,46841.804,50969.67648,55276.2032,59712.40697,64247.42828,68911.30764,73711.89006,78737.34203,84068.696,89784.44695
OECD ENV-Growth 2025,SSP2,1,Serbia,SRB,USD_2017/yr,GDP|PPP [per capita],ANNUAL,21264.03611,26228.70065,31201.75744,35857.96703,40321.18348,44640.25088,48898.16754,53207.25435,57702.83836,62333.79227,67067.90182,71936.52632,76947.85517,82193.92537,87759.32673,93726.00016
OECD ENV-Growth 2025,SSP2,1,Seychelles,SYC,USD_2010/yr,GDP|PPP [per capita],ANNUAL,32157.61664,37303.78811,42456.37487,47311.94308,52113.50198,57068.11928,62211.9202,67465.62358,73024.31408,78763.54504,84650.75919,90713.63917,97060.06319,103735.9137,110832.7344,118353.8387
OECD ENV-Growth 2025,SSP2,1,Seychelles,SYC,USD_2015/yr,GDP|PPP [per capita],ANNUAL,33020.9036,38305.22657,43596.13704,48582.05536,53512.51446,58600.14088,63882.02966,69276.77129,74984.68755,80877.99098,86923.25028,93148.89123,99665.68812,106520.7551,113808.0934,121531.1054
OECD ENV-Growth 2025,SSP2,1,Seychelles,SYC,USD_2017/yr,GDP|PPP [per capita],ANNUAL,33744.5556,39144.68432,44551.54492,49646.72948,54685.23942,59884.36101,65282.00219,70794.96941,76627.97446,82650.42944,88828.17039,95190.24606,101849.8583,108855.1539,116302.1939,124194.4555
OECD ENV-Growth 2025,SSP2,1,Sierra Leone,SLE,USD_2010/yr,GDP|PPP [per capita],ANNUAL,1423.26104,1627.247943,1933.948433,2353.998869,2890.441216,3551.059895,4351.439575,5309.766712,6446.975128,7778.265135,9326.777933,11084.06062,13050.84688,15247.93826,17708.2439,20474.40942
OECD ENV-Growth 2025,SSP2,1,Sierra Leone,SLE,USD_2015/yr,GDP|PPP [per capita],ANNUAL,1825.608126,2087.260863,2480.663684,3019.459777,3707.551055,4554.922546,5581.564606,6810.804892,8269.495088,9977.132539,11963.40032,14217.45594,16740.2405,19558.43601,22714.25483,26262.39823
OECD ENV-Growth 2025,SSP2,1,Sierra Leone,SLE,USD_2017/yr,GDP|PPP [per capita],ANNUAL,1764.540894,2017.441256,2397.684615,2918.45779,3583.532173,4402.558791,5394.859315,6582.981083,7992.877581,9643.393961,11563.22039,13741.87706,16180.27359,18904.19948,21954.45505,25383.91181
OECD ENV-Growth 2025,SSP2,1,Singapore,SGP,USD_2010/yr,GDP|PPP [per capita],ANNUAL,101705.0983,111988.0865,120851.9375,125886.1538,128197.5504,128335.935,128161.3589,127795.6567,127568.9289,127098.6217,126181.2567,124880.8835,123320.5128,121640.9392,119930.5397,118218.1117
OECD ENV-Growth 2025,SSP2,1,Singapore,SGP,USD_2015/yr,GDP|PPP [per capita],ANNUAL,102712.1776,113096.9875,122048.608,127132.6728,129466.9568,129606.7117,129430.407,129061.0835,128832.1107,128357.1465,127430.6978,126117.4484,124541.6269,122845.4223,121118.0865,119388.7021
OECD ENV-Growth 2025,SSP2,1,Singapore,SGP,USD_2017/yr,GDP|PPP [per capita],ANNUAL,105442.2894,116103.1298,125292.6862,130511.8866,132908.2164,133051.6859,132870.695,132491.5549,132256.4958,131768.9071,130817.8332,129469.6773,127851.9702,126110.68,124337.4312,122562.0795
OECD ENV-Growth 2025,SSP2,1,Slovakia,SVK,USD_2010/yr,GDP|PPP [per capita],ANNUAL,34196.49345,38196.42321,42448.11678,46822.46527,50847.71713,54792.10076,58701.95797,62608.31984,66685.5949,70888.53521,74984.90902,78838.49914,82408.44274,85754.07951,88947.74549,92014.01289
OECD ENV-Growth 2025,SSP2,1,Slovakia,SVK,USD_2015/yr,GDP|PPP [per capita],ANNUAL,36000.13342,40211.03315,44686.97557,49292.04216,53529.59956,57682.02346,61798.09991,65910.49666,70202.82114,74627.43889,78939.86946,82996.7111,86754.94572,90277.04281,93639.15366,96867.14648
OECD ENV-Growth 2025,SSP2,1,Slovakia,SVK,USD_2017/yr,GDP|PPP [per capita],ANNUAL,34504.23674,38540.16292,42830.11861,47243.83302,51305.30918,55285.18936,59230.23242,63171.74867,67285.7162,71526.47988,75659.71805,79547.98764,83150.0581,86525.80314,89748.20978,92842.07132
OECD ENV-Growth 2025,SSP2,1,Slovenia,SVN,USD_2010/yr,GDP|PPP [per capita],ANNUAL,36201.94717,41012.34473,44885.01833,48036.66709,50524.93383,53046.42904,55630.63644,58334.50102,60993.09938,63510.28273,65809.94843,67879.48292,69778.45681,71562.87101,73240.40516,74773.13304
OECD ENV-Growth 2025,SSP2,1,Slovenia,SVN,USD_2015/yr,GDP|PPP [per capita],ANNUAL,40602.85028,45998.02559,50341.4822,53876.2623,56667.01611,59495.03782,62393.39535,65425.95623,68407.74808,71230.93376,73810.15917,76131.27739,78261.10074,80262.43792,82143.90213,83862.95664
OECD ENV-Growth 2025,SSP2,1,Slovenia,SVN,USD_2017/yr,GDP|PPP [per capita],ANNUAL,43390.28562,49155.84632,53797.48653,57574.93361,60557.27608,63579.44495,66676.77827,69917.52815,73104.02366,76121.02449,78877.31689,81357.78271,83633.82104,85772.55246,87783.18149,89620.2512
OECD ENV-Growth 2025,SSP2,1,Solomon Islands,SLB,USD_2010/yr,GDP|PPP [per capita],ANNUAL,1786.438317,1885.917691,2195.275413,2730.797384,3543.569196,4721.148248,6382.177462,8673.087636,11761.48272,15830.31162,21057.26638,27638.48716,35694.70332,45363.9381,56746.25491,70024.40926
OECD ENV-Growth 2025,SSP2,1,Solomon Islands,SLB,USD_2015/yr,GDP|PPP [per capita],ANNUAL,1944.571007,2052.856138,2389.597716,2972.523243,3857.240328,5139.056813,6947.117701,9440.815616,12802.59054,17231.58573,22921.22224,30085.00227,38854.34191,49379.48205,61769.34351,76222.85905
OECD ENV-Growth 2025,SSP2,1,Solomon Islands,SLB,USD_2017/yr,GDP|PPP [per capita],ANNUAL,2001.223648,2112.66353,2459.215652,3059.123984,3969.616193,5288.776795,7149.513273,9715.861952,13175.57798,17733.6064,23589.00334,30961.49112,39986.31449,50818.0914,63568.91595,78443.51656
OECD ENV-Growth 2025,SSP2,1,Somalia,SOM,USD_2017/yr,GDP|PPP [per capita],ANNUAL,1484.397509,1592.066189,1853.472507,2269.760635,2859.094311,3620.102393,4563.415101,5712.138049,7085.41326,8692.681968,10559.23232,12698.1126,15144.23702,17940.00926,21160.65276,24828.0955
OECD ENV-Growth 2025,SSP2,1,South Africa,ZAF,USD_2010/yr,GDP|PPP [per capita],ANNUAL,12960.15318,13508.21955,14970.89734,17131.80888,19881.60952,23148.26295,26928.24078,31246.44843,36090.29973,41459.41648,47346.69571,53813.3021,60863.18688,68520.0538,76769.79344,85615.24886
OECD ENV-Growth 2025,SSP2,1,South Africa,ZAF,USD_2015/yr,GDP|PPP [per capita],ANNUAL,13367.2372,13932.51856,15441.13969,17669.9264,20506.09947,23875.3599,27774.06846,32227.91288,37223.91164,42761.67467,48833.87588,55503.60118,62774.92589,70672.2983,79181.16583,88304.46083
OECD ENV-Growth 2025,SSP2,1,South Africa,ZAF,USD_2017/yr,GDP|PPP [per capita],ANNUAL,13667.87579,14245.87073,15788.42182,18067.33551,20967.29611,24412.33359,28398.72686,32952.74137,38061.10368,43723.41491,49932.18421,56751.91633,64186.77826,72261.76815,80962.00611,90290.49046
OECD ENV-Growth 2025,SSP2,1,South Korea,KOR,USD_2010/yr,GDP|PPP [per capita],ANNUAL,44602.54562,49508.54558,53521.83874,57036.59084,60364.3502,63518.80498,66749.15681,70093.76567,73621.43166,77006.39536,80118.28816,82921.32977,85438.16938,87803.0785,90100.03561,92187.32129
OECD ENV-Growth 2025,SSP2,1,South Korea,KOR,USD_2015/yr,GDP|PPP [per capita],ANNUAL,47184.7082,52374.72983,56620.36344,60338.59408,63859.00648,67196.08123,70613.4469,74151.68426,77883.57642,81464.50487,84756.55359,87721.8709,90384.4172,92886.23733,95316.17153,97524.29585
OECD ENV-Growth 2025,SSP2,1,South Korea,KOR,USD_2017/yr,GDP|PPP [per capita],ANNUAL,48337.90561,53654.77171,58004.16889,61813.27335,65419.72486,68838.35793,72339.24425,75963.95636,79787.05622,83455.5028,86828.00941,89865.79927,92593.41838,95156.38317,97645.70512,99907.79615
OECD ENV-Growth 2025,SSP2,1,South Sudan,SSD,USD_2010/yr,GDP|PPP [per capita],ANNUAL,19794.0123,24190.33254,28554.12549,33370.24775,40197.52065,49921.37897,63002.49252,79468.39492,99459.31272,123763.5502,153914.8751,191043.9273,235637.9444,287723.1835,347561.9499,416567.1589
OECD ENV-Growth 2025,SSP2,1,South Sudan,SSD,USD_2015/yr,GDP|PPP [per capita],ANNUAL,1370.760125,1675.210803,1977.408927,2310.931421,2783.728614,3457.117972,4363.001457,5503.285806,6887.681883,8570.780747,10658.79773,13230.03106,16318.22256,19925.19055,24069.10002,28847.7971
OECD ENV-Growth 2025,SSP2,1,South Sudan,SSD,USD_2017/yr,GDP|PPP [per capita],ANNUAL,578.3871208,706.8489489,834.3603197,975.0888917,1174.583904,1458.718031,1840.952188,2322.090915,2906.231675,3616.408962,4497.439938,5582.362251,6885.413133,8407.35982,10155.86696,12172.22037
OECD ENV-Growth 2025,SSP2,1,Spain,ESP,USD_2010/yr,GDP|PPP [per capita],ANNUAL,36307.97898,38706.78076,41942.90215,45593.96333,49345.88848,53082.21689,57159.82582,61582.368,66187.07212,70547.01179,74558.93898,78179.04485,81484.28739,84652.87477,87808.01589,90921.65177
OECD ENV-Growth 2025,SSP2,1,Spain,ESP,USD_2015/yr,GDP|PPP [per capita],ANNUAL,39938.33208,42576.98465,46136.67854,50152.8011,54279.87281,58389.78829,62875.10815,67739.85038,72804.9685,77600.84872,82013.91948,85995.99159,89631.71789,93117.12519,96587.74177,100012.7031
OECD ENV-Growth 2025,SSP2,1,Spain,ESP,USD_2017/yr,GDP|PPP [per capita],ANNUAL,42768.90663,45594.57008,49406.55239,53707.31214,58126.8844,62528.08451,67331.29527,72540.81943,77964.92086,83100.70252,87826.54362,92090.83963,95984.24305,99716.67381,103433.2656,107100.9664
OECD ENV-Growth 2025,SSP2,1,Sri Lanka,LKA,USD_2010/yr,GDP|PPP [per capita],ANNUAL,11056.62223,12728.07752,14595.00489,16576.11945,18742.54489,21166.00446,23926.37257,27024.25466,30436.6416,34124.75863,38119.70588,42434.74464,47074.75805,52017.27646,57243.66971,62760.30547
OECD ENV-Growth 2025,SSP2,1,Sri Lanka,LKA,USD_2015/yr,GDP|PPP [per capita],ANNUAL,12093.88538,13922.14615,15964.21697,18131.18731,20500.85323,23151.66662,26170.9952,29559.50122,33292.01695,37326.13006,41695.85827,46415.70698,51491.01743,56897.21201,62613.91279,68648.08482
OECD ENV-Growth 2025,SSP2,1,Sri Lanka,LKA,USD_2017/yr,GDP|PPP [per capita],ANNUAL,12304.42642,14164.51517,16242.13617,18446.83103,20857.75019,23554.71128,26626.60301,30074.09913,33871.59379,37975.9363,42421.73661,47223.75261,52387.41855,57887.72894,63703.95109,69843.17132
OECD ENV-Growth 2025,SSP2,1,Sudan,SDN,USD_2010/yr,GDP|PPP [per capita],ANNUAL,2587.369012,2886.63729,3182.05238,3483.345248,3818.951388,4208.989537,4685.820449,5282.05502,6024.330748,6921.215347,8001.021416,9265.957457,10742.33432,12427.02132,14337.63681,16480.58767
OECD ENV-Growth 2025,SSP2,1,Sudan,SDN,USD_2015/yr,GDP|PPP [per capita],ANNUAL,2856.441187,3186.831722,3512.96836,3845.594033,4216.101368,4646.701344,5173.120054,5831.359747,6650.828076,7640.98375,8833.083722,10229.56617,11859.47812,13719.36332,15828.67233,18194.47831
OECD ENV-Growth 2025,SSP2,1,Sudan,SDN,USD_2017/yr,GDP|PPP [per capita],ANNUAL,3045.249714,3397.478805,3745.17282,4099.784789,4494.78237,4953.844668,5515.059242,6216.808064,7090.442608,8146.046797,9416.943645,10905.73249,12643.38035,14626.20251,16874.93519,19397.1191
OECD ENV-Growth 2025,SSP2,1,Suriname,SUR,USD_2010/yr,GDP|PPP [per capita],ANNUAL,12041.14002,13363.90617,14918.7855,16823.54532,19039.21802,21518.25578,24223.70917,27184.68002,30353.02977,33658.14191,37115.00455,40702.06815,44412.89538,48311.26109,52397.90183,56718.7802
OECD ENV-Growth 2025,SSP2,1,Suriname,SUR,USD_2015/yr,GDP|PPP [per capita],ANNUAL,13933.56113,15464.21712,17263.46587,19467.58336,22031.47772,24900.12838,28030.77881,31457.10458,35123.40152,38947.95485,42948.10822,47098.92533,51392.95712,55904.00148,60632.91075,65632.87112
OECD ENV-Growth 2025,SSP2,1,Suriname,SUR,USD_2017/yr,GDP|PPP [per capita],ANNUAL,15639.32687,17357.36787,19376.88314,21850.83172,24728.60157,27948.43638,31462.34536,35308.12664,39423.25671,43716.01712,48205.87477,52864.84063,57684.55371,62747.84634,68055.67519,73667.73759
OECD ENV-Growth 2025,SSP2,1,Sweden,SWE,USD_2010/yr,GDP|PPP [per capita],ANNUAL,49887.03829,55580.70937,60024.19394,63679.1927,66792.57683,69517.76447,72345.61712,75472.29428,78891.16886,82239.67639,85376.90046,88362.45301,91319.61591,94309.71116,97267.18869,100061.2841
OECD ENV-Growth 2025,SSP2,1,Sweden,SWE,USD_2015/yr,GDP|PPP [per capita],ANNUAL,54420.67923,60631.78051,65479.08067,69466.23889,72862.56157,75835.40917,78920.25179,82331.07553,86060.65106,89713.4647,93135.79384,96392.66784,99618.57218,102880.4017,106106.6493,109154.6669
OECD ENV-Growth 2025,SSP2,1,Sweden,SWE,USD_2017/yr,GDP|PPP [per capita],ANNUAL,56438.40878,62879.7961,67906.81729,72041.80547,75564.05199,78647.12244,81846.34031,85383.62553,89251.48075,93039.72802,96588.94522,99966.57278,103312.0824,106694.8493,110040.7149,113201.7424
OECD ENV-Growth 2025,SSP2,1,Switzerland,CHE,USD_2010/yr,GDP|PPP [per capita],ANNUAL,61693.28896,63949.45219,66330.29123,68366.17218,70199.61752,71857.08269,73651.86717,75775.90048,78310.03383,80966.24863,83580.96385,86056.12458,88390.18605,90627.88938,92804.94223,94909.96806
OECD ENV-Growth 2025,SSP2,1,Switzerland,CHE,USD_2015/yr,GDP|PPP [per capita],ANNUAL,71779.47976,74404.50147,77174.58214,79543.30779,81676.50176,83604.94471,85693.15719,88164.44716,91112.88411,94203.36154,97245.55464,100125.3776,102841.0331,105444.5769,107977.5545,110426.7295
OECD ENV-Growth 2025,SSP2,1,Switzerland,CHE,USD_2017/yr,GDP|PPP [per capita],ANNUAL,73952.72859,76657.22741,79511.1771,81951.62004,84149.40018,86136.2301,88287.66685,90833.77943,93871.48546,97055.53247,100189.8333,103156.8479,105954.7246,108637.0952,111246.7631,113770.0911
OECD ENV-Growth 2025,SSP2,1,Taiwan,TWN,USD_2010/yr,GDP|PPP [per capita],ANNUAL,58808.37869,67004.67129,72909.60035,75783.73293,76828.62852,76712.82798,76201.8194,75550.84578,74926.50098,74361.09456,73892.2453,73498.48188,73234.88877,73156.77092,73314.33823,73754.52748
OECD ENV-Growth 2025,SSP2,1,Taiwan,TWN,USD_2015/yr,GDP|PPP [per capita],ANNUAL,63135.66065,71935.05897,78274.48891,81360.10806,82481.88994,82357.56848,81808.95848,81110.08443,80439.79864,79832.78806,79329.43958,78906.70197,78623.71295,78539.84697,78709.00853,79181.58811
OECD ENV-Growth 2025,SSP2,1,Taiwan,TWN,USD_2017/yr,GDP|PPP [per capita],ANNUAL,62054.1194,70702.78021,76933.61297,79966.37412,81068.9394,80946.74761,80407.53554,79720.63351,79061.83,78465.21778,77970.49187,77554.99595,77276.85466,77194.42533,77360.68908,77825.17317
OECD ENV-Growth 2025,SSP2,1,Tajikistan,TJK,USD_2010/yr,GDP|PPP [per capita],ANNUAL,4485.901699,5159.251992,5975.73443,6909.210509,7972.268646,9244.256643,10773.53523,12585.04467,14663.25683,16986.31677,19551.8255,22390.14537,25515.39807,28963.8928,32724.99147,36809.27643
OECD ENV-Growth 2025,SSP2,1,Tajikistan,TJK,USD_2015/yr,GDP|PPP [per capita],ANNUAL,4629.562694,5324.477029,6167.107315,7130.477964,8227.580536,9540.303947,11118.55768,12988.0807,15132.8476,17530.30354,20177.97267,23107.18974,26332.52865,29891.46142,33773.00927,37988.09345
OECD ENV-Growth 2025,SSP2,1,Tajikistan,TJK,USD_2017/yr,GDP|PPP [per capita],ANNUAL,4611.021775,5303.15305,6142.40869,7101.921139,8194.629929,9502.096018,11074.02901,12936.06479,15072.24212,17460.09649,20097.16199,23014.64784,26227.0696,29771.74922,33637.75187,37835.95507
OECD ENV-Growth 2025,SSP2,1,Tanzania,TZA,USD_2010/yr,GDP|PPP [per capita],ANNUAL,3099.182723,3805.335102,4612.2054,5433.032131,6338.920626,7380.665763,8627.984914,10126.86342,11926.8347,14045.46633,16515.27618,19391.50962,22738.39648,26628.7779,31079.98974,36092.41295
OECD ENV-Growth 2025,SSP2,1,Tanzania,TZA,USD_2015/yr,GDP|PPP [per capita],ANNUAL,2978.184595,3656.767411,4432.135921,5220.915979,6091.436823,7092.510201,8291.131584,9731.490954,11461.18785,13497.10398,15870.48764,18634.42733,21850.6452,25589.13856,29866.56642,34683.29488
OECD ENV-Growth 2025,SSP2,1,Tanzania,TZA,USD_2017/yr,GDP|PPP [per capita],ANNUAL,2983.262107,3663.00184,4439.692277,5229.817127,6101.822124,7104.602234,8305.267148,9748.082189,11480.72805,13520.11521,15897.54526,18666.1972,21887.89841,25632.76553,29917.48599,34742.42649
OECD ENV-Growth 2025,SSP2,1,Thailand,THA,USD_2010/yr,GDP|PPP [per capita],ANNUAL,17456.2403,20204.97375,23067.43388,25940.33124,28913.96119,32063.44773,35291.92328,38648.65388,42141.36703,45625.9407,49185.22932,52788.09493,56492.98681,60308.77829,64277.40798,68409.62908
OECD ENV-Growth 2025,SSP2,1,Thailand,THA,USD_2015/yr,GDP|PPP [per capita],ANNUAL,18504.23979,21417.99568,24452.30592,27497.67998,30649.83421,33988.40273,37410.70241,40968.95705,44671.35806,48365.13092,52138.10431,55957.27087,59884.58892,63929.46453,68136.35411,72516.65644
OECD ENV-Growth 2025,SSP2,1,Thailand,THA,USD_2017/yr,GDP|PPP [per capita],ANNUAL,19045.53288,22044.52307,25167.59411,28302.05262,31546.41487,34982.64446,38505.05457,42167.39663,45978.10168,49779.9262,53663.26805,57594.15433,61636.35579,65799.55364,70129.50476,74637.94137
OECD ENV-Growth 2025,SSP2,1,Timor-Leste,TLS,USD_2010/yr,GDP|PPP [per capita],ANNUAL,2010.470553,2192.650099,2532.28707,3029.509365,3722.23792,4649.508618,5854.790163,7392.570836,9332.086292,11724.46893,14619.34065,18050.79458,22041.33236,26653.42169,31926.80943,37866.02383
OECD ENV-Growth 2025,SSP2,1,Timor-Leste,TLS,USD_2015/yr,GDP|PPP [per capita],ANNUAL,2683.247243,2926.390703,3379.682577,4043.293568,4967.834333,6205.403588,7814.016249,9866.394358,12454.94234,15647.90336,19511.50464,24091.24806,29417.16517,35572.6276,42610.683,50537.3749
OECD ENV-Growth 2025,SSP2,1,Timor-Leste,TLS,USD_2017/yr,GDP|PPP [per capita],ANNUAL,3000.962102,3272.895413,3779.860152,4522.04723,5556.059957,6940.165891,8739.249313,11034.64305,13929.69286,17500.72234,21821.80047,26943.8169,32900.35908,39784.67045,47656.07983,56521.34636
OECD ENV-Growth 2025,SSP2,1,Togo,TGO,USD_2010/yr,GDP|PPP [per capita],ANNUAL,2371.023657,2820.15506,3406.929395,4068.854156,4853.843038,5800.807813,6941.805918,8317.205547,9952.410483,11891.42741,14152.68076,16768.15226,19735.08681,23077.90613,26825.64205,31029.73283
OECD ENV-Growth 2025,SSP2,1,Togo,TGO,USD_2015/yr,GDP|PPP [per capita],ANNUAL,2433.917969,2894.963133,3497.302377,4176.785504,4982.597179,5954.681357,7125.945837,8537.829629,10216.41038,12206.86211,14528.09798,17212.94807,20258.5842,23690.0759,27537.22512,31852.83456
OECD ENV-Growth 2025,SSP2,1,Togo,TGO,USD_2017/yr,GDP|PPP [per capita],ANNUAL,2430.79197,2891.244992,3492.810623,4171.421056,4976.197789,5947.033472,7116.79364,8526.864082,10203.28895,12191.18424,14509.43885,17190.84065,20232.56512,23659.64959,27501.85773,31811.92443
OECD ENV-Growth 2025,SSP2,1,Tonga,TON,USD_2010/yr,GDP|PPP [per capita],ANNUAL,5029.654749,5292.05848,5903.835907,6784.334437,7973.075485,9535.73533,11565.69783,14148.15883,17313.10075,21039.14515,25303.10232,30126.42326,35544.05054,41635.19257,48388.81891,55775.34166
OECD ENV-Growth 2025,SSP2,1,Tonga,TON,USD_2015/yr,GDP|PPP [per capita],ANNUAL,5473.684667,5759.254026,6425.040623,7383.271663,8676.957607,10377.57279,12586.74522,15397.19204,18841.54258,22896.53107,27536.92055,32786.05576,38681.96411,45310.84668,52660.69927,60699.32187
OECD ENV-Growth 2025,SSP2,1,Tonga,TON,USD_2017/yr,GDP|PPP [per capita],ANNUAL,5635.39805,5929.40421,6614.860665,7601.40148,8933.307807,10684.16561,12958.60536,15852.08343,19398.19313,23572.98134,28350.4655,33754.68006,39824.77588,46649.50076,54216.49583,62492.6098
OECD ENV-Growth 2025,SSP2,1,Trinidad and Tobago,TTO,USD_2010/yr,GDP|PPP [per capita],ANNUAL,25966.61158,27820.7412,29919.59046,32416.03111,35220.12066,38514.57506,42423.61163,47068.77109,52297.78414,57927.97599,63963.74518,70489.48081,77519.94186,85074.02571,93158.9086,101748.2355
OECD ENV-Growth 2025,SSP2,1,Trinidad and Tobago,TTO,USD_2015/yr,GDP|PPP [per capita],ANNUAL,22465.56026,24069.6995,25885.56309,28045.41124,30471.4283,33321.69482,36703.68005,40722.53748,45246.52811,50117.60703,55339.57972,60985.45718,67068.00845,73603.58301,80598.38951,88029.62636
OECD ENV-Growth 2025,SSP2,1,Trinidad and Tobago,TTO,USD_2017/yr,GDP|PPP [per capita],ANNUAL,24454.14704,26200.28008,28176.87869,30527.91038,33168.6715,36271.23542,39952.58425,44327.17937,49251.62065,54553.87347,60238.08016,66383.71445,73004.67567,80118.7605,87732.72715,95821.75571
OECD ENV-Growth 2025,SSP2,1,Tunisia,TUN,USD_2010/yr,GDP|PPP [per capita],ANNUAL,9977.429637,10981.35328,12303.06492,13943.70344,15860.33725,18049.37722,20609.2155,23619.50645,27090.86947,30987.90591,35197.97676,39650.07873,44351.30747,49336.40696,54632.78824,60236.57022
OECD ENV-Growth 2025,SSP2,1,Tunisia,TUN,USD_2015/yr,GDP|PPP [per capita],ANNUAL,10833.97767,11924.08672,13359.26541,15140.7504,17221.92446,19598.89038,22378.48711,25647.20722,29416.58178,33648.17322,38219.67261,43053.98115,48158.80365,53571.86677,59322.9348,65407.79343
OECD ENV-Growth 2025,SSP2,1,Tunisia,TUN,USD_2017/yr,GDP|PPP [per capita],ANNUAL,11170.13161,12294.06429,13773.77334,15610.5338,17756.28202,20206.99983,23072.84119,26442.98233,30329.3121,34692.20029,39405.54302,44389.84927,49653.06292,55234.08121,61163.59193,67437.25003
OECD ENV-Growth 2025,SSP2,1,Turkey,TUR,USD_2010/yr,GDP|PPP [per capita],ANNUAL,31406.82715,36786.80432,42031.80627,46767.95029,51309.61132,55681.60094,60070.43344,64502.22392,68757.18006,72641.12895,76221.56866,79555.43632,82778.15258,85988.68595,89231.76474,92506.51759
OECD ENV-Growth 2025,SSP2,1,Turkey,TUR,USD_2015/yr,GDP|PPP [per capita],ANNUAL,35575.10261,41669.10373,47610.21589,52974.93512,58119.35982,63071.59452,68042.90747,73062.87973,77882.54842,82281.97022,86337.60149,90113.93596,93764.36716,97400.99857,101074.4948,104783.8688
OECD ENV-Growth 2025,SSP2,1,Turkey,TUR,USD_2017/yr,GDP|PPP [per capita],ANNUAL,35858.60071,42001.16494,47989.62184,53397.09253,58582.51317,63574.21224,68585.1416,73645.11804,78503.19468,82937.67549,87025.62609,90832.05418,94511.57568,98177.18742,101879.9577,105618.8918
OECD ENV-Growth 2025,SSP2,1,Turkmenistan,TKM,USD_2010/yr,GDP|PPP [per capita],ANNUAL,16179.56946,16859.43171,18081.39773,19072.15598,19921.10069,20878.51132,22003.94317,23477.35273,25265.72763,27186.26128,29157.65122,31298.78038,33702.99105,36460.83867,39585.59233,43057.78262
OECD ENV-Growth 2025,SSP2,1,Turkmenistan,TKM,USD_2015/yr,GDP|PPP [per capita],ANNUAL,15531.1763,16183.7932,17356.78916,18307.84296,19122.76638,20041.80896,21122.13934,22536.50229,24253.20841,26096.77704,27989.1639,30044.48772,32352.35011,34999.6775,37999.20726,41332.25018
OECD ENV-Growth 2025,SSP2,1,Turkmenistan,TKM,USD_2017/yr,GDP|PPP [per capita],ANNUAL,15976.57115,16647.90345,17854.53797,18832.86559,19671.15895,20616.55734,21727.86887,23182.79217,24948.72908,26845.16659,28791.82232,30906.08763,33280.13368,36003.37972,39088.9284,42517.55457
OECD ENV-Growth 2025,SSP2,1,Uganda,UGA,USD_2010/yr,GDP|PPP [per capita],ANNUAL,3049.779846,3680.590445,4418.966,5151.255179,5955.380338,6879.714899,7979.4479,9289.645825,10864.09366,12697.91491,14853.86324,17366.20829,20295.50032,23686.80214,27551.84115,31900.13355
OECD ENV-Growth 2025,SSP2,1,Uganda,UGA,USD_2015/yr,GDP|PPP [per capita],ANNUAL,2712.51768,3273.569621,3930.291368,4581.599805,5296.800187,6118.916525,7097.034736,8262.343453,9662.679802,11293.70658,13211.23776,15445.75327,18051.10737,21067.37956,24505.00037,28372.43362
OECD ENV-Growth 2025,SSP2,1,Uganda,UGA,USD_2017/yr,GDP|PPP [per capita],ANNUAL,2653.727011,3202.618804,3845.10687,4482.298954,5181.998199,5986.296121,6943.214757,8083.266761,9453.252448,11048.92861,12924.89953,15110.98451,17659.87059,20610.7686,23973.88296,27757.4941
OECD ENV-Growth 2025,SSP2,1,Ukraine,UKR,USD_2010/yr,GDP|PPP [per capita],ANNUAL,8207.812578,10088.0786,12214.24244,14505.89196,16903.69811,19453.53814,22227.11298,25267.49991,28532.48699,31956.05304,35479.17098,39109.39114,42929.70643,47007.52403,51364.91846,56025.43351
OECD ENV-Growth 2025,SSP2,1,Ukraine,UKR,USD_2015/yr,GDP|PPP [per capita],ANNUAL,10606.32122,13036.04354,15783.52058,18744.84197,21843.34135,25138.30237,28722.37856,32651.23538,36870.3256,41294.33515,45846.98791,50538.04058,55474.73847,60744.18669,66374.91041,72397.33347
OECD ENV-Growth 2025,SSP2,1,Ukraine,UKR,USD_2017/yr,GDP|PPP [per capita],ANNUAL,11713.29818,14396.60952,17430.8395,20701.23266,24123.12103,27761.97564,31720.12024,36059.03008,40718.46483,45604.20627,50632.01734,55812.67306,61264.61188,67084.03004,73302.42985,79953.41048
OECD ENV-Growth 2025,SSP2,1,United Arab Emirates,ARE,USD_2010/yr,GDP|PPP [per capita],ANNUAL,96821.54531,114180.206,129541.9102,139954.7065,146575.8566,150226.3068,152643.4969,155313.0388,158624.9765,162044.3679,165291.0828,168764.7766,172288.5941,175872.3093,179606.7961,183852.3563
OECD ENV-Growth 2025,SSP2,1,United Arab Emirates,ARE,USD_2015/yr,GDP|PPP [per capita],ANNUAL,82832.26324,97682.85407,110825.0191,119733.3202,125397.812,128520.8261,130588.768,132872.6005,135706.0122,138631.3521,141408.9647,144380.7611,147395.4391,150461.3604,153656.269,157288.4086
OECD ENV-Growth 2025,SSP2,1,United Arab Emirates,ARE,USD_2017/yr,GDP|PPP [per capita],ANNUAL,80896.57011,95400.12,108235.168,116935.2926,122467.4118,125517.4447,127537.0612,129767.5232,132534.7214,135391.6995,138104.4025,141006.7515,143950.98,146945.2543,150065.5017,153612.7624
OECD ENV-Growth 2025,SSP2,1,United Kingdom,GBR,USD_2010/yr,GDP|PPP [per capita],ANNUAL,41778.19552,44938.41892,48523.81401,52708.9408,57325.54723,62071.02015,67092.57775,72446.51761,78034.27841,83469.37602,88629.64597,93561.75691,98380.48453,103120.9733,107696.497,111956.3484
OECD ENV-Growth 2025,SSP2,1,United Kingdom,GBR,USD_2015/yr,GDP|PPP [per capita],ANNUAL,45781.49454,49244.53903,53173.49632,57759.65322,62818.63528,68018.83218,73521.56893,79388.5377,85511.73276,91467.63603,97122.37692,102527.096,107807.5671,113002.3022,118016.2648,122684.3067
OECD ENV-Growth 2025,SSP2,1,United Kingdom,GBR,USD_2017/yr,GDP|PPP [per capita],ANNUAL,48099.80914,51738.21765,55866.13216,60684.526,65999.68825,71463.21628,77244.60437,83408.66872,89841.93431,96099.43668,102040.5262,107718.9331,113266.8003,118724.59,123992.4531,128896.8784
OECD ENV-Growth 2025,SSP2,1,United States,USA,USD_2010/yr,GDP|PPP [per capita],ANNUAL,60483.86936,64888.70651,68589.74093,71902.51032,75085.71796,78201.19452,81479.62374,84834.95906,88260.33903,91594.04189,94896.44426,98290.56614,101870.6306,105653.4195,109582.041,113586.5368
OECD ENV-Growth 2025,SSP2,1,United States,USA,USD_2015/yr,GDP|PPP [per capita],ANNUAL,65669.05513,70451.51195,74469.83016,78066.59799,81522.69695,84905.25835,88464.74209,92107.72496,95826.75729,99446.25319,103031.7653,106716.8598,110603.8375,114710.9189,118976.3348,123324.1296
OECD ENV-Growth 2025,SSP2,1,United States,USA,USD_2017/yr,GDP|PPP [per capita],ANNUAL,67480.29369,72394.65694,76523.80562,80219.77702,83771.19972,87247.0566,90904.71556,94648.17667,98469.78479,102189.1111,105873.5163,109660.2506,113654.4362,117874.7963,122257.858,126725.5706
OECD ENV-Growth 2025,SSP2,1,United States Virgin Islands,VIR,USD_2017/yr,GDP|PPP [per capita],ANNUAL,32976.3092,36005.85968,38937.9978,42583.60366,46638.51499,50917.54556,55402.73522,60260.22802,65514.69438,70976.9742,76543.10634,82211.13715,88140.12271,94433.16507,101168.0934,108397.6122
OECD ENV-Growth 2025,SSP2,1,Uruguay,URY,USD_2010/yr,GDP|PPP [per capita],ANNUAL,24744.98369,27830.44042,30786.57907,33635.04584,36532.99836,39525.84424,42677.64216,45923.93525,49277.01961,52538.41759,55732.44994,58863.18642,62018.13292,65246.88123,68561.03977,71952.41789
OECD ENV-Growth 2025,SSP2,1,Uruguay,URY,USD_2015/yr,GDP|PPP [per capita],ANNUAL,25589.50237,28780.26229,31837.29065,34782.97242,37779.82882,40874.81719,44134.18246,47491.26791,50958.78929,54331.49514,57634.53625,60872.12127,64134.74257,67473.68446,70900.95153,74408.0736
OECD ENV-Growth 2025,SSP2,1,Uruguay,URY,USD_2017/yr,GDP|PPP [per capita],ANNUAL,26301.61869,29581.17254,32723.27327,35750.92882,38831.1831,42012.30022,45362.36859,48812.87654,52376.89369,55843.45674,59238.41637,62566.09838,65919.5134,69351.37288,72874.0155,76478.73536
OECD ENV-Growth 2025,SSP2,1,Uzbekistan,UZB,USD_2010/yr,GDP|PPP [per capita],ANNUAL,10346.38685,12637.74805,15158.02241,17631.1514,20003.59267,22402.95318,25042.28703,28052.47328,31418.61911,35052.39324,38897.98091,42994.21401,47435.76499,52267.86844,57482.98378,63105.00718
OECD ENV-Growth 2025,SSP2,1,Uzbekistan,UZB,USD_2015/yr,GDP|PPP [per capita],ANNUAL,9778.827187,11944.49386,14326.51647,16663.97991,18906.27894,21174.02053,23668.57152,26513.6315,29695.1246,33129.56503,36764.19978,40635.7306,44833.63661,49400.671,54329.70685,59643.32948
OECD ENV-Growth 2025,SSP2,1,Uzbekistan,UZB,USD_2017/yr,GDP|PPP [per capita],ANNUAL,9370.309791,11445.50421,13728.01615,15967.83041,18116.45581,20289.4609,22679.80027,25406.00587,28454.58985,31745.55411,35228.34943,38938.14433,42960.67985,47336.92316,52060.04507,57151.68737
OECD ENV-Growth 2025,SSP2,1,Vanuatu,VUT,USD_2010/yr,GDP|PPP [per capita],ANNUAL,2210.782315,2361.11977,2824.291468,3496.460129,4432.180106,5737.538898,7555.07477,10057.40681,13457.27913,17918.03597,23650.73411,30793.82326,39497.90236,49888.25239,62091.95255,76275.92407
OECD ENV-Growth 2025,SSP2,1,Vanuatu,VUT,USD_2015/yr,GDP|PPP [per capita],ANNUAL,2406.762465,2570.426947,3074.657621,3806.4123,4825.081439,6246.156921,8224.81266,10948.96998,14650.23221,19506.42364,25747.31068,33523.61626,42999.28952,54310.71727,67596.24397,83037.58798
OECD ENV-Growth 2025,SSP2,1,Vanuatu,VUT,USD_2017/yr,GDP|PPP [per capita],ANNUAL,2477.061469,2645.506419,3164.465142,3917.593607,4966.017002,6428.600606,8465.050801,11268.7779,15078.15011,20076.1858,26499.36259,34502.80589,44255.25361,55897.07629,69570.65928,85463.02873
OECD ENV-Growth 2025,SSP2,1,Viet Nam,VNM,USD_2010/yr,GDP|PPP [per capita],ANNUAL,11321.37528,15296.70143,19672.4254,23721.33885,27517.53002,31138.34707,34750.30137,38400.77258,42142.16906,45946.46476,49659.99438,53251.39406,56783.52268,60344.16452,64009.463,67829.37693
OECD ENV-Growth 2025,SSP2,1,Viet Nam,VNM,USD_2015/yr,GDP|PPP [per capita],ANNUAL,12468.21134,16846.23127,21665.20863,26124.27012,30305.00901,34292.60866,38270.44779,42290.70553,46411.09911,50600.76349,54690.46734,58645.6697,62535.59694,66456.92575,70493.51273,74700.37744
OECD ENV-Growth 2025,SSP2,1,Viet Nam,VNM,USD_2017/yr,GDP|PPP [per capita],ANNUAL,13281.40522,17944.96562,23078.24332,27828.13092,32281.54334,36529.21973,40766.49899,45048.96347,49438.09477,53901.01482,58257.45478,62470.62087,66614.25452,70791.33777,75091.19651,79572.43872
OECD ENV-Growth 2025,SSP2,1,Western Sahara,ESH,USD_2017/yr,GDP|PPP [per capita],ANNUAL,1924.561785,1986.881375,2194.94556,2497.562458,2900.505402,3427.476796,4121.75976,5035.558255,6229.291639,7742.009983,9637.026688,11989.66622,14878.64331,18399.25051,22656.5246,27753.12951
OECD ENV-Growth 2025,SSP2,1,Yemen,YEM,USD_2010/yr,GDP|PPP [per capita],ANNUAL,1604.797924,1914.515679,2306.01037,2854.746633,3569.877492,4459.981934,5549.471592,6859.580289,8413.775441,10220.18193,12265.68517,14528.9184,16989.25494,19657.106,22564.13076,25748.56449
OECD ENV-Growth 2025,SSP2,1,Yemen,YEM,USD_2015/yr,GDP|PPP [per capita],ANNUAL,1696.131677,2023.476377,2437.252178,3017.21863,3773.049681,4713.812575,5865.308283,7249.979104,8892.628057,10801.84244,12963.76126,15355.80172,17956.16323,20775.84951,23848.32156,27213.99075
OECD ENV-Growth 2025,SSP2,1,Yemen,YEM,USD_2017/yr,GDP|PPP [per capita],ANNUAL,1745.675699,2082.582141,2508.444336,3105.351614,3883.260497,4851.503084,6036.633992,7461.751061,9152.381805,11117.36435,13342.43284,15804.34483,18480.66292,21382.71226,24544.93125,28008.91167
OECD ENV-Growth 2025,SSP2,1,Zambia,ZMB,USD_2010/yr,GDP|PPP [per capita],ANNUAL,3556.691466,4045.898125,4660.17538,5321.805991,6091.287289,7013.673538,8127.946652,9462.833465,11060.88351,12930.45474,15138.22149,17697.1187,20616.25887,23908.7661,27599.36242,31735.93188
OECD ENV-Growth 2025,SSP2,1,Zambia,ZMB,USD_2015/yr,GDP|PPP [per capita],ANNUAL,3483.095127,3962.178946,4563.745355,5211.685268,5965.244182,6868.544083,7959.760257,9267.025112,10832.00773,12662.89312,14824.97597,17330.92356,20189.65983,23414.03731,27028.26649,31079.24057
OECD ENV-Growth 2025,SSP2,1,Zambia,ZMB,USD_2017/yr,GDP|PPP [per capita],ANNUAL,3495.598884,3976.402538,4580.128475,5230.394388,5986.658459,6893.201063,7988.33453,9300.292258,10870.89291,12708.35089,14878.19527,17393.13882,20262.1375,23498.08998,27125.29367,31190.8101
OECD ENV-Growth 2025,SSP2,1,Zimbabwe,ZWE,USD_2010/yr,GDP|PPP [per capita],ANNUAL,2398.653522,2627.051057,2980.405852,3328.819365,3700.923196,4133.200621,4648.534637,5276.117996,6039.514969,6960.734345,8062.154174,9376.219238,10940.75878,12823.4309,15074.67303,17754.02201
OECD ENV-Growth 2025,SSP2,1,Zimbabwe,ZWE,USD_2015/yr,GDP|PPP [per capita],ANNUAL,2699.588072,2956.640313,3354.326923,3746.45232,4165.240217,4651.751074,5231.738783,5938.058615,6797.231206,7834.026565,9073.630287,10552.55767,12313.384,14432.25575,16965.93823,19981.43776
OECD ENV-Growth 2025,SSP2,1,Zimbabwe,ZWE,USD_2017/yr,GDP|PPP [per capita],ANNUAL,2294.040679,2512.477078,2850.420955,3183.639057,3539.514267,3952.93871,4445.797384,5046.009854,5776.112678,6657.154773,7710.53821,8967.292754,10463.59779,12264.16064,14417.219,16979.71313
OECD ENV-Growth 2025,SSP3,1,Albania,ALB,USD_2010/yr,GDP|PPP [per capita],ANNUAL,15432.88624,18405.32578,20981.0656,23072.23498,24773.04789,26245.92777,27594.9636,28865.1819,30141.85267,31441.14228,32595.08452,33572.327,34375.50256,35055.58163,35647.06296,36193.06022
OECD ENV-Growth 2025,SSP3,1,Albania,ALB,USD_2015/yr,GDP|PPP [per capita],ANNUAL,16746.84149,19972.3544,22767.39259,25036.60404,26882.22409,28480.50489,29944.39757,31322.7622,32708.12866,34118.03973,35370.22856,36430.67342,37302.23131,38040.21229,38682.05231,39274.53575
OECD ENV-Growth 2025,SSP3,1,Albania,ALB,USD_2017/yr,GDP|PPP [per capita],ANNUAL,17481.41035,20848.40435,23766.04166,26134.78782,28061.36254,29729.74894,31257.85253,32696.67655,34142.80952,35614.56369,36921.67745,38028.63674,38938.42388,39708.77501,40378.76815,40997.23976
OECD ENV-Growth 2025,SSP3,1,Algeria,DZA,USD_2010/yr,GDP|PPP [per capita],ANNUAL,14116.87245,14431.00336,15024.96102,15198.20497,15134.11044,15124.11177,15315.6047,15677.93617,16172.16416,16630.17856,17015.46609,17332.18803,17645.67942,18018.49099,18461.01579,18940.57271
OECD ENV-Growth 2025,SSP3,1,Algeria,DZA,USD_2015/yr,GDP|PPP [per capita],ANNUAL,12147.03898,12417.33684,12928.41512,13077.48504,13022.33411,13013.73063,13178.5031,13490.27574,13915.54037,14309.64458,14641.17004,14913.69738,15183.44496,15504.23532,15885.01131,16297.65204
OECD ENV-Growth 2025,SSP3,1,Algeria,DZA,USD_2017/yr,GDP|PPP [per capita],ANNUAL,11625.13995,11883.82443,12372.94417,12515.60928,12462.82791,12454.59408,12612.28709,12910.66437,13317.65746,13694.82893,14012.11036,14272.92853,14531.08637,14838.09393,15202.50983,15597.4214
OECD ENV-Growth 2025,SSP3,1,Angola,AGO,USD_2010/yr,GDP|PPP [per capita],ANNUAL,5073.527339,5229.566261,5475.135035,5661.112337,5898.319326,6219.116291,6620.86449,7054.155323,7521.690767,8011.385471,8517.815076,9039.913814,9575.725564,10122.96363,10634.98779,11099.02931
OECD ENV-Growth 2025,SSP3,1,Angola,AGO,USD_2015/yr,GDP|PPP [per capita],ANNUAL,5408.311571,5574.646953,5836.419947,6034.669237,6287.528681,6629.49391,7057.75206,7519.634232,8018.020696,8540.028632,9079.875747,9636.425944,10207.59403,10790.94241,11336.75325,11831.41524
OECD ENV-Growth 2025,SSP3,1,Angola,AGO,USD_2017/yr,GDP|PPP [per capita],ANNUAL,5918.575652,6100.604466,6387.075252,6604.028993,6880.745252,7254.974261,7723.637767,8229.097657,8774.505952,9345.764361,9936.545041,10545.60471,11170.66143,11809.04765,12406.35471,12947.68713
OECD ENV-Growth 2025,SSP3,1,Antigua and Barbuda,ATG,USD_2010/yr,GDP|PPP [per capita],ANNUAL,27660.99698,31094.13388,34332.05956,36854.7786,38924.81739,40909.99419,42960.71973,45031.52061,47209.04702,49364.88192,51590.71485,53884.36955,56282.72625,58765.09545,61335.11774,64001.47945
OECD ENV-Growth 2025,SSP3,1,Antigua and Barbuda,ATG,USD_2015/yr,GDP|PPP [per capita],ANNUAL,24844.80687,27928.41312,30836.68277,33102.5616,34961.84794,36744.91217,38586.85156,40446.82241,42402.65297,44339.00044,46338.21939,48398.35511,50552.53304,52782.17008,55090.53616,57485.43327
OECD ENV-Growth 2025,SSP3,1,Antigua and Barbuda,ATG,USD_2017/yr,GDP|PPP [per capita],ANNUAL,24433.15704,27465.67149,30325.75446,32554.09028,34382.57039,36136.0913,37947.51188,39776.66516,41700.08985,43604.35428,45570.44848,47596.45012,49714.9358,51907.63032,54177.74944,56532.96586
OECD ENV-Growth 2025,SSP3,1,Argentina,ARG,USD_2010/yr,GDP|PPP [per capita],ANNUAL,17109.79652,18770.61009,20008.40642,21134.1226,22284.07189,23562.12535,24955.12632,26376.24737,27808.03902,29215.26484,30576.89483,31912.37456,33253.56402,34615.95177,35992.65955,37370.47437
OECD ENV-Growth 2025,SSP3,1,Argentina,ARG,USD_2015/yr,GDP|PPP [per capita],ANNUAL,18714.96921,20531.59367,21885.5151,23116.84146,24374.6744,25772.62973,27296.31648,28850.76142,30416.87803,31956.12415,33445.49682,34906.26592,36373.28041,37863.48193,39369.34693,40876.42283
OECD ENV-Growth 2025,SSP3,1,Argentina,ARG,USD_2017/yr,GDP|PPP [per capita],ANNUAL,22278.90305,24441.47141,26053.22315,27519.03378,29016.39867,30680.5698,32494.41565,34344.87705,36209.23279,38041.60103,39814.59829,41553.54496,43299.92633,45073.91029,46866.54056,48660.61232
OECD ENV-Growth 2025,SSP3,1,Armenia,ARM,USD_2010/yr,GDP|PPP [per capita],ANNUAL,15363.65144,19161.50502,22681.17496,25413.75238,27444.99671,29125.97581,30727.82805,32387.06754,34083.69891,35524.75576,36485.08316,37191.71871,37772.30134,38309.30015,38804.89557,39241.81971
OECD ENV-Growth 2025,SSP3,1,Armenia,ARM,USD_2015/yr,GDP|PPP [per capita],ANNUAL,16717.88371,20850.49989,24680.41187,27653.8529,29864.1417,31693.29105,33436.33888,35241.83239,37088.01369,38656.09279,39701.06845,40469.99055,41101.74875,41686.08143,42225.36121,42700.79812
OECD ENV-Growth 2025,SSP3,1,Armenia,ARM,USD_2017/yr,GDP|PPP [per capita],ANNUAL,18982.25832,23674.62186,28023.28104,31399.46351,33909.12762,35986.02839,37965.16551,40015.20634,42111.44597,43891.9155,45078.42919,45951.4989,46668.82638,47332.30473,47944.62793,48484.46099
OECD ENV-Growth 2025,SSP3,1,Aruba,ABW,USD_2010/yr,GDP|PPP [per capita],ANNUAL,41107.66664,43045.40396,44916.31155,46227.71559,47274.54321,48428.11175,49771.47866,51142.29849,52412.2363,53412.2765,54333.40168,55361.82689,56538.02102,57829.17171,59149.01477,60468.19841
OECD ENV-Growth 2025,SSP3,1,Aruba,ABW,USD_2015/yr,GDP|PPP [per capita],ANNUAL,41361.76992,43311.48518,45193.95762,46513.46798,47566.76647,48727.46568,50079.1365,51458.42993,52736.21774,53742.43959,54669.25863,55704.04096,56887.50562,58186.63744,59514.63899,60841.97704
OECD ENV-Growth 2025,SSP3,1,Aruba,ABW,USD_2017/yr,GDP|PPP [per capita],ANNUAL,42301.19485,44295.19282,46220.42072,47569.90033,48647.12175,49834.18322,51216.55372,52627.17421,53933.98365,54963.05921,55910.92853,56969.21325,58179.55723,59508.19544,60866.35909,62223.84417
OECD ENV-Growth 2025,SSP3,1,Australia,AUS,USD_2010/yr,GDP|PPP [per capita],ANNUAL,48635.86039,53518.01989,57441.51478,60418.08294,62669.80967,64402.66073,65816.32577,66986.30914,68010.33356,68779.96467,69340.42369,69738.29582,70035.78862,70255.95168,70381.72694,70385.80491
OECD ENV-Growth 2025,SSP3,1,Australia,AUS,USD_2015/yr,GDP|PPP [per capita],ANNUAL,52086.2088,57314.72079,61516.55813,64704.29141,67115.76121,68971.54502,70485.49896,71738.48384,72835.15509,73659.38574,74259.60511,74685.70328,75004.30095,75240.08292,75374.781,75379.14826
OECD ENV-Growth 2025,SSP3,1,Australia,AUS,USD_2017/yr,GDP|PPP [per capita],ANNUAL,54339.61844,59794.33194,64177.95369,67503.59812,70019.39552,71955.46625,73534.91849,74842.11135,75986.22798,76846.11738,77472.30409,77916.83658,78249.21777,78495.20039,78635.72591,78640.28212
OECD ENV-Growth 2025,SSP3,1,Austria,AUT,USD_2010/yr,GDP|PPP [per capita],ANNUAL,46126.58719,50496.33108,52805.02171,54422.31629,55623.71498,56473.31874,57128.65272,57602.36386,57903.7825,57940.58775,57775.46037,57419.40657,56873.84914,56135.62522,55220.82945,54164.48831
OECD ENV-Growth 2025,SSP3,1,Austria,AUT,USD_2015/yr,GDP|PPP [per capita],ANNUAL,53629.70439,58710.2466,61394.47718,63274.84673,64671.66927,65659.47264,66421.40561,66972.17232,67322.6208,67365.41293,67173.42533,66759.45454,66125.15477,65266.84867,64203.24892,62975.07952
OECD ENV-Growth 2025,SSP3,1,Austria,AUT,USD_2017/yr,GDP|PPP [per capita],ANNUAL,56849.54915,62235.11928,65080.50693,67073.77097,68554.45658,69601.56614,70409.24439,70993.07828,71364.56715,71409.92846,71206.41422,70767.58926,70095.20711,69185.36964,68057.91299,66756.0062
OECD ENV-Growth 2025,SSP3,1,Azerbaijan,AZE,USD_2010/yr,GDP|PPP [per capita],ANNUAL,16359.28773,18031.29858,19226.77688,19860.61919,20292.32118,20805.05218,21335.74983,21828.10608,22271.44604,22663.89516,23032.07034,23388.07728,23735.93041,24069.91964,24361.42011,24614.09916
OECD ENV-Growth 2025,SSP3,1,Azerbaijan,AZE,USD_2015/yr,GDP|PPP [per capita],ANNUAL,15808.61285,17424.34164,18579.57859,19192.08494,19609.25528,20104.72709,20617.56077,21093.34367,21521.76023,21900.999,22256.78092,22600.80421,22936.94815,23259.69487,23541.38305,23785.5566
OECD ENV-Growth 2025,SSP3,1,Azerbaijan,AZE,USD_2017/yr,GDP|PPP [per capita],ANNUAL,15723.23568,17330.23844,18479.23633,19088.43474,19503.35208,19996.14801,20506.21203,20979.42539,21405.52821,21782.71884,22136.5793,22478.74462,22813.07316,23134.07683,23414.24371,23657.09855
OECD ENV-Growth 2025,SSP3,1,Bahamas,BHS,USD_2010/yr,GDP|PPP [per capita],ANNUAL,31362.93138,33134.03131,34543.38959,35408.25129,36060.21563,36744.29399,37488.57977,38222.98881,38940.73275,39619.26448,40271.33021,40927.63888,41614.11941,42305.05006,42988.32691,43655.46076
OECD ENV-Growth 2025,SSP3,1,Bahamas,BHS,USD_2015/yr,GDP|PPP [per capita],ANNUAL,34441.8791,36386.85066,37934.56783,38884.33435,39600.30305,40351.53844,41168.89191,41975.39903,42763.60501,43508.74925,44224.82929,44945.5688,45699.44218,46458.20257,47208.55778,47941.18519
OECD ENV-Growth 2025,SSP3,1,Bahamas,BHS,USD_2017/yr,GDP|PPP [per capita],ANNUAL,36916.06779,39000.75957,40659.65953,41677.65408,42445.05556,43250.25717,44126.32657,44990.77045,45835.59849,46634.27138,47401.79221,48174.30721,48982.33633,49795.60351,50599.86171,51385.11861
OECD ENV-Growth 2025,SSP3,1,Bahrain,BHR,USD_2010/yr,GDP|PPP [per capita],ANNUAL,54258.24458,58618.94668,62488.45514,64536.61114,65452.44578,65802.7713,66308.86013,67004.6757,67878.43614,68301.3476,68435.71205,68371.55977,68184.62186,67992.05872,67844.14472,67728.655
OECD ENV-Growth 2025,SSP3,1,Bahrain,BHR,USD_2015/yr,GDP|PPP [per capita],ANNUAL,48770.82399,52690.50544,56168.67024,58009.68548,58832.89697,59147.79223,59602.69765,60228.14174,61013.53421,61393.67442,61514.44989,61456.78567,61288.75377,61115.66554,60982.71086,60878.90122
OECD ENV-Growth 2025,SSP3,1,Bahrain,BHR,USD_2017/yr,GDP|PPP [per capita],ANNUAL,51588.04726,55734.14722,59413.22654,61360.58715,62231.35105,62564.43609,63045.61889,63707.19147,64537.95175,64940.05059,65067.80259,65006.80742,64829.06924,64645.98266,64505.34791,64395.54176
OECD ENV-Growth 2025,SSP3,1,Bangladesh,BGD,USD_2010/yr,GDP|PPP [per capita],ANNUAL,6697.592934,8903.850212,11030.35911,12700.9078,14024.59715,15198.23206,16283.7858,17303.43891,18306.26427,19229.82792,20085.79467,20812.34759,21412.45762,21933.80328,22413.17085,22842.98826
OECD ENV-Growth 2025,SSP3,1,Bangladesh,BGD,USD_2015/yr,GDP|PPP [per capita],ANNUAL,7595.976295,10098.17046,12509.91919,14404.54735,15905.79011,17236.85085,18468.01562,19624.44016,20761.77977,21809.22586,22780.00793,23604.01722,24284.62316,24875.89966,25419.56733,25907.0384
OECD ENV-Growth 2025,SSP3,1,Bangladesh,BGD,USD_2017/yr,GDP|PPP [per capita],ANNUAL,7813.45603,10387.2903,12868.08959,14816.96269,16361.1874,17730.35762,18996.77177,20186.3058,21356.20848,22433.64391,23432.22035,24279.82178,24979.91409,25588.11937,26147.35274,26648.78056
OECD ENV-Growth 2025,SSP3,1,Barbados,BRB,USD_2010/yr,GDP|PPP [per capita],ANNUAL,17346.48194,19002.54562,20501.8565,21913.18145,23194.53859,24495.22418,25782.97741,26988.92615,28117.44807,29155.57311,30175.62694,31194.99928,32224.21653,33223.13781,34191.04452,35160.84835
OECD ENV-Growth 2025,SSP3,1,Barbados,BRB,USD_2015/yr,GDP|PPP [per capita],ANNUAL,16945.73808,18563.54286,20028.21618,21406.93627,22658.69109,23929.32783,25187.33099,26365.41952,27467.86997,28482.01192,29478.50015,30474.32263,31479.76258,32455.60647,33401.15229,34348.55141
OECD ENV-Growth 2025,SSP3,1,Barbados,BRB,USD_2017/yr,GDP|PPP [per capita],ANNUAL,16785.78632,18388.32055,19839.16874,21204.87501,22444.81446,23703.45759,24949.58638,26116.55487,27208.59923,28213.16864,29200.25096,30186.67382,31182.62336,32149.25621,33085.87697,34024.33354
OECD ENV-Growth 2025,SSP3,1,Belarus,BLR,USD_2010/yr,GDP|PPP [per capita],ANNUAL,17368.73841,18423.54164,19474.97274,20176.12206,20528.60888,20757.29757,21091.30217,21539.20858,22039.32839,22444.4268,22736.89347,22984.12432,23270.04236,23637.26853,24061.70152,24494.80375
OECD ENV-Growth 2025,SSP3,1,Belarus,BLR,USD_2015/yr,GDP|PPP [per capita],ANNUAL,19323.72474,20497.25427,21667.0321,22447.10121,22839.26317,23093.69255,23465.29195,23963.61371,24520.02588,24970.72126,25296.10733,25571.16593,25889.26626,26297.82659,26770.0328,27251.88406
OECD ENV-Growth 2025,SSP3,1,Belarus,BLR,USD_2017/yr,GDP|PPP [per capita],ANNUAL,19604.56007,20795.14472,21981.92315,22773.32915,23171.19047,23429.31752,23806.31745,24311.88141,24876.38003,25333.62545,25663.74041,25942.79649,26265.51984,26680.01785,27159.08672,27647.94081
OECD ENV-Growth 2025,SSP3,1,Belgium,BEL,USD_2010/yr,GDP|PPP [per capita],ANNUAL,46065.85622,49547.33045,51670.14282,52760.86409,53228.29439,53285.14558,53228.12986,53081.7382,52795.34886,52224.29776,51457.39071,50605.90267,49745.45638,48880.34134,47959.06411,46935.07072
OECD ENV-Growth 2025,SSP3,1,Belgium,BEL,USD_2015/yr,GDP|PPP [per capita],ANNUAL,51820.45484,55736.83875,58124.83523,59351.81062,59877.63285,59941.58596,59877.44776,59712.76869,59390.60328,58748.21583,57885.50589,56927.649,55959.71479,54986.52861,53950.16439,52798.25259
OECD ENV-Growth 2025,SSP3,1,Belgium,BEL,USD_2017/yr,GDP|PPP [per capita],ANNUAL,55471.89214,59664.23716,62220.49962,63533.93168,64096.80504,64165.26449,64096.60691,63920.32402,63575.45779,62887.80564,61964.30636,60938.95576,59902.81777,58861.05774,57751.66793,56518.58869
OECD ENV-Growth 2025,SSP3,1,Belize,BLZ,USD_2010/yr,GDP|PPP [per capita],ANNUAL,10961.08033,11645.68355,12764.57186,13969.96715,15144.14074,16326.19353,17534.5573,18777.0667,20100.0838,21471.66963,22908.48277,24366.56983,25845.34821,27351.4538,28909.06175,30543.02416
OECD ENV-Growth 2025,SSP3,1,Belize,BLZ,USD_2015/yr,GDP|PPP [per capita],ANNUAL,10160.26281,10794.84885,11831.99109,12949.32009,14037.70845,15133.40036,16253.48096,17405.21251,18631.56987,19902.94751,21234.78695,22586.34604,23957.08473,25353.15411,26796.96308,28311.54806
OECD ENV-Growth 2025,SSP3,1,Belize,BLZ,USD_2017/yr,GDP|PPP [per capita],ANNUAL,10241.55,10881.21304,11926.65293,13052.92112,14150.01714,15254.47512,16383.51694,17544.46292,18780.63174,20062.18104,21404.67586,22767.0481,24148.75339,25555.99202,27011.35219,28538.0546
OECD ENV-Growth 2025,SSP3,1,Benin,BEN,USD_2010/yr,GDP|PPP [per capita],ANNUAL,3336.307073,3928.603016,4634.574627,5247.505902,5812.992919,6372.157629,6952.837968,7557.618625,8188.994069,8867.53552,9594.540163,10395.15045,11249.59162,12174.70512,13140.24765,14139.84683
OECD ENV-Growth 2025,SSP3,1,Benin,BEN,USD_2015/yr,GDP|PPP [per capita],ANNUAL,3739.916059,4403.864869,5195.241234,5882.321731,6516.218409,7143.027943,7793.955953,8471.899813,9179.655756,9940.283605,10755.23747,11652.7014,12610.5084,13647.53729,14729.88611,15850.41157
OECD ENV-Growth 2025,SSP3,1,Benin,BEN,USD_2017/yr,GDP|PPP [per capita],ANNUAL,3816.525169,4494.074424,5301.661485,6002.816261,6649.697793,7289.347005,7953.608741,8645.439724,9367.693467,10143.90215,10975.54968,11891.39742,12868.82431,13927.09588,15031.61573,16175.09424
OECD ENV-Growth 2025,SSP3,1,Bhutan,BTN,USD_2010/yr,GDP|PPP [per capita],ANNUAL,9746.056243,11388.14368,12736.33687,13762.28409,14605.66916,15417.36533,16264.82808,17090.99379,17892.44523,18589.26067,19202.1321,19728.61054,20148.92534,20491.12944,20772.71868,21019.22407
OECD ENV-Growth 2025,SSP3,1,Bhutan,BTN,USD_2015/yr,GDP|PPP [per capita],ANNUAL,11481.98457,13416.55402,15004.88195,16213.56677,17207.17219,18163.44442,19161.85382,20135.17284,21079.3756,21900.30499,22622.33863,23242.59129,23737.77086,24140.92698,24472.67176,24763.08371
OECD ENV-Growth 2025,SSP3,1,Bhutan,BTN,USD_2017/yr,GDP|PPP [per capita],ANNUAL,12103.21858,14142.45811,15816.72269,17090.80354,18138.16808,19146.17953,20198.60797,21224.58852,22219.87747,23085.22334,23846.32268,24500.13417,25022.10549,25447.07441,25796.76828,26102.893
OECD ENV-Growth 2025,SSP3,1,Bolivia,BOL,USD_2010/yr,GDP|PPP [per capita],ANNUAL,6594.784831,6871.46203,7303.15272,7880.852998,8499.508726,9175.739068,9894.765743,10600.18625,11263.66739,11865.60812,12429.60885,12984.52872,13534.71104,14071.97935,14579.46906,15061.55342
OECD ENV-Growth 2025,SSP3,1,Bolivia,BOL,USD_2015/yr,GDP|PPP [per capita],ANNUAL,7538.845026,7855.129269,8348.617578,9009.017118,9716.234983,10489.26942,11311.22659,12117.62983,12876.08999,13564.20005,14208.93892,14843.29698,15472.23929,16086.41893,16666.55708,17217.65304
OECD ENV-Growth 2025,SSP3,1,Bolivia,BOL,USD_2017/yr,GDP|PPP [per capita],ANNUAL,8438.451459,8792.477735,9344.853746,10084.05842,10875.66822,11740.94845,12660.98934,13563.62026,14412.58707,15182.80895,15904.48417,16614.53985,17318.53351,18006.00288,18655.36862,19272.22657
OECD ENV-Growth 2025,SSP3,1,Bosnia and Herzegovina,BIH,USD_2010/yr,GDP|PPP [per capita],ANNUAL,16102.76824,19159.5956,21684.99185,23398.11416,24661.42102,25711.33937,26621.66389,27398.86541,28035.05725,28432.01159,28695.21568,28821.48538,28846.49607,28800.08325,28710.25588,28603.57788
OECD ENV-Growth 2025,SSP3,1,Bosnia and Herzegovina,BIH,USD_2015/yr,GDP|PPP [per capita],ANNUAL,17499.83322,20821.86879,23566.36666,25428.11827,26801.02876,27942.03729,28931.34094,29775.97191,30467.35931,30898.75314,31184.79263,31322.01741,31349.19801,31298.75844,31201.13771,31085.2044
OECD ENV-Growth 2025,SSP3,1,Bosnia and Herzegovina,BIH,USD_2017/yr,GDP|PPP [per capita],ANNUAL,18529.20465,22046.64829,24952.58242,26923.84559,28377.51312,29585.63781,30633.13407,31527.44774,32259.50379,32716.27297,33019.13781,33164.4344,33193.21381,33139.80729,33036.44434,32913.69162
OECD ENV-Growth 2025,SSP3,1,Botswana,BWA,USD_2010/yr,GDP|PPP [per capita],ANNUAL,16499.10325,18806.19758,20931.73656,22495.17025,23729.94417,24897.31535,26082.00809,27177.74713,28134.35255,28957.30456,29725.90528,30503.44209,31263.20465,32013.82963,32701.39298,33357.35213
OECD ENV-Growth 2025,SSP3,1,Botswana,BWA,USD_2015/yr,GDP|PPP [per capita],ANNUAL,16523.54592,18834.0581,20962.74597,22528.49582,23765.099,24934.19959,26120.64739,27218.00972,28176.03231,29000.20348,29769.94285,30548.63154,31309.51966,32061.25665,32749.8386,33406.76952
OECD ENV-Growth 2025,SSP3,1,Botswana,BWA,USD_2017/yr,GDP|PPP [per capita],ANNUAL,16845.39401,19200.9107,21371.06147,22967.30923,24227.99915,25419.87165,26629.42927,27748.16618,28724.84928,29565.07378,30349.80625,31143.66236,31919.37117,32685.7506,33387.74485,34057.47158
OECD ENV-Growth 2025,SSP3,1,Brazil,BRA,USD_2010/yr,GDP|PPP [per capita],ANNUAL,15402.68303,16315.8389,17952.56923,19947.7575,22196.64084,24606.33718,27105.66984,29545.84069,31941.15745,34228.35163,36470.58299,38648.1072,40777.70249,42851.28646,44863.38943,46829.72582
OECD ENV-Growth 2025,SSP3,1,Brazil,BRA,USD_2015/yr,GDP|PPP [per capita],ANNUAL,15674.09454,16603.34117,18268.91242,20299.25801,22587.76905,25039.92678,27583.30031,30066.46954,32503.99431,34831.49125,37113.2331,39329.12758,41496.24858,43606.37129,45653.92963,47654.91494
OECD ENV-Growth 2025,SSP3,1,Brazil,BRA,USD_2017/yr,GDP|PPP [per capita],ANNUAL,15999.26357,16947.78801,18647.91259,20720.37899,23056.36664,25559.39594,28155.53337,30690.21752,33178.31028,35554.09263,37883.17066,40145.03528,42357.11458,44511.01312,46601.04936,48643.54638
OECD ENV-Growth 2025,SSP3,1,Brunei Darussalam,BRN,USD_2010/yr,GDP|PPP [per capita],ANNUAL,71470.6687,79615.54348,84956.74319,86945.78175,87507.31792,87339.67108,86774.13847,85777.25805,84459.55238,82454.50065,80216.83049,77871.45293,75569.80096,73386.10381,71338.14209,69446.37634
OECD ENV-Growth 2025,SSP3,1,Brunei Darussalam,BRN,USD_2015/yr,GDP|PPP [per capita],ANNUAL,59751.35627,66560.68552,71026.06878,72688.95725,73158.41624,73018.25908,72545.45897,71712.04074,70610.4042,68934.12829,67063.37726,65102.58002,63178.33851,61352.71034,59640.56055,58058.99469
OECD ENV-Growth 2025,SSP3,1,Brunei Darussalam,BRN,USD_2017/yr,GDP|PPP [per capita],ANNUAL,60299.41768,67171.2046,71677.54599,73355.68709,73829.45213,73688.00939,73210.87259,72369.80995,71258.06878,69566.41745,67678.50721,65699.72482,63757.83346,61915.45996,60187.6057,58591.53313
OECD ENV-Growth 2025,SSP3,1,Bulgaria,BGR,USD_2010/yr,GDP|PPP [per capita],ANNUAL,23196.70483,27559.38281,31018.15281,33453.58152,35239.4246,36789.26304,38297.30235,39681.51921,40901.0976,41889.26236,42689.77475,43355.91317,43941.49654,44496.9052,45055.32082,45628.76915
OECD ENV-Growth 2025,SSP3,1,Bulgaria,BGR,USD_2015/yr,GDP|PPP [per capita],ANNUAL,25792.56595,30643.45578,34489.28449,37197.2534,39182.94387,40906.21924,42583.01789,44122.13756,45478.19465,46576.94143,47467.03633,48207.71994,48858.83387,49476.39634,50097.30228,50734.92319
OECD ENV-Growth 2025,SSP3,1,Bulgaria,BGR,USD_2017/yr,GDP|PPP [per capita],ANNUAL,28138.50091,33430.59818,37626.22008,40580.48939,42746.78618,44626.8002,46456.11026,48135.21889,49614.61469,50813.2968,51784.34932,52592.40101,53302.7363,53976.4685,54653.84827,55349.46329
OECD ENV-Growth 2025,SSP3,1,Burkina Faso,BFA,USD_2010/yr,GDP|PPP [per capita],ANNUAL,2082.494085,2414.73699,2879.048436,3289.456774,3684.857466,4091.980641,4531.599968,4982.294583,5445.210356,5899.891772,6360.58601,6827.785467,7310.821392,7810.533568,8310.059193,8789.573183
OECD ENV-Growth 2025,SSP3,1,Burkina Faso,BFA,USD_2015/yr,GDP|PPP [per capita],ANNUAL,2117.520213,2455.351218,2927.472065,3344.783191,3746.834253,4160.804961,4607.818385,5066.093376,5536.795076,5999.123923,6467.566724,6942.624157,7433.784416,7941.90141,8449.828715,8937.407803
OECD ENV-Growth 2025,SSP3,1,Burkina Faso,BFA,USD_2017/yr,GDP|PPP [per capita],ANNUAL,2391.678297,2773.248718,3306.495663,3777.8366,4231.941734,4699.509766,5204.398596,5722.007044,6253.651102,6775.838263,7304.93096,7841.494694,8396.246108,8970.149666,9543.838977,10094.54556
OECD ENV-Growth 2025,SSP3,1,Burundi,BDI,USD_2010/yr,GDP|PPP [per capita],ANNUAL,606.9587511,703.4852311,809.4486566,907.1513345,997.821454,1090.971771,1191.798272,1296.085614,1399.906858,1498.885432,1595.616555,1691.6456,1786.696195,1876.281827,1958.061781,2032.147831
OECD ENV-Growth 2025,SSP3,1,Burundi,BDI,USD_2015/yr,GDP|PPP [per capita],ANNUAL,789.9262804,915.5506382,1053.456706,1180.611826,1298.614425,1419.844877,1551.065495,1686.790224,1821.908351,1950.723986,2076.614677,2201.591648,2325.295215,2441.886408,2548.318905,2644.738172
OECD ENV-Growth 2025,SSP3,1,Burundi,BDI,USD_2017/yr,GDP|PPP [per capita],ANNUAL,774.4952373,897.6655498,1032.877652,1157.548823,1273.246267,1392.108507,1520.765758,1653.839133,1786.317756,1912.617005,2036.048447,2158.58402,2279.871064,2394.184672,2498.538033,2593.07377
OECD ENV-Growth 2025,SSP3,1,Cabo Verde,CPV,USD_2010/yr,GDP|PPP [per capita],ANNUAL,7512.431821,8971.308762,10341.96266,11359.88026,12143.05595,12801.80366,13432.73806,14045.2941,14694.16388,15336.23258,15953.55996,16511.92709,17024.81276,17509.46234,17985.57796,18460.61384
OECD ENV-Growth 2025,SSP3,1,Cabo Verde,CPV,USD_2015/yr,GDP|PPP [per capita],ANNUAL,7830.062802,9350.622101,10779.22822,11840.18411,12656.47302,13343.07306,14000.68382,14639.13916,15315.44362,15984.65944,16628.08786,17210.06316,17744.634,18249.77491,18746.02103,19241.14177
OECD ENV-Growth 2025,SSP3,1,Cabo Verde,CPV,USD_2017/yr,GDP|PPP [per capita],ANNUAL,8393.609761,10023.60708,11555.03315,12692.34838,13567.38741,14303.40357,15008.34404,15692.75043,16417.73001,17135.11078,17824.84817,18448.70952,19021.7546,19563.25162,20095.21368,20625.96935
OECD ENV-Growth 2025,SSP3,1,Cambodia,KHM,USD_2010/yr,GDP|PPP [per capita],ANNUAL,4683.777571,5998.362464,7415.936388,8777.215813,10125.14295,11543.5199,13009.80908,14594.95326,16264.05838,17940.19279,19623.63135,21293.08773,22945.74684,24599.76307,26288.20909,28026.02923
OECD ENV-Growth 2025,SSP3,1,Cambodia,KHM,USD_2015/yr,GDP|PPP [per capita],ANNUAL,5012.53048,6419.385683,7936.458685,9393.285895,10835.82363,12353.75601,13922.96358,15619.36855,17405.62764,19199.40941,21001.008,22787.64302,24556.30176,26326.41288,28133.37041,29993.16761
OECD ENV-Growth 2025,SSP3,1,Cambodia,KHM,USD_2017/yr,GDP|PPP [per capita],ANNUAL,5241.763272,6712.956705,8299.408413,9822.859172,11331.36697,12918.71736,14559.68785,16333.67272,18201.62092,20077.43583,21961.42504,23829.76636,25679.30931,27530.37107,29419.96429,31364.81364
OECD ENV-Growth 2025,SSP3,1,Cameroon,CMR,USD_2010/yr,GDP|PPP [per capita],ANNUAL,3489.407024,3920.221,4483.111278,5016.661698,5532.034814,6061.892464,6622.934184,7219.649313,7857.498302,8526.347124,9265.215569,10061.69074,10929.18463,11848.00314,12813.01479,13818.48514
OECD ENV-Growth 2025,SSP3,1,Cameroon,CMR,USD_2015/yr,GDP|PPP [per capita],ANNUAL,3802.18139,4271.611546,4884.956714,5466.332136,6027.900923,6605.252571,7216.583485,7866.785409,8561.808242,9290.60959,10095.7068,10963.57433,11908.82638,12910.00354,13961.5144,15057.11048
OECD ENV-Growth 2025,SSP3,1,Cameroon,CMR,USD_2017/yr,GDP|PPP [per capita],ANNUAL,4000.081418,4493.94498,5139.214197,5750.849673,6341.647596,6949.049864,7592.199988,8276.24432,9007.44245,9774.177234,10621.17901,11534.21824,12528.66979,13581.9573,14688.19832,15840.81916
OECD ENV-Growth 2025,SSP3,1,Canada,CAN,USD_2010/yr,GDP|PPP [per capita],ANNUAL,45839.39052,50049.31578,54116.51179,57997.66514,61417.85436,64222.89567,66644.15823,68531.84472,70015.64101,71044.34167,71677.3776,72030.92306,72211.82855,72252.8596,72119.72051,71755.92557
OECD ENV-Growth 2025,SSP3,1,Canada,CAN,USD_2015/yr,GDP|PPP [per capita],ANNUAL,48206.47111,52633.79089,56911.01109,60992.58165,64589.38455,67539.27418,70085.56728,72070.7312,73631.14861,74712.9699,75378.6949,75750.49694,75940.74413,75983.89396,75843.87977,75461.29898
OECD ENV-Growth 2025,SSP3,1,Canada,CAN,USD_2017/yr,GDP|PPP [per capita],ANNUAL,51284.35283,55994.34765,60544.65937,64886.82961,68713.28082,71851.51469,74560.38324,76672.2957,78332.34248,79483.23578,80191.46592,80587.00673,80789.40081,80835.30567,80686.35186,80279.34409
OECD ENV-Growth 2025,SSP3,1,Central African Republic,CAF,USD_2010/yr,GDP|PPP [per capita],ANNUAL,645.3767826,683.1189483,779.6214535,881.536183,993.940246,1118.704981,1255.981255,1399.938203,1558.271423,1729.881179,1920.93144,2131.724933,2363.971228,2624.846226,2918.175498,3242.124175
OECD ENV-Growth 2025,SSP3,1,Central African Republic,CAF,USD_2015/yr,GDP|PPP [per capita],ANNUAL,746.1250195,789.759025,901.3263072,1019.150703,1149.101897,1293.343359,1452.049506,1618.479232,1801.529474,1999.928821,2220.803486,2464.50345,2733.005162,3034.604736,3373.724945,3748.24448
OECD ENV-Growth 2025,SSP3,1,Central African Republic,CAF,USD_2017/yr,GDP|PPP [per capita],ANNUAL,808.4500508,855.7288755,976.6155534,1104.282012,1245.08824,1401.378424,1573.341553,1753.673423,1952.014149,2166.986115,2406.310798,2670.367415,2961.297509,3288.090185,3655.537654,4061.341412
OECD ENV-Growth 2025,SSP3,1,Chad,TCD,USD_2010/yr,GDP|PPP [per capita],ANNUAL,1538.998271,1576.721233,1797.332368,2008.678837,2214.387608,2429.32835,2662.218621,2908.698852,3171.000143,3446.755755,3728.853321,4020.435668,4311.834632,4617.562888,4939.667423,5276.473407
OECD ENV-Growth 2025,SSP3,1,Chad,TCD,USD_2015/yr,GDP|PPP [per capita],ANNUAL,1448.932543,1484.44787,1692.148333,1891.12632,2084.796539,2287.158453,2506.419448,2738.475088,2985.425902,3245.04366,3510.632226,3785.150501,4059.496126,4347.332459,4650.586695,4967.682016
OECD ENV-Growth 2025,SSP3,1,Chad,TCD,USD_2017/yr,GDP|PPP [per capita],ANNUAL,1470.316831,1506.356316,1717.122157,1919.036791,2115.565321,2320.913823,2543.410815,2778.891283,3029.486757,3292.936123,3562.444417,3841.014212,4119.408808,4411.493217,4719.223075,5040.998295
OECD ENV-Growth 2025,SSP3,1,Chile,CHL,USD_2010/yr,GDP|PPP [per capita],ANNUAL,22985.14184,24227.33553,26020.98273,27696.36653,29143.45478,30378.95461,31415.32,32267.68492,33087.85802,33885.13304,34633.25938,35335.84815,36011.15675,36658.1604,37260.30525,37796.65898
OECD ENV-Growth 2025,SSP3,1,Chile,CHL,USD_2015/yr,GDP|PPP [per capita],ANNUAL,25006.85463,26358.30843,28309.72012,30132.46629,31706.83663,33051.00778,34178.52915,35105.86586,35998.17923,36865.58047,37679.51005,38443.89668,39178.60365,39882.51605,40537.62398,41121.15398
OECD ENV-Growth 2025,SSP3,1,Chile,CHL,USD_2017/yr,GDP|PPP [per capita],ANNUAL,26950.06189,28406.53309,30509.5831,32473.96938,34170.67929,35619.30192,36834.43958,37833.83683,38795.48919,39730.29356,40607.47115,41431.25596,42223.05479,42981.6661,43687.6805,44316.55485
OECD ENV-Growth 2025,SSP3,1,China,CHN,USD_2010/yr,GDP|PPP [per capita],ANNUAL,21528.70175,25951.44096,29611.87209,32090.82402,34206.15778,36250.65996,38190.37228,40157.99032,42003.42879,43421.28151,44469.35593,45345.57708,46149.29307,46897.11809,47557.31907,48084.76091
OECD ENV-Growth 2025,SSP3,1,China,CHN,USD_2015/yr,GDP|PPP [per capita],ANNUAL,21134.83804,25476.66403,29070.12824,31503.72819,33580.36229,35587.46068,37491.68631,39423.30713,41234.98364,42626.897,43655.79709,44515.98794,45305.00009,46039.14377,46687.2665,47205.05889
OECD ENV-Growth 2025,SSP3,1,China,CHN,USD_2017/yr,GDP|PPP [per capita],ANNUAL,20667.66612,24913.51885,28427.55186,30807.35865,32838.0901,34800.82288,36662.95684,38551.88043,40323.51099,41684.65701,42690.81393,43531.99082,44303.56236,45021.47828,45655.27467,46161.62159
OECD ENV-Growth 2025,SSP3,1,Colombia,COL,USD_2010/yr,GDP|PPP [per capita],ANNUAL,14728.5385,16314.72353,18305.26574,20508.54434,22658.41164,24689.0339,26578.62549,28247.44877,29751.23496,31105.64364,32340.30588,33426.16789,34371.08537,35194.52305,35909.02187,36540.18701
OECD ENV-Growth 2025,SSP3,1,Colombia,COL,USD_2015/yr,GDP|PPP [per capita],ANNUAL,15218.01222,16856.91096,18913.60489,21190.10508,23411.41894,25509.5249,27461.91331,29186.19663,30739.95816,32139.37792,33415.0717,34537.02018,35513.34012,36364.14311,37102.38689,37754.52755
OECD ENV-Growth 2025,SSP3,1,Colombia,COL,USD_2017/yr,GDP|PPP [per capita],ANNUAL,16332.6678,18091.609,20298.94713,22742.19141,25126.2072,27377.99063,29473.3833,31323.96314,32991.53119,34493.45257,35862.58558,37066.71208,38114.54336,39027.66411,39819.98114,40519.88837
OECD ENV-Growth 2025,SSP3,1,Comoros,COM,USD_2010/yr,GDP|PPP [per capita],ANNUAL,2681.551147,2978.877497,3315.025376,3911.986875,4674.509005,5523.343712,6413.215111,7307.050282,8188.242435,9057.530171,9910.489665,10752.38454,11549.84286,12297.48741,12996.2588,13673.06785
OECD ENV-Growth 2025,SSP3,1,Comoros,COM,USD_2015/yr,GDP|PPP [per capita],ANNUAL,3137.077884,3484.912353,3878.163131,4576.533073,5468.588148,6461.618092,7502.65581,8548.330642,9579.214732,10596.17215,11594.02758,12578.93879,13511.86482,14386.51499,15203.98971,15995.77125
OECD ENV-Growth 2025,SSP3,1,Comoros,COM,USD_2017/yr,GDP|PPP [per capita],ANNUAL,3426.455781,3806.376035,4235.901999,4998.692663,5973.034831,7057.666236,8194.733864,9336.866353,10462.84374,11573.60979,12663.5118,13739.27557,14758.25881,15713.59057,16606.47277,17471.29172
OECD ENV-Growth 2025,SSP3,1,Congo,COG,USD_2010/yr,GDP|PPP [per capita],ANNUAL,3965.811923,4301.45229,4624.519139,4905.362874,5188.724873,5510.465004,5887.750182,6302.866238,6748.508802,7220.961151,7742.597015,8306.230782,8887.942269,9468.243377,10048.15644,10644.26732
OECD ENV-Growth 2025,SSP3,1,Congo,COG,USD_2015/yr,GDP|PPP [per capita],ANNUAL,3402.758552,3690.745767,3967.944612,4208.915046,4452.04621,4728.106699,5051.826127,5408.005325,5790.376974,6195.75204,6643.327703,7126.938539,7626.060479,8123.97228,8621.551127,9133.028084
OECD ENV-Growth 2025,SSP3,1,Congo,COG,USD_2017/yr,GDP|PPP [per capita],ANNUAL,3887.121044,4216.101531,4532.757986,4808.029132,5085.768574,5401.124637,5770.923604,6177.802798,6614.602784,7077.680585,7588.965987,8141.415958,8711.584944,9280.371536,9848.777779,10433.06045
OECD ENV-Growth 2025,SSP3,1,Costa Rica,CRI,USD_2010/yr,GDP|PPP [per capita],ANNUAL,19268.52937,21444.73867,24340.69697,27327.59598,30327.72882,33196.56948,35924.70382,38444.74759,40710.5038,42618.03747,44231.56992,45565.61216,46685.51251,47604.82933,48342.32143,48907.10842
OECD ENV-Growth 2025,SSP3,1,Costa Rica,CRI,USD_2015/yr,GDP|PPP [per capita],ANNUAL,22506.44497,25048.34808,28430.94802,31919.77048,35424.05061,38774.97601,41961.55056,44905.06666,47551.5643,49779.64308,51664.3162,53222.53311,54530.62337,55604.42372,56465.8452,57125.53993
OECD ENV-Growth 2025,SSP3,1,Costa Rica,CRI,USD_2017/yr,GDP|PPP [per capita],ANNUAL,24501.26441,27268.46467,30950.87544,34748.9236,38563.79947,42211.72829,45680.73931,48885.14882,51766.21416,54191.77482,56243.49265,57939.81938,59363.84994,60532.82471,61470.59678,62188.7624
OECD ENV-Growth 2025,SSP3,1,Croatia,HRV,USD_2010/yr,GDP|PPP [per capita],ANNUAL,29903.78989,34934.41445,38266.15995,40226.60579,41450.32173,42308.31051,42967.03631,43454.71638,43788.32743,43947.73648,43989.06878,43928.35848,43815.4389,43671.45282,43507.00749,43325.53624
OECD ENV-Growth 2025,SSP3,1,Croatia,HRV,USD_2015/yr,GDP|PPP [per capita],ANNUAL,33403.90139,39023.33917,42745.05133,44934.95901,46301.90571,47260.31843,47996.14528,48540.90622,48913.56503,49091.63224,49137.80231,49069.98612,48943.84978,48783.01074,48599.31779,48396.60611
OECD ENV-Growth 2025,SSP3,1,Croatia,HRV,USD_2017/yr,GDP|PPP [per capita],ANNUAL,35606.78645,41596.80895,45563.95663,47898.28202,49355.37467,50376.99178,51161.34416,51742.03042,52139.26494,52329.07513,52378.28997,52306.00151,52171.54687,52000.10099,51804.29405,51588.21415
OECD ENV-Growth 2025,SSP3,1,Cuba,CUB,USD_2017/yr,GDP|PPP [per capita],ANNUAL,7247.949632,8714.100731,10613.18784,13242.36757,16463.16372,20099.59473,23980.48388,27966.7523,32039.7238,36053.48813,40010.59019,43839.32939,47545.13405,51068.78241,54453.50112,57628.32258
OECD ENV-Growth 2025,SSP3,1,Curaçao,CUW,USD_2010/yr,GDP|PPP [per capita],ANNUAL,17170.72428,18952.14587,20505.1675,21843.694,23078.84293,24464.42418,26042.99582,27763.99242,29644.54145,31673.81154,33912.44721,36362.06839,38982.92869,41724.58057,44566.96659,47506.13488
OECD ENV-Growth 2025,SSP3,1,Curaçao,CUW,USD_2015/yr,GDP|PPP [per capita],ANNUAL,17228.01994,19015.38583,20573.58962,21916.58254,23155.85294,24546.05763,26129.89668,27856.63595,29743.46003,31779.50144,34025.60704,36483.40218,39113.00782,41863.80811,44715.67866,47664.65444
OECD ENV-Growth 2025,SSP3,1,Curaçao,CUW,USD_2017/yr,GDP|PPP [per capita],ANNUAL,18212.2269,20101.7019,21748.92317,23168.63895,24478.70673,25948.33141,27622.65244,29448.03733,31442.65241,33595.00934,35969.43107,38567.63578,41347.46625,44255.41499,47270.20797,50387.65363
OECD ENV-Growth 2025,SSP3,1,Cyprus,CYP,USD_2010/yr,GDP|PPP [per capita],ANNUAL,29062.94966,32914.42179,36062.38666,38285.74643,39835.92617,41000.47157,42110.82657,43254.84771,44450.74967,45510.3242,46374.16326,47047.4282,47613.8662,48154.55627,48711.84651,49274.32594
OECD ENV-Growth 2025,SSP3,1,Cyprus,CYP,USD_2015/yr,GDP|PPP [per capita],ANNUAL,30841.27718,34928.41633,38269.00144,40628.40597,42273.43938,43509.24193,44687.53824,45901.56069,47170.63847,48295.04711,49211.74346,49926.20469,50527.30236,51101.07661,51692.46679,52289.36366
OECD ENV-Growth 2025,SSP3,1,Cyprus,CYP,USD_2017/yr,GDP|PPP [per capita],ANNUAL,33399.58521,37825.75574,41443.445,43998.56398,45780.05419,47118.36753,48394.40443,49709.13099,51083.47977,52301.15899,53293.89601,54067.62236,54718.58155,55339.95082,55980.39728,56626.80722
OECD ENV-Growth 2025,SSP3,1,Czechia,CZE,USD_2010/yr,GDP|PPP [per capita],ANNUAL,34758.39857,38136.52523,40659.19128,42305.58506,43162.89318,43619.82404,44111.17522,44610.60077,45186.21082,45663.48631,45907.91013,45873.92686,45627.41579,45251.31469,44784.98727,44203.73573
OECD ENV-Growth 2025,SSP3,1,Czechia,CZE,USD_2015/yr,GDP|PPP [per capita],ANNUAL,39124.67392,42927.15361,45766.71154,47619.92177,48584.9231,49099.25263,49652.32629,50214.48861,50862.40555,51399.63536,51674.76318,51636.511,51359.03375,50935.68763,50410.78116,49756.51405
OECD ENV-Growth 2025,SSP3,1,Czechia,CZE,USD_2017/yr,GDP|PPP [per capita],ANNUAL,41740.599,45797.31728,48826.73164,50803.84984,51833.37238,52382.09063,52972.1435,53571.89269,54263.13018,54836.27986,55129.80307,55088.9933,54792.96357,54341.312,53781.30962,53083.29738
OECD ENV-Growth 2025,SSP3,1,Côte d'Ivoire,CIV,USD_2010/yr,GDP|PPP [per capita],ANNUAL,6002.100471,7285.619071,8689.347225,9856.747653,10898.70777,11903.38866,12896.30605,13866.4729,14825.23971,15781.05542,16770.63412,17772.91312,18732.39467,19621.02153,20448.49422,21256.93918
OECD ENV-Growth 2025,SSP3,1,Côte d'Ivoire,CIV,USD_2015/yr,GDP|PPP [per capita],ANNUAL,6530.998626,7927.619402,9455.042459,10725.31286,11859.0893,12952.30151,14032.71363,15088.37046,16131.6227,17171.66378,18248.44302,19339.04168,20383.07164,21350.00327,22250.3919,23130.07609
OECD ENV-Growth 2025,SSP3,1,Côte d'Ivoire,CIV,USD_2017/yr,GDP|PPP [per capita],ANNUAL,6308.497905,7657.538036,9132.924222,10359.91854,11455.06902,12511.03723,13554.64143,14574.33371,15582.04401,16586.65254,17626.74763,18680.19133,19688.65285,20622.64266,21492.35649,22342.07124
OECD ENV-Growth 2025,SSP3,1,Democratic Republic of the Congo,COD,USD_2010/yr,GDP|PPP [per capita],ANNUAL,891.3565168,976.1770546,1083.901411,1223.347967,1380.380264,1550.54731,1728.63294,1906.548355,2086.687018,2266.64213,2447.38783,2627.941577,2807.530796,2992.759465,3181.258999,3371.84047
OECD ENV-Growth 2025,SSP3,1,Democratic Republic of the Congo,COD,USD_2015/yr,GDP|PPP [per capita],ANNUAL,1072.795769,1174.881873,1304.533961,1472.365433,1661.362293,1866.167535,2080.503221,2294.634043,2511.440666,2728.026375,2945.563598,3162.869796,3379.015133,3601.947852,3828.817235,4058.192342
OECD ENV-Growth 2025,SSP3,1,Democratic Republic of the Congo,COD,USD_2017/yr,GDP|PPP [per capita],ANNUAL,1263.742153,1383.998512,1536.727311,1734.431022,1957.06734,2198.325764,2450.810952,2703.054814,2958.450739,3213.58643,3469.842995,3725.827415,3980.444354,4243.056756,4510.306508,4780.507975
OECD ENV-Growth 2025,SSP3,1,Denmark,DNK,USD_2010/yr,GDP|PPP [per capita],ANNUAL,52731.82447,55769.43161,57782.72366,59040.34087,59987.53731,60610.25792,60941.52214,60856.48537,60492.58516,59774.59587,58854.91119,57833.00104,56672.96102,55320.26963,53765.44469,52066.42683
OECD ENV-Growth 2025,SSP3,1,Denmark,DNK,USD_2015/yr,GDP|PPP [per capita],ANNUAL,57793.66178,61122.85513,63329.40727,64707.74577,65745.86556,66428.36241,66791.42538,66698.22574,66299.394,65512.48342,64504.5163,63384.51088,62113.11621,60630.57716,58926.50135,57064.39124
OECD ENV-Growth 2025,SSP3,1,Denmark,DNK,USD_2017/yr,GDP|PPP [per capita],ANNUAL,62327.15182,65917.49604,68297.13605,69783.59513,70903.14782,71639.18156,72030.72416,71930.21369,71500.09652,70651.45857,69564.4238,68356.56214,66985.43586,65386.60246,63548.85437,61540.67534
OECD ENV-Growth 2025,SSP3,1,Djibouti,DJI,USD_2010/yr,GDP|PPP [per capita],ANNUAL,5694.341379,7011.239119,8790.800219,10215.27034,11488.76832,12775.33105,14101.47653,15429.04295,16697.37065,17836.95698,18892.613,19906.15021,20896.94881,21880.41391,22829.24925,23719.45647
OECD ENV-Growth 2025,SSP3,1,Djibouti,DJI,USD_2015/yr,GDP|PPP [per capita],ANNUAL,5792.490233,7132.086297,8942.320283,10391.34287,11686.79112,12995.52932,14344.53252,15694.98115,16985.17001,18144.39848,19218.25001,20249.25676,21257.13297,22257.54928,23222.73895,24128.28996
OECD ENV-Growth 2025,SSP3,1,Djibouti,DJI,USD_2017/yr,GDP|PPP [per capita],ANNUAL,5692.758792,7009.290536,8788.357056,10212.43128,11485.57533,12771.7805,14097.55741,15424.75487,16692.73007,17831.99968,18887.36231,19900.61784,20891.14107,21874.33284,22822.90448,23712.86429
OECD ENV-Growth 2025,SSP3,1,Dominican Republic,DOM,USD_2010/yr,GDP|PPP [per capita],ANNUAL,19130.08116,23055.07048,26533.67599,29158.25753,31245.57097,33073.77584,34709.903,36121.53938,37447.36509,38681.35758,39807.28886,40782.95755,41600.96088,42324.55617,42970.49935,43591.04281
OECD ENV-Growth 2025,SSP3,1,Dominican Republic,DOM,USD_2015/yr,GDP|PPP [per capita],ANNUAL,20606.40761,24834.30028,28581.36033,31408.4888,33656.88656,35626.17954,37388.5716,38909.14825,40337.29196,41666.5154,42879.33821,43930.30222,44811.43335,45590.87069,46286.66326,46955.09594
OECD ENV-Growth 2025,SSP3,1,Dominican Republic,DOM,USD_2017/yr,GDP|PPP [per capita],ANNUAL,21428.02227,25824.48865,29720.95075,32660.80193,34998.84736,37046.65961,38879.32143,40460.52621,41945.61258,43327.83456,44589.0148,45681.88264,46598.14606,47408.66098,48132.19605,48827.28035
OECD ENV-Growth 2025,SSP3,1,Ecuador,ECU,USD_2010/yr,GDP|PPP [per capita],ANNUAL,9821.503514,10604.90761,11448.99973,12242.32425,12960.75244,13668.55355,14388.65505,15119.45292,15877.69469,16629.67285,17377.45778,18099.67468,18803.02805,19495.29343,20187.07585,20888.26088
OECD ENV-Growth 2025,SSP3,1,Ecuador,ECU,USD_2015/yr,GDP|PPP [per capita],ANNUAL,10388.08638,11216.68349,12109.46959,12948.55941,13708.43229,14457.06503,15218.70774,15991.66388,16793.6471,17589.00537,18379.92852,19143.80866,19887.73708,20619.93787,21351.62782,22093.26282
OECD ENV-Growth 2025,SSP3,1,Ecuador,ECU,USD_2017/yr,GDP|PPP [per capita],ANNUAL,11174.98406,12066.34741,13026.76207,13929.41296,14746.84621,15552.18789,16371.52505,17203.03262,18065.76609,18921.37276,19772.20834,20593.95242,21394.23342,22181.89843,22969.01391,23766.82776
OECD ENV-Growth 2025,SSP3,1,Egypt,EGY,USD_2010/yr,GDP|PPP [per capita],ANNUAL,12886.24717,15653.68081,18403.04887,20692.31718,22585.93485,24402.93333,26250.84932,28029.00755,29749.1445,31320.36059,32772.50644,34050.90359,35176.32463,36174.17183,37122.28624,38004.74328
OECD ENV-Growth 2025,SSP3,1,Egypt,EGY,USD_2015/yr,GDP|PPP [per capita],ANNUAL,15117.72554,18364.38857,21589.85764,24275.55267,26497.08327,28628.72671,30796.64157,32882.7189,34900.72756,36744.02711,38447.63733,39947.41124,41267.71855,42438.3604,43550.65735,44585.92721
OECD ENV-Growth 2025,SSP3,1,Egypt,EGY,USD_2017/yr,GDP|PPP [per capita],ANNUAL,13866.22904,16844.12231,19802.57613,22265.94024,24303.56501,26258.74379,28247.19131,30160.57611,32011.52717,33702.23215,35264.81174,36640.42929,37851.43709,38925.16925,39945.38649,40894.9532
OECD ENV-Growth 2025,SSP3,1,El Salvador,SLV,USD_2010/yr,GDP|PPP [per capita],ANNUAL,8310.460349,8976.376574,9911.197438,10885.78279,11848.84186,12851.62402,13910.72956,14988.53038,16110.42297,17265.25037,18456.48916,19621.16039,20759.39861,21891.00778,23023.69603,24170.00763
OECD ENV-Growth 2025,SSP3,1,El Salvador,SLV,USD_2015/yr,GDP|PPP [per capita],ANNUAL,9271.100002,10013.99217,11056.87275,12144.11436,13218.49731,14337.19511,15518.72694,16721.11511,17972.69179,19261.01034,20589.94923,21889.24951,23159.06128,24421.47772,25685.09798,26963.91636
OECD ENV-Growth 2025,SSP3,1,El Salvador,SLV,USD_2017/yr,GDP|PPP [per capita],ANNUAL,9934.123256,10730.1434,11847.60565,13012.60141,14163.81891,15362.52045,16628.54959,17916.92662,19258.00988,20638.46261,22062.44064,23454.66046,24815.28289,26167.98112,27521.96925,28892.2424
OECD ENV-Growth 2025,SSP3,1,Equatorial Guinea,GNQ,USD_2010/yr,GDP|PPP [per capita],ANNUAL,11139.07228,9711.041795,10101.47354,10551.41666,11049.20304,11627.90786,12293.37284,13016.30449,13764.03382,14488.34881,15223.08946,15961.62184,16649.88604,17268.34056,17816.88783,18324.50603
OECD ENV-Growth 2025,SSP3,1,Equatorial Guinea,GNQ,USD_2015/yr,GDP|PPP [per capita],ANNUAL,9964.456999,8687.012343,9036.273059,9438.769672,9884.064474,10401.74486,10997.03656,11643.73505,12312.61632,12960.55229,13617.81453,14278.46866,14894.15539,15447.39388,15938.09683,16392.18669
OECD ENV-Growth 2025,SSP3,1,Equatorial Guinea,GNQ,USD_2017/yr,GDP|PPP [per capita],ANNUAL,11734.65285,10230.26886,10641.5761,11115.57664,11639.97851,12249.62535,12950.67121,13712.25635,14499.96504,15263.00749,16037.03304,16815.05305,17540.11714,18191.63901,18769.51583,19304.27522
OECD ENV-Growth 2025,SSP3,1,Eritrea,ERI,USD_2010/yr,GDP|PPP [per capita],ANNUAL,1631.713576,1747.24177,1973.893907,2283.033528,2659.26805,3081.314159,3522.225483,3945.912763,4348.637804,4744.465157,5146.976426,5530.545576,5870.581165,6163.392423,6427.405863,6683.160759
OECD ENV-Growth 2025,SSP3,1,Eritrea,ERI,USD_2015/yr,GDP|PPP [per capita],ANNUAL,1786.12047,1912.580944,2160.680872,2499.073966,2910.911063,3372.894836,3855.529015,4319.30926,4760.143638,5193.42761,5634.027987,6053.893777,6426.106484,6746.626083,7035.622765,7315.579408
OECD ENV-Growth 2025,SSP3,1,Eritrea,ERI,USD_2017/yr,GDP|PPP [per capita],ANNUAL,1825.701682,1954.964576,2208.562507,2554.45454,2975.418128,3447.639664,3940.969228,4415.027047,4865.630508,5308.516242,5758.880517,6188.050716,6568.51182,6896.134274,7191.535249,7477.695854
OECD ENV-Growth 2025,SSP3,1,Estonia,EST,USD_2010/yr,GDP|PPP [per capita],ANNUAL,31470.41259,37965.96106,41459.03472,43206.74459,43756.60612,43929.49761,44070.00105,44260.3411,44292.81344,43947.57489,43229.19738,42218.21664,41036.0758,39778.05642,38473.71183,37106.30012
OECD ENV-Growth 2025,SSP3,1,Estonia,EST,USD_2015/yr,GDP|PPP [per capita],ANNUAL,35591.0045,42937.05039,46887.49114,48864.03816,49485.89604,49681.42514,49840.32547,50055.58777,50092.31189,49701.86938,48889.43081,47746.07687,46409.15191,44986.41323,43511.28372,41964.82938
OECD ENV-Growth 2025,SSP3,1,Estonia,EST,USD_2017/yr,GDP|PPP [per capita],ANNUAL,37980.95617,45820.29228,50036.00687,52145.27989,52808.89581,53017.55478,53187.12533,53416.84259,53456.03275,53039.37186,52172.37767,50952.24701,49525.54695,48007.27075,46433.08563,44782.7862
OECD ENV-Growth 2025,SSP3,1,Eswatini,SWZ,USD_2010/yr,GDP|PPP [per capita],ANNUAL,10157.01755,11195.45242,12456.984,13741.82171,15070.21855,16471.86808,17952.14437,19461.4091,20921.47933,22230.64345,23426.17806,24560.76114,25654.19825,26698.86987,27686.30974,28611.19692
OECD ENV-Growth 2025,SSP3,1,Eswatini,SWZ,USD_2015/yr,GDP|PPP [per capita],ANNUAL,10341.62555,11398.9344,12683.39484,13991.58501,15344.12601,16771.2511,18278.43202,19815.12826,21301.73587,22634.69459,23851.95854,25007.16313,26120.47392,27184.13288,28189.51988,29131.21727
OECD ENV-Growth 2025,SSP3,1,Eswatini,SWZ,USD_2017/yr,GDP|PPP [per capita],ANNUAL,9748.534458,10745.20677,11956.00354,13189.16915,14464.14207,15809.42169,17230.16596,18678.73283,20080.08366,21336.59735,22484.05134,23573.00508,24622.46761,25625.12585,26572.85401,27460.54516
OECD ENV-Growth 2025,SSP3,1,Ethiopia,ETH,USD_2010/yr,GDP|PPP [per capita],ANNUAL,2238.816872,2753.294641,3295.255912,3785.944392,4252.14528,4713.293301,5173.808776,5614.282079,6065.833914,6514.04875,6985.663199,7442.636646,7854.138892,8209.975837,8523.57005,8819.176786
OECD ENV-Growth 2025,SSP3,1,Ethiopia,ETH,USD_2015/yr,GDP|PPP [per capita],ANNUAL,2566.864357,3156.727094,3778.100413,4340.688083,4875.200065,5403.918797,5931.912298,6436.926904,6954.643349,7468.533833,8009.25261,8533.18508,9004.983582,9412.960306,9772.504588,10111.42574
OECD ENV-Growth 2025,SSP3,1,Ethiopia,ETH,USD_2017/yr,GDP|PPP [per capita],ANNUAL,2775.711679,3413.567312,4085.497316,4693.858706,5271.86009,5843.596869,6414.549411,6960.653429,7520.492744,8076.194806,8660.907988,9227.469081,9737.65444,10178.8253,10567.62312,10934.11985
OECD ENV-Growth 2025,SSP3,1,Fiji,FJI,USD_2010/yr,GDP|PPP [per capita],ANNUAL,11509.56296,13001.69924,14451.77409,15840.11955,17209.70409,18686.88756,20293.27982,21967.60293,23681.73373,25462.85181,27339.14218,29299.66234,31361.3421,33481.19135,35674.65194,37904.11298
OECD ENV-Growth 2025,SSP3,1,Fiji,FJI,USD_2015/yr,GDP|PPP [per capita],ANNUAL,13978.95373,15791.22967,17552.41986,19238.63652,20902.0671,22696.18208,24647.22776,26680.77894,28762.67859,30925.93772,33204.78848,35585.94064,38089.95631,40664.62179,43328.69203,46036.48666
OECD ENV-Growth 2025,SSP3,1,Fiji,FJI,USD_2017/yr,GDP|PPP [per capita],ANNUAL,14156.83435,15992.1713,17775.77244,19483.44602,21168.04356,22984.98846,24960.86098,27020.28887,29128.68046,31319.46682,33627.3157,36038.76776,38574.64674,41182.07456,43880.04479,46622.29581
OECD ENV-Growth 2025,SSP3,1,Finland,FIN,USD_2010/yr,GDP|PPP [per capita],ANNUAL,43234.5776,46728.66855,48939.03228,50385.7539,51250.89244,51731.21357,52353.46876,52965.47673,53423.66508,53497.12229,53271.30269,52894.25753,52480.72771,52028.56635,51441.51902,50623.44802
OECD ENV-Growth 2025,SSP3,1,Finland,FIN,USD_2015/yr,GDP|PPP [per capita],ANNUAL,48006.02699,51885.73239,54340.03602,55946.42057,56907.03742,57440.3677,58131.29615,58810.84646,59319.60134,59401.16543,59150.42395,58731.76738,58272.59963,57770.53689,57118.70191,56210.34705
OECD ENV-Growth 2025,SSP3,1,Finland,FIN,USD_2017/yr,GDP|PPP [per capita],ANNUAL,50913.92489,55028.63803,57631.60766,59335.29671,60354.10158,60919.73759,61652.51806,62373.23119,62912.80318,62999.3079,62733.37811,62289.362,61802.3808,61269.90632,60578.58735,59615.21017
OECD ENV-Growth 2025,SSP3,1,France,FRA,USD_2010/yr,GDP|PPP [per capita],ANNUAL,41966.62452,44814.01669,46556.87177,47672.50474,48478.87595,49205.29471,49913.09709,50427.08734,50659.09003,50577.70259,50342.31246,50094.54217,49891.21052,49687.28531,49406.74083,49011.72063
OECD ENV-Growth 2025,SSP3,1,France,FRA,USD_2015/yr,GDP|PPP [per capita],ANNUAL,46428.10992,49578.20928,51506.34784,52740.58411,53632.68091,54436.32548,55219.37455,55788.00727,56044.67424,55954.63449,55694.21995,55420.10913,55195.16122,54969.55665,54659.1874,54222.17248
OECD ENV-Growth 2025,SSP3,1,France,FRA,USD_2017/yr,GDP|PPP [per capita],ANNUAL,49263.88705,52606.39096,54652.29807,55961.92012,56908.5052,57761.23548,58592.11231,59195.47648,59467.82039,59372.2811,59095.96074,58805.10753,58566.42006,58327.03582,57997.70955,57534.00225
OECD ENV-Growth 2025,SSP3,1,French Guiana,GUF,USD_2017/yr,GDP|PPP [per capita],ANNUAL,50039.61017,52192.26404,53696.78581,54997.34147,56404.77505,57889.49175,59491.66708,61009.71176,62654.7808,64374.44139,66162.45816,67778.97029,69180.20751,70435.7362,71691.36301,72992.02403
OECD ENV-Growth 2025,SSP3,1,French Polynesia,PYF,USD_2017/yr,GDP|PPP [per capita],ANNUAL,17486.93154,19273.18001,20572.30016,21534.22237,22267.17818,23024.52506,23903.38015,24848.86677,25819.13111,26762.99661,27723.03298,28753.69866,29856.81195,31019.86843,32218.64112,33452.87994
OECD ENV-Growth 2025,SSP3,1,Gabon,GAB,USD_2010/yr,GDP|PPP [per capita],ANNUAL,14751.1496,15719.01946,17207.73985,18347.41173,19280.48958,20148.76616,21036.02719,21979.43332,22993.37386,24016.50319,24989.56915,25876.64353,26686.91215,27464.73186,28254.14967,29062.92598
OECD ENV-Growth 2025,SSP3,1,Gabon,GAB,USD_2015/yr,GDP|PPP [per capita],ANNUAL,13581.48118,14472.60537,15843.2801,16892.58355,17751.67451,18551.10252,19368.00962,20236.60989,21170.15167,22112.15363,23008.0619,23824.79716,24570.81685,25286.96061,26013.78282,26758.42852
OECD ENV-Growth 2025,SSP3,1,Gabon,GAB,USD_2017/yr,GDP|PPP [per capita],ANNUAL,14330.65939,15270.93955,16717.22309,17824.40795,18730.88787,19574.41372,20436.38284,21352.89662,22337.93419,23331.89862,24277.22677,25139.01457,25926.186,26681.8335,27448.74849,28234.47015
OECD ENV-Growth 2025,SSP3,1,Gambia,GMB,USD_2010/yr,GDP|PPP [per capita],ANNUAL,2512.906354,2897.081221,3410.921634,3862.087505,4283.144548,4716.182748,5167.223059,5624.080854,6070.490866,6502.932566,6933.653157,7358.897483,7760.622168,8129.963918,8464.307158,8778.711719
OECD ENV-Growth 2025,SSP3,1,Gambia,GMB,USD_2015/yr,GDP|PPP [per capita],ANNUAL,2431.327103,2803.030077,3300.189122,3736.708297,4144.096101,4563.076104,4999.473796,5441.500112,5873.417824,6291.820691,6708.558325,7119.997475,7508.680528,7866.031929,8189.521016,8493.718715
OECD ENV-Growth 2025,SSP3,1,Gambia,GMB,USD_2017/yr,GDP|PPP [per capita],ANNUAL,2421.611597,2791.829258,3287.001671,3721.77653,4127.536425,4544.842197,4979.496058,5419.756051,5849.947833,6266.678776,6681.751139,7091.546191,7478.67608,7834.599516,8156.795951,8459.778085
OECD ENV-Growth 2025,SSP3,1,Georgia,GEO,USD_2010/yr,GDP|PPP [per capita],ANNUAL,15905.68141,21120.98284,26153.8965,29624.88506,31904.5184,33688.14448,35381.09106,37046.87173,38558.74198,39669.98946,40417.94958,40921.39242,41326.6964,41701.9204,42029.01412,42281.94353
OECD ENV-Growth 2025,SSP3,1,Georgia,GEO,USD_2015/yr,GDP|PPP [per capita],ANNUAL,19598.46661,26024.59249,32225.98606,36502.82599,39311.71652,41509.44293,43595.43699,45647.9581,47510.83576,48880.079,49801.69128,50422.01728,50921.41975,51383.75863,51786.79294,52098.44439
OECD ENV-Growth 2025,SSP3,1,Georgia,GEO,USD_2017/yr,GDP|PPP [per capita],ANNUAL,20437.01789,27138.09569,33604.82566,38064.65693,40993.73027,43285.48987,45460.73647,47601.07793,49543.66175,50971.49021,51932.53513,52579.40276,53100.17294,53582.29373,54002.5725,54327.55844
OECD ENV-Growth 2025,SSP3,1,Germany,DEU,USD_2010/yr,GDP|PPP [per capita],ANNUAL,45551.66878,48378.64716,50542.51237,52322.35107,53656.14903,54569.83189,55160.58597,55465.12111,55572.32039,55481.45929,55276.87986,54950.70366,54458.19374,53777.98049,52930.35365,51966.80275
OECD ENV-Growth 2025,SSP3,1,Germany,DEU,USD_2015/yr,GDP|PPP [per capita],ANNUAL,51153.07229,54327.67892,56757.63058,58756.33272,60254.14532,61280.18205,61943.58006,62285.56331,62405.94469,62303.91057,62074.17439,61707.88891,61154.81597,60390.95817,59439.10024,58357.06329
OECD ENV-Growth 2025,SSP3,1,Germany,DEU,USD_2017/yr,GDP|PPP [per capita],ANNUAL,54969.61248,58381.0771,60992.32791,63140.15358,64749.71826,65852.30778,66565.20204,66932.70073,67062.06378,66952.41687,66705.54003,66311.92593,65717.58811,64896.73874,63873.86251,62711.09459
OECD ENV-Growth 2025,SSP3,1,Ghana,GHA,USD_2010/yr,GDP|PPP [per capita],ANNUAL,5918.909454,6833.865115,7760.351924,8533.328944,9219.078285,9887.778962,10597.51063,11299.27728,12003.49666,12652.38429,13290.42988,13917.23066,14512.80327,15054.59428,15530.20379,15953.94703
OECD ENV-Growth 2025,SSP3,1,Ghana,GHA,USD_2015/yr,GDP|PPP [per capita],ANNUAL,6145.071742,7094.987976,8056.875964,8859.388536,9571.340446,10265.59226,11002.44287,11731.02411,12462.15181,13135.83351,13798.25891,14449.00983,15067.33934,15629.83225,16123.61487,16563.54939
OECD ENV-Growth 2025,SSP3,1,Ghana,GHA,USD_2017/yr,GDP|PPP [per capita],ANNUAL,5649.819835,6523.179139,7407.545354,8145.38075,8799.954072,9438.25381,10115.71916,10785.5816,11457.78527,12077.17271,12686.21102,13284.51575,13853.01202,14370.17174,14824.15876,15228.63749
OECD ENV-Growth 2025,SSP3,1,Greece,GRC,USD_2010/yr,GDP|PPP [per capita],ANNUAL,28434.57085,31974.49003,34454.23604,36695.398,38545.36726,40099.97528,41611.40253,42954.28428,43987.82223,44527.94105,44633.46536,44434.08688,44095.52802,43701.15346,43240.61699,42645.79267
OECD ENV-Growth 2025,SSP3,1,Greece,GRC,USD_2015/yr,GDP|PPP [per capita],ANNUAL,32502.45322,36548.79731,39383.29863,41945.08379,44059.71177,45836.72381,47564.37757,49099.37353,50280.77061,50898.15944,51018.78018,50790.87839,50403.88491,49953.09067,49426.66932,48746.74876
OECD ENV-Growth 2025,SSP3,1,Greece,GRC,USD_2017/yr,GDP|PPP [per capita],ANNUAL,34324.3557,38597.51479,41590.90212,44296.28637,46529.44836,48406.06957,50230.56577,51851.60486,53099.22433,53751.22047,53878.60252,53637.92586,53229.23973,52753.17653,52197.24699,51479.21395
OECD ENV-Growth 2025,SSP3,1,Grenada,GRD,USD_2010/yr,GDP|PPP [per capita],ANNUAL,12983.3636,14576.80824,16128.976,17308.11912,18017.9241,18549.53445,19083.54035,19684.36255,20339.99131,20921.78427,21433.61807,21894.30359,22343.82678,22800.40099,23260.42604,23714.72803
OECD ENV-Growth 2025,SSP3,1,Grenada,GRD,USD_2015/yr,GDP|PPP [per capita],ANNUAL,14980.12843,16818.63547,18609.51749,19970.00587,20788.97467,21402.34355,22018.47642,22711.70153,23468.16213,24139.43142,24729.98224,25261.51848,25780.17569,26306.96832,26837.74252,27361.91347
OECD ENV-Growth 2025,SSP3,1,Grenada,GRD,USD_2017/yr,GDP|PPP [per capita],ANNUAL,16030.03136,17997.3927,19913.79115,21369.63123,22245.9986,22902.35628,23561.67166,24303.48242,25112.9606,25831.27672,26463.21711,27032.0068,27587.01481,28150.72843,28718.70268,29279.61087
OECD ENV-Growth 2025,SSP3,1,Guam,GUM,USD_2017/yr,GDP|PPP [per capita],ANNUAL,39819.94724,48459.34206,54879.6341,59755.50597,64026.58064,68215.14948,72232.3195,75667.51261,78320.0301,80203.70485,81651.30119,82936.88059,84084.61252,85043.08347,85712.50215,86122.33715
OECD ENV-Growth 2025,SSP3,1,Guatemala,GTM,USD_2010/yr,GDP|PPP [per capita],ANNUAL,8664.850165,9609.600273,10652.88622,11773.79714,12987.52351,14258.03342,15561.98676,16803.11543,17955.23676,18971.51713,19898.85272,20732.7421,21469.1066,22120.49739,22691.66246,23194.17467
OECD ENV-Growth 2025,SSP3,1,Guatemala,GTM,USD_2015/yr,GDP|PPP [per capita],ANNUAL,9568.023608,10611.24896,11763.28095,13001.02908,14341.26721,15744.20766,17184.07749,18554.57418,19826.78591,20948.99742,21972.99306,22893.80221,23706.92106,24426.20902,25056.90901,25611.80015
OECD ENV-Growth 2025,SSP3,1,Guatemala,GTM,USD_2017/yr,GDP|PPP [per capita],ANNUAL,9487.813632,10522.29349,11664.66784,12892.03978,14221.04251,15612.22194,17040.02115,18399.02879,19660.57541,20773.37927,21788.79063,22701.88051,23508.18288,24221.44096,24846.85371,25397.09313
OECD ENV-Growth 2025,SSP3,1,Guinea,GIN,USD_2010/yr,GDP|PPP [per capita],ANNUAL,2686.135009,3130.962691,3756.912976,4440.941852,5151.806253,5875.459917,6600.461966,7309.231126,8013.3427,8682.883739,9348.190009,9979.205695,10586.4276,11134.54705,11629.41208,12076.0474
OECD ENV-Growth 2025,SSP3,1,Guinea,GIN,USD_2015/yr,GDP|PPP [per capita],ANNUAL,2647.601526,3086.04801,3703.018834,4377.235092,5077.901911,5791.174528,6505.776186,7204.377821,7898.388685,8558.324939,9214.087174,9836.050734,10434.56185,10974.81834,11462.58437,11902.81256
OECD ENV-Growth 2025,SSP3,1,Guinea,GIN,USD_2017/yr,GDP|PPP [per capita],ANNUAL,3038.438969,3541.608675,4249.656384,5023.400066,5827.498926,6646.064444,7466.155195,8267.884009,9064.344365,9821.700036,10574.26552,11288.04299,11974.90598,12594.91483,13154.68461,13659.89903
OECD ENV-Growth 2025,SSP3,1,Guinea-Bissau,GNB,USD_2010/yr,GDP|PPP [per capita],ANNUAL,1765.962229,2028.69381,2313.979375,2582.288593,2841.883619,3112.338812,3401.277605,3694.97735,3994.404616,4296.429599,4603.429939,4904.347143,5190.196295,5461.556893,5721.649798,5977.800403
OECD ENV-Growth 2025,SSP3,1,Guinea-Bissau,GNB,USD_2015/yr,GDP|PPP [per capita],ANNUAL,2136.415583,2454.261477,2799.3926,3123.986176,3438.037546,3765.227268,4114.777971,4470.088352,4832.32774,5197.709779,5569.110876,5933.152754,6278.965689,6607.250745,6921.904438,7231.788837
OECD ENV-Growth 2025,SSP3,1,Guinea-Bissau,GNB,USD_2017/yr,GDP|PPP [per capita],ANNUAL,2432.072965,2793.905378,3186.799008,3556.312911,3913.825679,4286.295007,4684.21984,5088.70143,5501.070929,5917.017988,6339.817079,6754.238513,7147.908311,7521.624556,7879.823001,8232.592132
OECD ENV-Growth 2025,SSP3,1,Guyana,GUY,USD_2010/yr,GDP|PPP [per capita],ANNUAL,63082.16054,124757.3202,177376.0762,226032.355,264853.3317,278393.1753,263801.087,232800.9625,199193.7159,170303.3367,147691.4769,130249.1937,116609.7435,105695.1048,96803.25682,89478.43242
OECD ENV-Growth 2025,SSP3,1,Guyana,GUY,USD_2015/yr,GDP|PPP [per capita],ANNUAL,73301.78414,144968.6263,206111.8823,262650.7201,307760.8881,323494.2536,306538.1745,270515.8757,231464.0881,197893.3239,171618.2304,151350.2106,135501.1016,122818.2372,112485.8656,103974.3833
OECD ENV-Growth 2025,SSP3,1,Guyana,GUY,USD_2017/yr,GDP|PPP [per capita],ANNUAL,73717.10632,145790.0072,207279.6961,264138.8785,309504.6372,325327.1467,308274.9958,272048.5975,232775.5455,199014.572,172590.6058,152207.7491,136268.8403,123514.1157,113123.2018,104563.494
OECD ENV-Growth 2025,SSP3,1,Haiti,HTI,USD_2010/yr,GDP|PPP [per capita],ANNUAL,2493.960253,2591.717739,2964.576528,3341.910126,3679.411333,4019.359402,4386.242099,4766.266269,5149.179869,5498.770702,5829.532328,6146.759684,6457.919363,6766.036992,7067.278425,7356.551394
OECD ENV-Growth 2025,SSP3,1,Haiti,HTI,USD_2015/yr,GDP|PPP [per capita],ANNUAL,2546.020739,2645.818877,3026.460953,3411.671248,3756.217667,4103.262024,4477.80326,4865.760292,5256.66707,5613.555481,5951.221632,6275.07099,6592.726011,6907.27548,7214.805215,7510.116649
OECD ENV-Growth 2025,SSP3,1,Haiti,HTI,USD_2017/yr,GDP|PPP [per capita],ANNUAL,2724.966569,2831.77897,3239.174289,3651.458903,4020.221599,4391.6578,4792.523485,5207.747888,5626.129359,6008.101498,6369.50035,6716.111303,7056.092553,7392.749978,7721.894291,8037.961546
OECD ENV-Growth 2025,SSP3,1,Honduras,HND,USD_2010/yr,GDP|PPP [per capita],ANNUAL,4694.200725,5235.532983,5853.281886,6501.778008,7142.832768,7806.477271,8491.701151,9170.683062,9858.635724,10554.64787,11244.98479,11901.9573,12518.12479,13101.2543,13661.11394,14211.68042
OECD ENV-Growth 2025,SSP3,1,Honduras,HND,USD_2015/yr,GDP|PPP [per capita],ANNUAL,5519.643123,6156.164876,6882.540608,7645.070241,8398.850002,9179.191753,9984.907466,10783.2836,11592.20793,12410.60895,13222.33679,13994.83333,14719.34957,15405.01833,16063.32538,16710.70512
OECD ENV-Growth 2025,SSP3,1,Honduras,HND,USD_2017/yr,GDP|PPP [per capita],ANNUAL,6045.558334,6742.728296,7538.313583,8373.497539,9199.097929,10053.79115,10936.27599,11810.72192,12696.72109,13593.09989,14482.1697,15328.27022,16121.81884,16872.81856,17593.84954,18302.91205
OECD ENV-Growth 2025,SSP3,1,Hong Kong,HKG,USD_2010/yr,GDP|PPP [per capita],ANNUAL,60348.37768,68212.19008,72733.03975,74210.70016,74152.66594,72671.90165,70505.17689,68186.24837,66133.69254,64034.9116,61804.21505,59313.0791,56733.98724,54292.22763,52173.11528,50433.83765
OECD ENV-Growth 2025,SSP3,1,Hong Kong,HKG,USD_2015/yr,GDP|PPP [per capita],ANNUAL,62123.12239,70218.19634,74871.99662,76393.11256,76333.37164,74809.06056,72578.61605,70191.49172,68078.57366,65918.07109,63621.7735,61057.37741,58402.43878,55888.87111,53707.43921,51917.01234
OECD ENV-Growth 2025,SSP3,1,Hong Kong,HKG,USD_2017/yr,GDP|PPP [per capita],ANNUAL,63014.65371,71225.90038,75946.48753,77489.43305,77428.83479,75882.64826,73620.19456,71198.81252,69055.57189,66864.06387,64534.81202,61933.61419,59240.57442,56690.93445,54478.19674,52662.07539
OECD ENV-Growth 2025,SSP3,1,Hungary,HUN,USD_2010/yr,GDP|PPP [per capita],ANNUAL,33014.34383,38169.42966,41813.44822,44161.31884,45625.33816,46660.05534,47406.53932,47911.84736,48220.11557,48269.3198,48041.99131,47533.54241,46783.12969,45843.53593,44760.24098,43558.363
OECD ENV-Growth 2025,SSP3,1,Hungary,HUN,USD_2015/yr,GDP|PPP [per capita],ANNUAL,36183.92955,41833.9362,45827.80358,48401.08463,50005.65905,51139.71562,51957.86678,52511.68759,52849.55149,52903.47964,52654.32618,52097.06298,51274.60588,50244.80519,49057.50707,47740.24121
OECD ENV-Growth 2025,SSP3,1,Hungary,HUN,USD_2017/yr,GDP|PPP [per capita],ANNUAL,37162.45412,42965.25431,47067.12813,49709.9986,51357.96564,52522.69059,53362.96706,53931.76489,54278.76567,54334.1522,54078.26087,53505.92755,52661.2287,51603.57903,50384.17272,49031.28395
OECD ENV-Growth 2025,SSP3,1,Iceland,ISL,USD_2010/yr,GDP|PPP [per capita],ANNUAL,51732.92282,57193.81122,61207.35311,64138.28628,66225.91639,67517.83955,68191.68442,68240.50504,67789.35036,66816.1816,65469.47233,63863.2714,62048.28156,60059.16665,57912.71956,55640.99358
OECD ENV-Growth 2025,SSP3,1,Iceland,ISL,USD_2015/yr,GDP|PPP [per capita],ANNUAL,58245.36359,64393.70034,68912.49019,72212.38624,74562.81936,76017.37731,76776.04969,76831.01613,76323.06748,75227.39058,73711.14973,71902.7509,69859.27959,67619.76334,65203.10903,62645.40499
OECD ENV-Growth 2025,SSP3,1,Iceland,ISL,USD_2017/yr,GDP|PPP [per capita],ANNUAL,61728.1262,68244.10074,73033.09017,76530.30244,79021.27894,80562.81171,81366.84866,81425.1018,80886.78052,79725.58798,78118.684,76202.15255,74036.49254,71663.06514,69101.90777,66391.26664
OECD ENV-Growth 2025,SSP3,1,India,IND,USD_2010/yr,GDP|PPP [per capita],ANNUAL,8054.975955,10182.11358,12050.01783,13679.97413,15126.4761,16533.42478,17910.27713,19186.11029,20357.96998,21422.81111,22444.26937,23387.52792,24228.8946,24954.86712,25592.56694,26190.61789
OECD ENV-Growth 2025,SSP3,1,India,IND,USD_2015/yr,GDP|PPP [per capita],ANNUAL,8199.895515,10365.30312,12266.81342,13926.09477,15398.6212,16830.88273,18232.50646,19531.29353,20724.2365,21808.23552,22848.07114,23808.30016,24664.80412,25403.83784,26053.01072,26661.82138
OECD ENV-Growth 2025,SSP3,1,India,IND,USD_2017/yr,GDP|PPP [per capita],ANNUAL,8172.770091,10331.01449,12226.23455,13880.02696,15347.68225,16775.20582,18172.19295,19466.6836,20655.6803,21736.09343,22772.48925,23729.54181,24583.21244,25319.80142,25966.82682,26573.62352
OECD ENV-Growth 2025,SSP3,1,Indonesia,IDN,USD_2010/yr,GDP|PPP [per capita],ANNUAL,14508.13303,17286.73136,19521.9497,21388.972,22875.63622,24128.07334,25305.26485,26341.99887,27226.25222,28005.18793,28713.91056,29344.00943,29891.83304,30361.14469,30762.0053,31104.47074
OECD ENV-Growth 2025,SSP3,1,Indonesia,IDN,USD_2015/yr,GDP|PPP [per capita],ANNUAL,14268.95979,17001.75165,19200.12139,21036.36497,22498.52085,23730.31097,24888.09593,25907.73891,26777.41494,27543.50954,28240.54856,28860.25995,29399.05244,29860.62727,30254.87951,30591.69925
OECD ENV-Growth 2025,SSP3,1,Indonesia,IDN,USD_2017/yr,GDP|PPP [per capita],ANNUAL,14133.02832,16839.78659,19017.21383,20835.96466,22284.1915,23504.24712,24651.00259,25660.93207,26522.32324,27281.11973,27971.51849,28585.32629,29118.98603,29576.16373,29966.66017,30300.27124
OECD ENV-Growth 2025,SSP3,1,Iran,IRN,USD_2010/yr,GDP|PPP [per capita],ANNUAL,19746.99388,21137.54069,22884.56784,23938.59077,24540.4407,24880.36298,25106.08931,25381.72821,25697.41062,25852.65707,25879.41089,25822.06604,25720.93103,25604.36579,25487.45332,25365.05833
OECD ENV-Growth 2025,SSP3,1,Iran,IRN,USD_2015/yr,GDP|PPP [per capita],ANNUAL,16038.71443,17168.13107,18587.08474,19443.17316,19932.00196,20208.09037,20391.42766,20615.30444,20871.70499,20997.79778,21019.52751,20972.95143,20890.80851,20796.13301,20701.17548,20601.765
OECD ENV-Growth 2025,SSP3,1,Iran,IRN,USD_2017/yr,GDP|PPP [per capita],ANNUAL,16250.34265,17394.66175,18832.33829,19699.72265,20195.00146,20474.73282,20660.48921,20887.32001,21147.10372,21274.86028,21296.87673,21249.68609,21166.45931,21070.53458,20974.32411,20873.60191
OECD ENV-Growth 2025,SSP3,1,Iraq,IRQ,USD_2010/yr,GDP|PPP [per capita],ANNUAL,13393.80498,13970.91437,16389.37975,21044.42614,25592.5056,29567.52952,33068.61226,36221.07275,39227.62236,42083.84852,44756.66461,47164.34509,49344.72681,51397.35597,53395.49084,55362.12895
OECD ENV-Growth 2025,SSP3,1,Iraq,IRQ,USD_2015/yr,GDP|PPP [per capita],ANNUAL,9604.640771,10018.48347,11752.75474,15090.86876,18352.27726,21202.75007,23713.36166,25973.97771,28129.96169,30178.14936,32094.81444,33821.35191,35384.8944,36856.82607,38289.68011,39699.94796
OECD ENV-Growth 2025,SSP3,1,Iraq,IRQ,USD_2017/yr,GDP|PPP [per capita],ANNUAL,9469.501515,9877.521358,11587.39108,14878.53716,18094.05698,20904.42305,23379.70982,25608.51854,27734.16739,29753.53664,31643.23385,33345.47858,34887.02171,36338.243,37750.93649,39141.36159
OECD ENV-Growth 2025,SSP3,1,Ireland,IRL,USD_2010/yr,GDP|PPP [per capita],ANNUAL,93914.73888,103193.0589,109691.7937,116266.7712,123873.3291,131269.653,137335.8571,141915.6387,144751.3369,145257.02,143776.713,141054.6615,137868.2332,134626.1126,131291.2764,127622.7303
OECD ENV-Growth 2025,SSP3,1,Ireland,IRL,USD_2015/yr,GDP|PPP [per capita],ANNUAL,114028.1008,125293.5234,133184.0674,141167.1828,150402.8082,159383.1746,166748.5546,172309.1705,175752.1795,176366.1627,174568.8241,171263.8012,167394.9476,163458.4744,159409.429,154955.2044
OECD ENV-Growth 2025,SSP3,1,Ireland,IRL,USD_2017/yr,GDP|PPP [per capita],ANNUAL,116666.1559,128192.2055,136265.2983,144433.1042,153882.397,163070.5253,170606.3044,176295.5658,179818.2293,180446.4171,178607.4968,175226.0118,171267.6517,167240.1077,163097.3872,158540.1135
OECD ENV-Growth 2025,SSP3,1,Israel,ISR,USD_2010/yr,GDP|PPP [per capita],ANNUAL,42090.95774,46683.99765,50065.29361,52614.09889,54546.53726,55861.57649,57156.51544,58367.01069,59381.71133,60039.16338,60384.59315,60487.45139,60455.67056,60350.10756,60177.33675,59919.8255
OECD ENV-Growth 2025,SSP3,1,Israel,ISR,USD_2015/yr,GDP|PPP [per capita],ANNUAL,46906.95252,52025.52232,55793.70195,58634.13833,60787.6839,62253.18826,63696.29252,65045.29112,66176.09254,66908.76943,67293.72284,67408.35,67372.93284,67255.29145,67062.75243,66775.77706
OECD ENV-Growth 2025,SSP3,1,Israel,ISR,USD_2017/yr,GDP|PPP [per capita],ANNUAL,49218.13784,54588.90828,58542.75252,61523.14204,63782.79645,65320.50871,66834.71717,68250.18323,69436.70115,70205.47828,70609.39899,70729.67403,70692.51181,70569.07403,70367.04828,70065.93315
OECD ENV-Growth 2025,SSP3,1,Italy,ITA,USD_2010/yr,GDP|PPP [per capita],ANNUAL,37454.35656,39988.92388,42510.98067,44489.31864,46062.33436,47306.45722,48442.29863,49364.76348,50018.99769,50231.3648,50020.95693,49541.11935,48961.29097,48371.52241,47758.40724,47046.77931
OECD ENV-Growth 2025,SSP3,1,Italy,ITA,USD_2015/yr,GDP|PPP [per capita],ANNUAL,41671.39307,44491.33074,47297.3493,49498.43102,51248.55471,52632.75503,53896.48235,54922.80876,55650.70409,55886.98191,55652.88393,55119.02079,54473.90875,53817.73735,53135.59071,52343.83964
OECD ENV-Growth 2025,SSP3,1,Italy,ITA,USD_2017/yr,GDP|PPP [per capita],ANNUAL,45451.99948,48527.77392,51588.36645,53989.13968,55898.04205,57407.82292,58786.20098,59905.6401,60699.57319,60957.28713,60701.95079,60119.65331,59416.01396,58700.31189,57956.278,57092.6959
OECD ENV-Growth 2025,SSP3,1,Jamaica,JAM,USD_2010/yr,GDP|PPP [per capita],ANNUAL,8865.992983,9389.828203,9944.905241,10517.09186,11055.45082,11652.64173,12347.42369,13126.42145,13979.45801,14893.6345,15882.283,16930.01029,18033.48477,19181.80613,20371.37481,21611.84452
OECD ENV-Growth 2025,SSP3,1,Jamaica,JAM,USD_2015/yr,GDP|PPP [per capita],ANNUAL,9860.904101,10443.5223,11060.88817,11697.28359,12296.05534,12960.26094,13733.00894,14599.42314,15548.18452,16564.94674,17664.53795,18829.83759,20057.14016,21334.32218,22657.38015,24037.05108
OECD ENV-Growth 2025,SSP3,1,Jamaica,JAM,USD_2017/yr,GDP|PPP [per capita],ANNUAL,10645.31476,11274.27881,11940.75461,12627.77373,13274.17629,13991.21782,14825.43601,15760.77134,16785.00435,17882.6475,19069.70849,20327.70485,21652.63632,23031.41502,24459.71901,25949.13936
OECD ENV-Growth 2025,SSP3,1,Japan,JPN,USD_2010/yr,GDP|PPP [per capita],ANNUAL,41068.04191,43835.09809,46108.39886,47368.04718,48060.42208,48632.92461,49037.69,49201.33553,49193.57978,49036.96537,48795.3392,48545.14507,48343.96575,48183.74275,48013.2495,47761.39971
OECD ENV-Growth 2025,SSP3,1,Japan,JPN,USD_2015/yr,GDP|PPP [per capita],ANNUAL,44790.08873,47807.92659,50287.25939,51661.07118,52416.19686,53040.586,53482.03576,53660.51269,53652.05403,53481.24547,53217.72041,52944.85089,52725.43844,52550.69423,52364.74897,52090.07373
OECD ENV-Growth 2025,SSP3,1,Japan,JPN,USD_2017/yr,GDP|PPP [per capita],ANNUAL,44246.34539,47227.54727,49676.78143,51033.91539,51779.87399,52396.68316,52832.7738,53009.08405,53000.72808,52831.9931,52571.66719,52302.11026,52085.36143,51912.73858,51729.05067,51457.70993
OECD ENV-Growth 2025,SSP3,1,Jordan,JOR,USD_2010/yr,GDP|PPP [per capita],ANNUAL,8019.131542,8491.077983,9001.767072,9563.799591,10165.79475,10880.82193,11684.80344,12524.74231,13331.3699,14084.56144,14797.16812,15512.57685,16243.93515,16983.13663,17706.08715,18408.86233
OECD ENV-Growth 2025,SSP3,1,Jordan,JOR,USD_2015/yr,GDP|PPP [per capita],ANNUAL,8944.548097,9470.957674,10040.58084,10667.47253,11338.93859,12136.48069,13033.24255,13970.11127,14869.82457,15709.93525,16504.77751,17302.7452,18118.50305,18943.00919,19749.38899,20533.26519
OECD ENV-Growth 2025,SSP3,1,Jordan,JOR,USD_2017/yr,GDP|PPP [per capita],ANNUAL,9597.267883,10162.09169,10773.28256,11445.92107,12166.38672,13022.12868,13984.33087,14989.56669,15954.93571,16856.35265,17709.19776,18565.39637,19440.68336,20325.35704,21190.58163,22031.66045
OECD ENV-Growth 2025,SSP3,1,Kazakhstan,KAZ,USD_2010/yr,GDP|PPP [per capita],ANNUAL,27142.14185,29570.11388,32174.84117,33774.47323,34282.83629,34053.71899,33734.17028,33657.61229,33892.60798,34240.06672,34567.71409,34860.45421,35193.80646,35602.24099,36074.89312,36565.21444
OECD ENV-Growth 2025,SSP3,1,Kazakhstan,KAZ,USD_2015/yr,GDP|PPP [per capita],ANNUAL,28008.92887,30514.43844,33202.34795,34853.06443,35377.66211,35141.22792,34811.4744,34732.47152,34974.97182,35333.52669,35671.63752,35973.72632,36317.7242,36739.20213,37226.94845,37732.92824
OECD ENV-Growth 2025,SSP3,1,Kazakhstan,KAZ,USD_2017/yr,GDP|PPP [per capita],ANNUAL,29409.52825,32040.32697,34862.64663,36595.90795,37146.73838,36898.48119,36552.23819,36469.28473,36723.91138,37100.39595,37455.41416,37772.60905,38133.80871,38576.36283,39088.49913,39619.78067
OECD ENV-Growth 2025,SSP3,1,Kenya,KEN,USD_2010/yr,GDP|PPP [per capita],ANNUAL,3816.449382,4497.938557,5150.338128,5717.871302,6246.693862,6768.392545,7300.554591,7806.68414,8320.092761,8822.179228,9311.286921,9757.382721,10153.34673,10509.52146,10849.90346,11184.13134
OECD ENV-Growth 2025,SSP3,1,Kenya,KEN,USD_2015/yr,GDP|PPP [per capita],ANNUAL,4882.220903,5754.020935,6588.607877,7314.628859,7991.129003,8658.515874,9339.288081,9986.758023,10643.53977,11285.83757,11911.53218,12482.20351,12988.74338,13444.38252,13879.81869,14307.38216
OECD ENV-Growth 2025,SSP3,1,Kenya,KEN,USD_2017/yr,GDP|PPP [per capita],ANNUAL,5402.384048,6367.067679,7290.573451,8093.946393,8842.522433,9581.01425,10334.31751,11050.7704,11777.5272,12488.2569,13180.61446,13812.08644,14372.59424,14876.77824,15358.60679,15831.72387
OECD ENV-Growth 2025,SSP3,1,Kiribati,KIR,USD_2010/yr,GDP|PPP [per capita],ANNUAL,1654.545814,1745.392803,2035.514619,2338.105879,2590.186875,2851.107954,3172.473145,3580.094832,4080.386345,4664.393734,5330.295395,6083.695115,6956.707332,7991.290519,9208.241322,10617.46113
OECD ENV-Growth 2025,SSP3,1,Kiribati,KIR,USD_2015/yr,GDP|PPP [per capita],ANNUAL,1804.478125,1903.557524,2219.969718,2549.981316,2824.905491,3109.470823,3459.957617,3904.517333,4450.144467,5087.073678,5813.318288,6634.989893,7587.113089,8715.448559,10042.67751,11579.59858
OECD ENV-Growth 2025,SSP3,1,Kiribati,KIR,USD_2017/yr,GDP|PPP [per capita],ANNUAL,1858.88777,1960.954667,2286.9075,2626.869795,2910.083639,3203.229346,3564.284217,4022.248548,4584.32774,5240.462001,5988.60475,6835.05186,7815.884014,8978.241694,10345.49,11928.75318
OECD ENV-Growth 2025,SSP3,1,Kosovo,XKX,USD_2010/yr,GDP|PPP [per capita],ANNUAL,13171.62661,15064.73399,16263.54444,16905.12485,17327.79621,17771.49071,18286.20132,18787.60703,19276.71089,19767.40354,20273.469,20842.5036,21484.56022,22166.17178,22814.28895,23371.72185
OECD ENV-Growth 2025,SSP3,1,Kosovo,XKX,USD_2015/yr,GDP|PPP [per capita],ANNUAL,13770.8329,15750.06191,17003.40888,17674.1762,18116.0758,18579.95494,19118.08088,19642.29664,20153.65091,20666.66624,21195.75374,21790.67497,22461.94016,23174.55974,23852.16118,24434.95294
OECD ENV-Growth 2025,SSP3,1,Kosovo,XKX,USD_2017/yr,GDP|PPP [per capita],ANNUAL,13900.44061,15898.29764,17163.4408,17840.52122,18286.57988,18754.82493,19298.01557,19827.16513,20343.33214,20861.17585,21395.24299,21995.76347,22673.34644,23392.67302,24076.65188,24664.92873
OECD ENV-Growth 2025,SSP3,1,Kuwait,KWT,USD_2010/yr,GDP|PPP [per capita],ANNUAL,59625.71066,64773.8263,71724.57525,78084.10946,82726.86999,86347.79519,89040.76192,90779.64994,91258.17156,90266.02036,88788.83991,87216.25164,85919.95469,85083.81152,84680.96357,84542.79051
OECD ENV-Growth 2025,SSP3,1,Kuwait,KWT,USD_2015/yr,GDP|PPP [per capita],ANNUAL,41040.79478,44584.27887,49368.52812,53745.84012,56941.48475,59433.79295,61287.38084,62484.26965,62813.63944,62130.73482,61113.98115,60031.55762,59139.30734,58563.78413,58286.50106,58191.39558
OECD ENV-Growth 2025,SSP3,1,Kuwait,KWT,USD_2017/yr,GDP|PPP [per capita],ANNUAL,47704.27038,51823.08251,57384.11321,62472.13541,66186.63208,69083.59704,71238.13762,72629.35599,73012.20299,72218.42044,71036.58436,69778.41611,68741.29808,68072.33163,67750.02826,67639.48123
OECD ENV-Growth 2025,SSP3,1,Kyrgyzstan,KGZ,USD_2010/yr,GDP|PPP [per capita],ANNUAL,4266.896984,4789.038467,5308.411946,5694.024505,5949.433308,6183.906025,6444.431402,6725.664926,7025.516536,7315.193082,7586.643984,7842.221452,8094.180656,8360.88831,8633.947454,8907.387358
OECD ENV-Growth 2025,SSP3,1,Kyrgyzstan,KGZ,USD_2015/yr,GDP|PPP [per capita],ANNUAL,5022.433503,5637.030219,6248.368804,6702.261514,7002.895378,7278.886018,7585.542445,7916.573796,8269.519925,8610.489298,8930.005824,9230.838219,9527.411667,9841.345061,10162.7546,10484.61232
OECD ENV-Growth 2025,SSP3,1,Kyrgyzstan,KGZ,USD_2017/yr,GDP|PPP [per capita],ANNUAL,5725.756845,6426.419452,7123.367671,7640.821868,7983.555406,8298.194773,8647.794252,9025.182031,9427.553453,9816.270938,10180.5314,10523.49127,10861.59578,11219.49127,11585.90984,11952.83934
OECD ENV-Growth 2025,SSP3,1,Laos,LAO,USD_2010/yr,GDP|PPP [per capita],ANNUAL,6808.758339,7930.715896,9145.481972,10209.76611,11188.09798,12160.86651,13118.46784,14021.63277,14891.77557,15691.10524,16454.57045,17155.73465,17803.41061,18407.8683,18992.58211,19576.12904
OECD ENV-Growth 2025,SSP3,1,Laos,LAO,USD_2015/yr,GDP|PPP [per capita],ANNUAL,7966.17872,9278.857767,10700.12185,11945.32358,13089.96202,14228.0914,15348.47532,16405.1692,17423.22752,18358.43518,19251.68179,20072.03685,20829.81121,21537.02062,22221.12988,22903.87392
OECD ENV-Growth 2025,SSP3,1,Laos,LAO,USD_2017/yr,GDP|PPP [per capita],ANNUAL,8450.914739,9843.469324,11351.21626,12672.18759,13886.47642,15093.86013,16282.41857,17403.41148,18483.41789,19475.53223,20423.13223,21293.40529,22097.28965,22847.53222,23573.26902,24297.55752
OECD ENV-Growth 2025,SSP3,1,Latvia,LVA,USD_2010/yr,GDP|PPP [per capita],ANNUAL,29519.10965,33812.22885,37102.32049,39158.87,39832.13588,39973.21833,39727.99198,39334.8369,38772.32489,37915.50471,36742.3108,35346.52133,33853.45786,32354.90517,30884.74664,29421.9038
OECD ENV-Growth 2025,SSP3,1,Latvia,LVA,USD_2015/yr,GDP|PPP [per capita],ANNUAL,33103.69878,37918.1436,41607.7604,43914.04254,44669.06501,44827.2795,44552.27462,44111.3776,43480.55817,42519.69188,41204.03371,39638.74957,37964.37917,36283.85299,34635.16893,32994.68895
OECD ENV-Growth 2025,SSP3,1,Latvia,LVA,USD_2017/yr,GDP|PPP [per capita],ANNUAL,35298.4129,40432.04653,44366.2781,46825.46249,47630.54156,47799.24538,47506.00819,47035.88051,46363.23891,45338.66896,43935.78509,42266.7255,40481.34743,38689.40546,36931.4167,35182.17592
OECD ENV-Growth 2025,SSP3,1,Lebanon,LBN,USD_2010/yr,GDP|PPP [per capita],ANNUAL,9076.460583,9612.984488,10092.37871,10589.16761,11127.78955,11746.1433,12424.16611,13067.02611,13636.93732,14113.08445,14534.34989,14921.89182,15299.81476,15646.96136,15933.69142,16166.31567
OECD ENV-Growth 2025,SSP3,1,Lebanon,LBN,USD_2015/yr,GDP|PPP [per capita],ANNUAL,10897.99322,11542.1908,12117.79348,12714.28172,13360.99838,14103.44803,14917.54157,15689.41557,16373.70087,16945.4048,17451.21297,17916.52974,18370.29711,18787.11171,19131.38492,19410.69396
OECD ENV-Growth 2025,SSP3,1,Lebanon,LBN,USD_2017/yr,GDP|PPP [per capita],ANNUAL,11756.82963,12451.79438,13072.75848,13716.25408,14413.93643,15214.8962,16093.14587,16925.84883,17664.06049,18280.8186,18826.48791,19328.47482,19818.00217,20267.66461,20639.0689,20940.38941
OECD ENV-Growth 2025,SSP3,1,Lesotho,LSO,USD_2010/yr,GDP|PPP [per capita],ANNUAL,2262.248967,2419.741139,2705.941415,2963.432452,3183.636877,3392.090906,3610.417387,3840.154132,4091.314224,4346.31701,4597.060576,4836.612496,5073.695499,5315.632014,5566.399663,5824.854644
OECD ENV-Growth 2025,SSP3,1,Lesotho,LSO,USD_2015/yr,GDP|PPP [per capita],ANNUAL,2790.054849,2984.291559,3337.265294,3654.83163,3926.412006,4183.500497,4452.764785,4736.101469,5045.859785,5360.357337,5669.601947,5965.043787,6257.440686,6555.82347,6865.097784,7183.852961
OECD ENV-Growth 2025,SSP3,1,Lesotho,LSO,USD_2017/yr,GDP|PPP [per capita],ANNUAL,2522.26132,2697.854907,3016.949709,3304.035566,3549.549262,3781.962025,4025.381935,4281.52355,4561.550812,4845.862431,5125.425293,5392.510194,5656.842413,5926.585983,6206.175697,6494.336289
OECD ENV-Growth 2025,SSP3,1,Liberia,LBR,USD_2010/yr,GDP|PPP [per capita],ANNUAL,1098.755281,1341.923978,1563.695479,1762.503686,1948.662835,2139.257288,2337.623155,2540.281425,2743.740932,2954.685766,3173.885595,3398.807688,3618.077206,3830.097024,4034.165426,4235.040391
OECD ENV-Growth 2025,SSP3,1,Liberia,LBR,USD_2015/yr,GDP|PPP [per capita],ANNUAL,1237.021381,1510.790147,1760.469119,1984.295122,2193.880324,2408.458964,2631.786963,2859.947517,3089.010134,3326.500023,3573.283706,3826.509737,4073.371878,4312.072026,4541.820161,4767.973001
OECD ENV-Growth 2025,SSP3,1,Liberia,LBR,USD_2017/yr,GDP|PPP [per capita],ANNUAL,1572.850028,1920.941999,2238.404239,2522.994901,2789.478646,3062.311457,3346.268917,3636.370882,3927.619804,4229.583848,4543.36478,4865.33704,5179.217732,5482.720597,5774.841142,6062.390336
OECD ENV-Growth 2025,SSP3,1,Libya,LBY,USD_2010/yr,GDP|PPP [per capita],ANNUAL,21423.71941,22943.26206,22809.73085,23808.57421,25659.25622,28179.03555,31165.25007,34194.614,36938.54095,39217.82025,41159.3315,42940.22686,44658.49076,46305.47596,47785.37661,49058.66588
OECD ENV-Growth 2025,SSP3,1,Libya,LBY,USD_2015/yr,GDP|PPP [per capita],ANNUAL,25790.04249,27619.27993,27458.534,28660.94952,30888.81513,33922.14537,37516.97397,41163.74619,44466.9071,47210.7215,49547.92807,51691.78396,53760.2436,55742.89738,57524.41346,59057.20914
OECD ENV-Growth 2025,SSP3,1,Libya,LBY,USD_2017/yr,GDP|PPP [per capita],ANNUAL,22226.24234,23802.70638,23664.17315,24700.43273,26620.44046,29234.60959,32332.68637,35475.52893,38322.24215,40686.90223,42701.14162,44548.74852,46331.37782,48040.05835,49575.39541,50896.38153
OECD ENV-Growth 2025,SSP3,1,Lithuania,LTU,USD_2010/yr,GDP|PPP [per capita],ANNUAL,36380.63803,43032.95371,46705.9193,48663.47622,49381.99977,49222.31761,48787.86888,48208.55653,47462.67533,46527.66375,45370.0945,44076.91167,42753.37676,41470.7554,40245.09741,39054.38964
OECD ENV-Growth 2025,SSP3,1,Lithuania,LTU,USD_2015/yr,GDP|PPP [per capita],ANNUAL,40645.5429,48077.71003,52181.25765,54368.29911,55171.05523,54992.65352,54507.27433,53860.04915,53026.72824,51982.10519,50688.83401,49244.05127,47765.35826,46332.3751,44963.03314,43632.73861
OECD ENV-Growth 2025,SSP3,1,Lithuania,LTU,USD_2017/yr,GDP|PPP [per capita],ANNUAL,43343.41012,51268.89088,55644.81342,57977.02079,58833.06023,58642.81702,58125.22056,57435.0355,56546.40252,55432.44212,54053.32945,52512.64856,50935.80661,49407.70851,47947.47582,46528.88236
OECD ENV-Growth 2025,SSP3,1,Luxembourg,LUX,USD_2010/yr,GDP|PPP [per capita],ANNUAL,95908.15101,107425.1189,111435.9268,111740.0678,108904.0715,104114.2633,98999.15094,94186.871,89987.33278,86025.61573,82212.72649,78505.89698,74973.50634,71695.22982,68695.2745,65921.91198
OECD ENV-Growth 2025,SSP3,1,Luxembourg,LUX,USD_2015/yr,GDP|PPP [per capita],ANNUAL,116068.1084,130005.9507,134859.8331,135227.9047,131795.7801,125999.151,119808.8386,113985.0142,108902.7303,104108.2576,99493.89654,95007.88898,90732.98748,86765.61504,83135.0671,79778.74193
OECD ENV-Growth 2025,SSP3,1,Luxembourg,LUX,USD_2017/yr,GDP|PPP [per capita],ANNUAL,121800.6563,136426.8819,141520.4952,141906.7457,138305.1102,132222.1883,125726.1394,119614.6791,114281.3836,109250.1143,104407.8521,99700.28279,95214.24597,91050.92692,87241.06796,83718.97551
OECD ENV-Growth 2025,SSP3,1,Macao,MAC,USD_2010/yr,GDP|PPP [per capita],ANNUAL,99903.45468,118544.7352,135635.3093,150821.7604,163861.1422,174515.7928,184091.3731,193358.4406,203058.7382,211141.474,217172.1309,221001.6699,223293.7636,224692.5297,225468.3649,225727.9538
OECD ENV-Growth 2025,SSP3,1,Macao,MAC,USD_2015/yr,GDP|PPP [per capita],ANNUAL,115365.4411,136891.8193,156627.4894,174164.3367,189221.8143,201525.4775,212583.0636,223284.3885,234485.9942,243819.6893,250783.7066,255205.9406,257852.7801,259468.0322,260363.9428,260663.7082
OECD ENV-Growth 2025,SSP3,1,Macao,MAC,USD_2017/yr,GDP|PPP [per capita],ANNUAL,118446.3491,140547.603,160810.3268,178815.5068,194275.104,206907.3444,218260.2304,229247.3411,240748.0929,250331.0502,257481.0461,262021.3787,264738.9037,266397.2922,267317.1287,267624.8994
OECD ENV-Growth 2025,SSP3,1,Madagascar,MDG,USD_2010/yr,GDP|PPP [per capita],ANNUAL,1603.179755,1794.719614,2050.166763,2302.874155,2556.030561,2825.820741,3118.737438,3428.912253,3769.984038,4141.022252,4544.889498,4965.42308,5394.099277,5836.159392,6305.30452,6814.370649
OECD ENV-Growth 2025,SSP3,1,Madagascar,MDG,USD_2015/yr,GDP|PPP [per capita],ANNUAL,1622.414096,1816.251978,2074.763885,2330.503164,2586.696844,2859.723864,3156.154864,3470.051039,3815.214874,4190.704663,4599.417355,5024.996339,5458.81563,5906.179415,6380.953167,6896.126878
OECD ENV-Growth 2025,SSP3,1,Madagascar,MDG,USD_2017/yr,GDP|PPP [per capita],ANNUAL,1622.329735,1816.157538,2074.656003,2330.381984,2586.562343,2859.575166,3155.990753,3469.870605,3815.016493,4190.486758,4599.178198,5024.735052,5458.531786,5905.872309,6380.621375,6895.768298
OECD ENV-Growth 2025,SSP3,1,Malawi,MWI,USD_2010/yr,GDP|PPP [per capita],ANNUAL,1598.857571,1759.2403,1983.879707,2297.063991,2646.108429,3011.42607,3377.870573,3728.867977,4074.538575,4415.49342,4766.600186,5115.146907,5459.182887,5780.642864,6074.281699,6344.264184
OECD ENV-Growth 2025,SSP3,1,Malawi,MWI,USD_2015/yr,GDP|PPP [per capita],ANNUAL,1508.036003,1659.308345,1871.187326,2166.581478,2495.798782,2840.364906,3185.993881,3517.053215,3843.088326,4164.675558,4495.838042,4824.585902,5149.079249,5452.279001,5729.237963,5983.884353
OECD ENV-Growth 2025,SSP3,1,Malawi,MWI,USD_2017/yr,GDP|PPP [per capita],ANNUAL,1528.313669,1681.620081,1896.348072,2195.714215,2529.358308,2878.557608,3228.834051,3564.344943,3894.764056,4220.675481,4556.29091,4889.459247,5218.315863,5525.592563,5806.275628,6064.346097
OECD ENV-Growth 2025,SSP3,1,Malaysia,MYS,USD_2010/yr,GDP|PPP [per capita],ANNUAL,31776.55676,36929.13235,41027.73949,43612.55099,45390.50054,46808.57046,48040.22212,49102.97589,50016.02476,50708.29871,51238.96552,51642.23111,51932.10211,52099.68992,52136.04522,52062.03144
OECD ENV-Growth 2025,SSP3,1,Malaysia,MYS,USD_2015/yr,GDP|PPP [per capita],ANNUAL,31411.31728,36504.66921,40556.16699,43111.26869,44868.78251,46270.55314,47488.04821,48538.58669,49441.14099,50125.45795,50650.02528,51048.65574,51335.19496,51500.85652,51536.79395,51463.63089
OECD ENV-Growth 2025,SSP3,1,Malaysia,MYS,USD_2017/yr,GDP|PPP [per capita],ANNUAL,31396.84334,36487.84831,40537.47921,43091.40355,44848.10753,46249.23224,47466.1663,48516.22071,49418.35913,50102.36076,50626.68638,51025.13315,51311.54034,51477.12556,51513.04643,51439.91708
OECD ENV-Growth 2025,SSP3,1,Maldives,MDV,USD_2010/yr,GDP|PPP [per capita],ANNUAL,19150.65408,23405.67092,27030.72652,29942.7687,32227.04208,34054.15714,35689.37707,37294.093,38874.70382,39962.31855,40639.36968,40913.47557,40945.03986,40821.45898,40608.5099,40274.88673
OECD ENV-Growth 2025,SSP3,1,Maldives,MDV,USD_2015/yr,GDP|PPP [per capita],ANNUAL,23828.60014,29122.99346,33633.54438,37256.91351,40099.16822,42372.59419,44407.25064,46403.95185,48370.65978,49723.94706,50566.38203,50907.44399,50946.71851,50792.95043,50527.9841,50112.86653
OECD ENV-Growth 2025,SSP3,1,Maldives,MDV,USD_2017/yr,GDP|PPP [per capita],ANNUAL,24560.40188,30017.39167,34666.46641,38401.11307,41330.65646,43673.90177,45771.04469,47829.06672,49856.17435,51251.02252,52119.32957,52470.86591,52511.34659,52352.85613,52079.7524,51651.88613
OECD ENV-Growth 2025,SSP3,1,Mali,MLI,USD_2010/yr,GDP|PPP [per capita],ANNUAL,1956.78918,2164.737023,2499.878873,2860.044206,3254.425263,3684.238632,4135.87615,4593.710484,5054.200137,5521.904493,6004.208809,6486.276575,6984.294689,7490.390323,8014.819724,8529.851697
OECD ENV-Growth 2025,SSP3,1,Mali,MLI,USD_2015/yr,GDP|PPP [per capita],ANNUAL,2166.297347,2396.509608,2767.534196,3166.261466,3602.867844,4078.700177,4578.693313,5085.54674,5595.339785,6113.119991,6647.063336,7180.744805,7732.084382,8292.366317,8872.944968,9443.120032
OECD ENV-Growth 2025,SSP3,1,Mali,MLI,USD_2017/yr,GDP|PPP [per capita],ANNUAL,2280.361005,2522.694802,2913.255222,3332.976974,3792.572311,4293.458996,4819.77864,5353.319796,5889.955352,6434.998623,6997.056082,7558.837875,8139.207543,8728.990418,9340.138706,9940.335619
OECD ENV-Growth 2025,SSP3,1,Malta,MLT,USD_2010/yr,GDP|PPP [per capita],ANNUAL,47707.73656,56585.46912,64158.30117,69379.03718,73112.44824,75454.0249,77057.99761,78278.46824,79111.67459,79751.48286,80026.20341,79828.73205,79139.22958,78155.67666,77144.92786,76264.26317
OECD ENV-Growth 2025,SSP3,1,Malta,MLT,USD_2015/yr,GDP|PPP [per capita],ANNUAL,51963.42115,61633.07621,69881.4294,75567.87197,79634.31539,82184.76827,83931.82053,85261.1611,86168.69215,86865.57339,87164.79991,86949.71347,86198.70514,85127.41611,84026.50525,83067.28241
OECD ENV-Growth 2025,SSP3,1,Malta,MLT,USD_2017/yr,GDP|PPP [per capita],ANNUAL,56196.23388,66653.5553,75573.79909,81723.44532,86121.13124,88879.33775,90768.7006,92206.32599,93187.78229,93941.42976,94265.03054,94032.42368,93220.24006,92061.68646,90871.0981,89833.73933
OECD ENV-Growth 2025,SSP3,1,Mauritania,MRT,USD_2010/yr,GDP|PPP [per capita],ANNUAL,5620.574503,6176.28846,6948.454451,7600.571672,8221.506692,8875.761778,9567.309278,10271.20995,10988.49784,11690.68931,12432.2478,13209.77856,13974.59501,14696.30629,15366.40914,16012.90948
OECD ENV-Growth 2025,SSP3,1,Mauritania,MRT,USD_2015/yr,GDP|PPP [per capita],ANNUAL,5132.747742,5640.229594,6345.37695,6940.894933,7507.937114,8105.40741,8736.933399,9379.740392,10034.77268,10676.01882,11353.21519,12063.26169,12761.6974,13420.76916,14032.71174,14623.10035
OECD ENV-Growth 2025,SSP3,1,Mauritania,MRT,USD_2017/yr,GDP|PPP [per capita],ANNUAL,6139.892773,6746.952444,7590.463439,8302.833645,8981.14054,9695.84614,10451.28982,11220.22806,12003.79044,12770.86156,13580.93704,14430.30849,15265.79087,16054.18534,16786.20297,17492.43732
OECD ENV-Growth 2025,SSP3,1,Mauritius,MUS,USD_2010/yr,GDP|PPP [per capita],ANNUAL,22973.11,26933.99739,30487.00337,33580.7302,36451.67577,39271.79391,42072.74511,44544.54897,46574.94966,48305.33927,49818.22996,51156.16772,52253.11346,53062.1899,53579.63913,53890.23189
OECD ENV-Growth 2025,SSP3,1,Mauritius,MUS,USD_2015/yr,GDP|PPP [per capita],ANNUAL,24019.80202,28161.15384,31876.0405,35110.72252,38112.47302,41061.0803,43989.64735,46574.0706,48696.97962,50506.20858,52088.02901,53486.92538,54633.84974,55479.78901,56020.81407,56345.55793
OECD ENV-Growth 2025,SSP3,1,Mauritius,MUS,USD_2017/yr,GDP|PPP [per capita],ANNUAL,24995.03323,29304.52863,33170.24391,36536.25769,39659.88266,42728.20674,45775.67694,48465.0307,50674.13224,52556.81794,54202.86208,55658.55523,56852.04602,57732.33138,58295.32267,58633.2515
OECD ENV-Growth 2025,SSP3,1,Mayotte,MYT,USD_2017/yr,GDP|PPP [per capita],ANNUAL,26968.17909,30647.22166,32620.65938,34044.95174,35265.94859,36482.0378,37718.69372,38847.34937,39912.70298,40918.34802,41886.02855,42817.03591,43721.1896,44609.16182,45489.39994,46377.93152
OECD ENV-Growth 2025,SSP3,1,Mexico,MEX,USD_2010/yr,GDP|PPP [per capita],ANNUAL,18172.01766,19786.68431,21327.75008,22639.4082,23748.54288,24745.8494,25595.63383,26190.27043,26617.8167,26943.10678,27181.90805,27309.32096,27323.20216,27228.67399,27034.96204,26785.14975
OECD ENV-Growth 2025,SSP3,1,Mexico,MEX,USD_2015/yr,GDP|PPP [per capita],ANNUAL,20284.36092,22086.71891,23806.92053,25271.0478,26509.11,27622.34497,28570.90965,29234.66772,29711.91263,30075.01492,30341.57482,30483.7984,30499.29318,30393.77691,30177.54758,29898.69673
OECD ENV-Growth 2025,SSP3,1,Mexico,MEX,USD_2017/yr,GDP|PPP [per capita],ANNUAL,21422.92513,23326.44973,25143.20653,26689.51548,27997.0703,29172.79131,30174.59906,30875.61397,31379.64671,31763.12999,32044.65193,32194.85855,32211.22305,32099.78413,31871.41782,31576.91503
OECD ENV-Growth 2025,SSP3,1,Micronesia,FSM,USD_2010/yr,GDP|PPP [per capita],ANNUAL,2751.938646,2771.690388,2980.656806,3262.764822,3588.581534,4024.223065,4587.50308,5255.025336,6026.443453,6923.050933,8005.89833,9327.274516,10906.0263,12732.81414,14781.79632,17072.79049
OECD ENV-Growth 2025,SSP3,1,Micronesia,FSM,USD_2015/yr,GDP|PPP [per capita],ANNUAL,2993.814347,3015.302126,3242.635196,3549.538486,3903.992154,4377.923456,4990.711751,5716.904434,6556.124679,7531.537537,8709.559465,10147.07516,11864.58791,13851.93733,16081.01037,18573.36652
OECD ENV-Growth 2025,SSP3,1,Micronesia,FSM,USD_2017/yr,GDP|PPP [per capita],ANNUAL,3086.015224,3108.164764,3342.49904,3658.854069,4024.223891,4512.750915,5144.411328,5892.968658,6758.034475,7763.487245,8977.788863,10459.57591,12229.98312,14278.53718,16576.25927,19145.37282
OECD ENV-Growth 2025,SSP3,1,Moldova,MDA,USD_2010/yr,GDP|PPP [per capita],ANNUAL,9355.339371,12235.41937,14807.76587,16517.834,17544.22756,18304.07553,19038.09856,19801.2632,20578.66517,21236.14375,21732.49373,22098.36715,22410.68486,22718.91316,23026.41168,23303.87502
OECD ENV-Growth 2025,SSP3,1,Moldova,MDA,USD_2015/yr,GDP|PPP [per capita],ANNUAL,11169.71166,14608.35369,17679.58046,19721.2988,20946.75089,21853.96359,22730.34287,23641.51548,24569.68661,25354.67642,25947.2884,26384.11923,26757.00775,27125.01378,27492.14849,27823.423
OECD ENV-Growth 2025,SSP3,1,Moldova,MDA,USD_2017/yr,GDP|PPP [per capita],ANNUAL,12361.67369,16167.26617,19566.23512,21825.83292,23182.05761,24186.0824,25155.98342,26164.39069,27191.61045,28060.36948,28716.22133,29199.66802,29612.34888,30019.62622,30425.93925,30792.56532
OECD ENV-Growth 2025,SSP3,1,Mongolia,MNG,USD_2010/yr,GDP|PPP [per capita],ANNUAL,13551.76305,15168.71441,16716.32775,17761.7859,18420.86106,19010.37622,19731.05414,20603.99604,21571.55105,22523.65731,23422.54982,24262.14348,25035.32834,25775.31218,26499.99657,27245.24605
OECD ENV-Growth 2025,SSP3,1,Mongolia,MNG,USD_2015/yr,GDP|PPP [per capita],ANNUAL,12910.12196,14450.51484,15924.85267,16920.81107,17548.68072,18110.28385,18796.83953,19628.44988,20550.19365,21457.22013,22313.55239,23113.39345,23849.97,24554.91751,25245.28997,25955.2538
OECD ENV-Growth 2025,SSP3,1,Mongolia,MNG,USD_2017/yr,GDP|PPP [per capita],ANNUAL,13348.33443,14941.01337,16465.39513,17495.15967,18144.3413,18725.00711,19434.86677,20294.70474,21247.73556,22185.54954,23070.94856,23897.93889,24659.51729,25388.39307,26102.19906,26836.26143
OECD ENV-Growth 2025,SSP3,1,Montenegro,MNE,USD_2010/yr,GDP|PPP [per capita],ANNUAL,19263.70189,22379.86533,24777.36203,26282.90289,27262.93743,28017.888,28704.19325,29302.57756,29827.0094,30237.62802,30539.84705,30767.53478,30941.07487,31086.31092,31207.22464,31305.30324
OECD ENV-Growth 2025,SSP3,1,Montenegro,MNE,USD_2015/yr,GDP|PPP [per capita],ANNUAL,20994.41529,24390.54494,27003.44052,28644.24404,29712.32807,30535.10584,31283.07098,31935.21608,32506.76457,32954.2745,33283.64587,33531.7898,33720.92129,33879.20582,34010.98282,34117.87312
OECD ENV-Growth 2025,SSP3,1,Montenegro,MNE,USD_2017/yr,GDP|PPP [per capita],ANNUAL,23494.69751,27295.2815,30219.35395,32055.56524,33250.85031,34171.61493,35008.65728,35738.46812,36378.08387,36878.88898,37247.48609,37525.18216,37736.83784,37913.9729,38061.44359,38181.06374
OECD ENV-Growth 2025,SSP3,1,Morocco,MAR,USD_2010/yr,GDP|PPP [per capita],ANNUAL,8848.309671,9963.871665,11228.15672,12358.66367,13366.49782,14378.27988,15435.12794,16510.20133,17568.71173,18557.33944,19524.01115,20507.99241,21496.89451,22506.17768,23544.84426,24629.93197
OECD ENV-Growth 2025,SSP3,1,Morocco,MAR,USD_2015/yr,GDP|PPP [per capita],ANNUAL,8741.521857,9843.62044,11092.64719,12209.51036,13205.18123,14204.75238,15248.84563,16310.94425,17356.67979,18333.37602,19288.38123,20260.48709,21237.4544,22234.55682,23260.68802,24332.6801
OECD ENV-Growth 2025,SSP3,1,Morocco,MAR,USD_2017/yr,GDP|PPP [per capita],ANNUAL,8761.717616,9866.362405,11118.27481,12237.7183,13235.6895,14237.56998,15284.07542,16348.62784,17396.77936,18375.73208,19332.94367,20307.29541,21286.51983,22285.92588,23314.42777,24388.8965
OECD ENV-Growth 2025,SSP3,1,Mozambique,MOZ,USD_2010/yr,GDP|PPP [per capita],ANNUAL,1287.838649,1830.712839,2413.572725,2836.83639,3132.722639,3387.141043,3629.538697,3862.067923,4100.030034,4339.784794,4599.896961,4866.083922,5135.306455,5387.832186,5620.251452,5837.401507
OECD ENV-Growth 2025,SSP3,1,Mozambique,MOZ,USD_2015/yr,GDP|PPP [per capita],ANNUAL,1410.672676,2005.326196,2643.779248,3107.413793,3431.521667,3710.206495,3975.724032,4230.431892,4491.090825,4753.713389,5038.63505,5330.210918,5625.111892,5901.723522,6156.310934,6394.172757
OECD ENV-Growth 2025,SSP3,1,Mozambique,MOZ,USD_2017/yr,GDP|PPP [per capita],ANNUAL,1379.320716,1960.758163,2585.021705,3038.352051,3355.256683,3627.747788,3887.364243,4136.411264,4391.277096,4648.062919,4926.652245,5211.747889,5500.094739,5770.558723,6019.487973,6252.063357
OECD ENV-Growth 2025,SSP3,1,Myanmar,MMR,USD_2010/yr,GDP|PPP [per capita],ANNUAL,4336.1415,4904.182045,5555.769033,6106.400613,6537.191133,6919.888853,7289.943778,7631.758774,7957.633029,8263.53695,8534.186592,8763.982286,8960.861356,9130.726051,9287.255507,9437.352263
OECD ENV-Growth 2025,SSP3,1,Myanmar,MMR,USD_2015/yr,GDP|PPP [per capita],ANNUAL,4689.324314,5303.632297,6008.291659,6603.7727,7069.651515,7483.520325,7883.716573,8253.372722,8605.789743,8936.609827,9229.304137,9477.816908,9690.731963,9874.432297,10043.71123,10206.0335
OECD ENV-Growth 2025,SSP3,1,Myanmar,MMR,USD_2017/yr,GDP|PPP [per capita],ANNUAL,4345.314459,4914.556674,5567.522072,6119.318494,6551.020337,6934.527641,7305.365405,7647.903498,7974.467129,8281.01818,8552.240372,8782.522191,8979.817751,9150.041789,9306.902378,9457.316658
OECD ENV-Growth 2025,SSP3,1,Namibia,NAM,USD_2010/yr,GDP|PPP [per capita],ANNUAL,9149.125839,9676.184236,10458.42889,11368.15479,12351.57054,13372.34371,14444.94709,15557.9767,16691.68643,17818.47054,18859.10593,19798.25787,20642.54062,21431.89715,22203.78093,22951.00691
OECD ENV-Growth 2025,SSP3,1,Namibia,NAM,USD_2015/yr,GDP|PPP [per capita],ANNUAL,9835.368709,10401.95985,11242.87785,12220.839,13278.01722,14375.35489,15528.41037,16724.92432,17943.66952,19154.96963,20273.65932,21283.25365,22190.86301,23039.42631,23869.20631,24672.479
OECD ENV-Growth 2025,SSP3,1,Namibia,NAM,USD_2017/yr,GDP|PPP [per capita],ANNUAL,9861.936767,10430.05843,11273.24798,12253.85088,13313.88482,14414.18671,15570.35691,16770.10297,17992.14034,19206.71251,20328.4241,21340.74562,22250.80668,23101.66219,23933.68365,24739.12621
OECD ENV-Growth 2025,SSP3,1,Nepal,NPL,USD_2010/yr,GDP|PPP [per capita],ANNUAL,3568.899403,4323.629827,5122.842926,5841.929923,6458.126502,7042.834082,7632.587556,8249.717703,8928.102774,9667.929475,10469.56708,11300.76237,12163.20561,13069.54519,14032.46873,15054.71427
OECD ENV-Growth 2025,SSP3,1,Nepal,NPL,USD_2015/yr,GDP|PPP [per capita],ANNUAL,3998.632592,4844.240532,5739.68733,6545.359998,7235.753153,7890.865703,8551.631725,9243.070861,10003.14066,10832.05031,11730.21355,12661.49353,13627.78406,14643.25649,15722.12619,16867.4609
OECD ENV-Growth 2025,SSP3,1,Nepal,NPL,USD_2017/yr,GDP|PPP [per capita],ANNUAL,4446.650407,5387.002591,6382.777716,7278.72017,8046.466877,8774.980042,9509.780111,10278.68999,11123.92011,12045.70308,13044.499,14080.12216,15154.67854,16283.9273,17483.67654,18757.33771
OECD ENV-Growth 2025,SSP3,1,Netherlands,NLD,USD_2010/yr,GDP|PPP [per capita],ANNUAL,52561.21279,56979.62191,59437.99439,60979.14903,62038.83718,62676.87242,62960.4705,62767.49573,62163.55247,61200.65058,60057.83509,58796.88238,57405.10405,55830.03444,54053.13171,52123.44179
OECD ENV-Growth 2025,SSP3,1,Netherlands,NLD,USD_2015/yr,GDP|PPP [per capita],ANNUAL,57671.61348,62519.61392,65217.00806,66908.00547,68070.72455,68770.79443,69081.96607,68870.22883,68207.56561,67151.04309,65897.11438,64513.56227,62986.46467,61258.25481,59308.58809,57191.27905
OECD ENV-Growth 2025,SSP3,1,Netherlands,NLD,USD_2017/yr,GDP|PPP [per capita],ANNUAL,60775.15768,65884.04875,68726.60065,70508.59751,71733.88724,72471.63073,72799.54778,72576.41609,71878.09227,70764.71397,69443.30626,67985.29957,66376.02264,64554.81078,62500.22456,60268.9745
OECD ENV-Growth 2025,SSP3,1,New Caledonia,NCL,USD_2017/yr,GDP|PPP [per capita],ANNUAL,40020.51734,48775.98878,55709.23236,60929.36159,65140.53897,68928.86807,72427.99833,75580.01432,78324.89756,80488.51281,82130.84275,83411.65402,84413.68542,85213.63254,85813.41373,86214.38493
OECD ENV-Growth 2025,SSP3,1,New Zealand,NZL,USD_2010/yr,GDP|PPP [per capita],ANNUAL,39145.86296,43018.10786,45810.11434,47394.22784,48297.81463,48899.02714,49414.89509,49848.81749,50203.09798,50348.63016,50342.18726,50245.37438,50081.33261,49820.44984,49406.01002,48799.38263
OECD ENV-Growth 2025,SSP3,1,New Zealand,NZL,USD_2015/yr,GDP|PPP [per capita],ANNUAL,43112.64711,47377.27983,50452.20987,52196.84701,53191.99733,53854.13277,54422.27538,54900.16862,55290.34957,55450.62902,55443.53323,55336.90997,55156.24529,54868.92638,54412.48996,53744.39093
OECD ENV-Growth 2025,SSP3,1,New Zealand,NZL,USD_2017/yr,GDP|PPP [per capita],ANNUAL,46776.46012,51403.51125,54739.756,56632.65646,57712.37697,58430.78221,59047.20691,59565.71262,59989.05206,60162.95243,60155.25363,60039.56928,59843.55128,59531.81535,59036.5899,58311.71426
OECD ENV-Growth 2025,SSP3,1,Nicaragua,NIC,USD_2010/yr,GDP|PPP [per capita],ANNUAL,5370.085023,5968.818623,6683.1383,7430.982447,8173.840605,8956.328725,9775.293456,10605.30199,11467.21648,12340.15208,13227.59181,14095.51232,14933.74807,15756.13409,16575.23495,17405.44523
OECD ENV-Growth 2025,SSP3,1,Nicaragua,NIC,USD_2015/yr,GDP|PPP [per capita],ANNUAL,5848.842104,6500.954365,7278.957503,8093.473906,8902.559805,9754.808782,10646.78635,11550.79232,12489.54873,13440.30881,14406.86611,15352.16399,16265.13064,17160.83452,18052.96036,18957.18605
OECD ENV-Growth 2025,SSP3,1,Nicaragua,NIC,USD_2017/yr,GDP|PPP [per capita],ANNUAL,6220.4519,6913.996517,7741.430565,8607.697771,9468.189443,10374.58658,11323.2365,12284.67904,13283.07992,14294.24713,15322.21525,16327.57322,17298.54576,18251.15875,19199.96635,20161.64257
OECD ENV-Growth 2025,SSP3,1,Niger,NER,USD_2010/yr,GDP|PPP [per capita],ANNUAL,1472.997407,1661.465389,1946.998316,2198.568399,2437.142606,2681.662804,2947.143709,3232.900212,3555.249646,3917.773533,4324.51808,4775.739613,5257.4563,5783.100091,6358.523834,7018.734618
OECD ENV-Growth 2025,SSP3,1,Niger,NER,USD_2015/yr,GDP|PPP [per capita],ANNUAL,1456.488752,1642.844474,1925.177284,2173.927889,2409.82827,2651.608002,2914.113523,3196.667402,3515.404097,3873.864989,4276.050937,4722.215393,5198.533228,5718.285853,6287.260521,6940.071975
OECD ENV-Growth 2025,SSP3,1,Niger,NER,USD_2017/yr,GDP|PPP [per capita],ANNUAL,1439.038965,1623.162012,1902.11227,2147.882664,2380.956788,2619.839824,2879.20034,3158.36902,3473.287019,3827.45329,4224.82076,4665.639844,5136.251047,5649.776661,6211.934602,6856.924904
OECD ENV-Growth 2025,SSP3,1,Nigeria,NGA,USD_2010/yr,GDP|PPP [per capita],ANNUAL,4856.623797,5096.00491,5617.285287,6038.767097,6416.197211,6795.200304,7205.112635,7624.462333,8058.360019,8497.579849,8940.200362,9382.622751,9834.143544,10287.99796,10759.65718,11243.79953
OECD ENV-Growth 2025,SSP3,1,Nigeria,NGA,USD_2015/yr,GDP|PPP [per capita],ANNUAL,5023.301582,5270.898178,5810.068732,6246.015665,6636.39906,7028.409419,7452.38981,7886.131456,8334.920374,8789.214089,9247.025196,9704.631381,10171.64822,10641.07878,11128.9252,11629.68316
OECD ENV-Growth 2025,SSP3,1,Nigeria,NGA,USD_2017/yr,GDP|PPP [per capita],ANNUAL,5105.142115,5356.7726,5904.727417,6347.776876,6744.520468,7142.917529,7573.805486,8014.613729,8470.714396,8932.409546,9397.679395,9862.740982,10337.36655,10814.44515,11310.23965,11819.15605
OECD ENV-Growth 2025,SSP3,1,North Korea,PRK,USD_2017/yr,GDP|PPP [per capita],ANNUAL,2221.077386,2851.247354,3580.227528,4326.165136,5012.165248,5701.660256,6438.804237,7268.041216,8235.793613,9340.909094,10527.74441,11780.31995,13100.24624,14533.71375,16133.36999,17907.2223
OECD ENV-Growth 2025,SSP3,1,North Macedonia,MKD,USD_2010/yr,GDP|PPP [per capita],ANNUAL,15271.76444,17965.20842,19943.7895,21536.94168,22987.10457,24462.2455,25980.46854,27439.1963,29062.8513,30929.86491,32903.84397,34865.8962,36725.91744,38434.86377,39973.70255,41379.1179
OECD ENV-Growth 2025,SSP3,1,North Macedonia,MKD,USD_2015/yr,GDP|PPP [per capita],ANNUAL,16896.58688,19876.59685,22065.68686,23828.3407,25432.79206,27064.87898,28744.63167,30358.55915,32154.96112,34220.61358,36404.61195,38575.41455,40633.33069,42524.09846,44226.6603,45781.60325
OECD ENV-Growth 2025,SSP3,1,North Macedonia,MKD,USD_2017/yr,GDP|PPP [per capita],ANNUAL,18342.78726,21577.86007,23954.31708,25867.83871,27609.6171,29381.39642,31204.92128,32956.98687,34907.14517,37149.59945,39520.52902,41877.13338,44111.18918,46163.79017,48012.07644,49700.10894
OECD ENV-Growth 2025,SSP3,1,Norway,NOR,USD_2010/yr,GDP|PPP [per capita],ANNUAL,65378.16564,70115.34053,73621.05373,75761.47729,76893.68989,77465.06155,77976.97734,78274.8366,78343.36649,77884.84883,77069.32126,76075.41081,75023.16756,73894.27689,72581.57908,71011.63252
OECD ENV-Growth 2025,SSP3,1,Norway,NOR,USD_2015/yr,GDP|PPP [per capita],ANNUAL,66369.44583,71178.44696,74737.31466,76910.19186,78059.57135,78639.60629,79159.28388,79461.65936,79531.22831,79065.75849,78237.86569,77228.88531,76160.68769,75014.6805,73682.07924,72088.32875
OECD ENV-Growth 2025,SSP3,1,Norway,NOR,USD_2017/yr,GDP|PPP [per capita],ANNUAL,69247.65538,74265.20598,77978.40926,80245.51651,81444.74055,82049.92956,82592.14374,82907.63218,82980.2181,82494.56249,81630.76688,80578.03058,79463.50897,78267.80348,76877.41199,75214.54614
OECD ENV-Growth 2025,SSP3,1,Oman,OMN,USD_2010/yr,GDP|PPP [per capita],ANNUAL,45182.36995,49052.57633,52759.71295,55458.70994,57132.99653,58288.11655,59787.9415,61672.51226,63943.60073,66172.5877,68287.92986,70041.19289,71491.08287,72836.04728,74297.72481,75939.37391
OECD ENV-Growth 2025,SSP3,1,Oman,OMN,USD_2015/yr,GDP|PPP [per capita],ANNUAL,35926.58332,39003.96267,41951.67774,44097.77455,45429.07693,46347.56606,47540.14596,49038.65497,50844.50201,52616.87221,54298.87819,55692.97837,56845.85267,57915.29582,59077.54295,60382.89376
OECD ENV-Growth 2025,SSP3,1,Oman,OMN,USD_2017/yr,GDP|PPP [per capita],ANNUAL,34676.12749,37646.39598,40491.51328,42562.91333,43847.87858,44734.3989,45885.47002,47331.82213,49074.8151,50785.49642,52408.95873,53754.53605,54867.28356,55899.50381,57021.29792,58281.21487
OECD ENV-Growth 2025,SSP3,1,Pakistan,PAK,USD_2010/yr,GDP|PPP [per capita],ANNUAL,5019.724709,5712.560953,6451.340994,7243.889947,8076.50464,8928.234061,9780.319934,10581.82247,11376.86257,12151.45699,12933.48207,13688.63253,14376.88569,14986.12015,15526.94854,16031.37167
OECD ENV-Growth 2025,SSP3,1,Pakistan,PAK,USD_2015/yr,GDP|PPP [per capita],ANNUAL,5439.880794,6190.708139,6991.324825,7850.210934,8752.516328,9675.536372,10598.9427,11467.53182,12329.11759,13168.54635,14016.02773,14834.38505,15580.24571,16240.47372,16826.57,17373.21385
OECD ENV-Growth 2025,SSP3,1,Pakistan,PAK,USD_2017/yr,GDP|PPP [per capita],ANNUAL,5470.070111,6225.064269,7030.124079,7893.776688,8801.089541,9729.232003,10657.7629,11531.17236,12397.53961,13241.62689,14093.81147,14916.71038,15666.71028,16330.60231,16919.95121,17469.62873
OECD ENV-Growth 2025,SSP3,1,Panama,PAN,USD_2010/yr,GDP|PPP [per capita],ANNUAL,26286.89605,30000.32043,32961.34113,34916.86888,36344.75542,37612.76469,38722.81102,39668.80278,40487.57081,41172.39212,41864.53584,42502.10406,43117.95436,43672.25657,44198.87076,44706.39888
OECD ENV-Growth 2025,SSP3,1,Panama,PAN,USD_2015/yr,GDP|PPP [per capita],ANNUAL,32970.5758,37628.17173,41342.05857,43794.79684,45585.73638,47176.1484,48568.434,49754.95267,50781.89984,51640.84313,52508.97061,53308.64629,54081.08206,54776.3206,55436.83119,56073.4029
OECD ENV-Growth 2025,SSP3,1,Panama,PAN,USD_2017/yr,GDP|PPP [per capita],ANNUAL,37034.64684,42266.35469,46438.0285,49193.10007,51204.79721,52991.24911,54555.15281,55887.92601,57041.45835,58006.27806,58981.41404,59879.66061,60747.30957,61528.2457,62270.17318,62985.211
OECD ENV-Growth 2025,SSP3,1,Papua New Guinea,PNG,USD_2010/yr,GDP|PPP [per capita],ANNUAL,3096.664157,3329.065922,3731.004308,4138.839124,4518.586125,4909.219452,5336.991071,5785.906015,6262.660731,6731.818543,7189.578364,7634.359288,8082.164604,8542.910359,9021.859335,9515.283481
OECD ENV-Growth 2025,SSP3,1,Papua New Guinea,PNG,USD_2015/yr,GDP|PPP [per capita],ANNUAL,3371.026742,3624.019163,4061.569049,4505.537785,4918.930143,5344.173348,5809.845275,6298.533814,6817.528711,7328.253624,7826.570691,8310.758938,8798.239535,9299.807088,9821.190656,10358.33188
OECD ENV-Growth 2025,SSP3,1,Papua New Guinea,PNG,USD_2017/yr,GDP|PPP [per capita],ANNUAL,3468.641244,3728.959543,4179.179519,4636.004216,5061.367137,5498.92407,5978.080414,6480.919861,7014.943244,7540.45717,8053.203957,8551.412797,9053.009324,9569.10072,10105.58194,10658.27712
OECD ENV-Growth 2025,SSP3,1,Paraguay,PRY,USD_2010/yr,GDP|PPP [per capita],ANNUAL,14163.01534,15710.41513,17303.08152,18643.20412,19842.92685,20940.39868,22024.05415,23053.98861,24038.88183,24901.195,25684.14274,26391.15761,27037.11522,27637.67516,28183.16909,28692.3832
OECD ENV-Growth 2025,SSP3,1,Paraguay,PRY,USD_2015/yr,GDP|PPP [per capita],ANNUAL,14321.92333,15886.68483,17497.22081,18852.37949,20065.56302,21175.34841,22271.16241,23312.65266,24308.59631,25180.58457,25972.31693,26687.26445,27340.46966,27947.76783,28499.38217,29014.30962
OECD ENV-Growth 2025,SSP3,1,Paraguay,PRY,USD_2017/yr,GDP|PPP [per capita],ANNUAL,14747.84098,16359.1367,18017.56818,19413.02773,20662.28996,21805.07909,22933.48135,24005.94433,25031.50621,25929.4264,26744.70398,27480.91323,28153.54401,28778.90254,29346.92125,29877.16206
OECD ENV-Growth 2025,SSP3,1,Peru,PER,USD_2010/yr,GDP|PPP [per capita],ANNUAL,12924.45825,14250.11044,15547.96511,16721.7351,17743.91406,18730.41831,19681.83576,20572.28644,21434.10584,22267.36926,23088.116,23878.4105,24631.31754,25336.61463,26004.02744,26652.27548
OECD ENV-Growth 2025,SSP3,1,Peru,PER,USD_2015/yr,GDP|PPP [per capita],ANNUAL,12999.82329,14333.20561,15638.62833,16819.24279,17847.38229,18839.63904,19796.60438,20692.24745,21559.09229,22397.21463,23222.7473,24017.65017,24774.94756,25484.35737,26155.662,26807.6901
OECD ENV-Growth 2025,SSP3,1,Peru,PER,USD_2017/yr,GDP|PPP [per capita],ANNUAL,13737.70278,15146.76886,16526.28833,17773.91534,18860.41278,19908.99075,20920.27415,21866.75458,22782.80216,23668.49694,24540.88745,25380.90958,26181.19173,26930.86816,27640.27653,28329.31423
OECD ENV-Growth 2025,SSP3,1,Philippines,PHL,USD_2010/yr,GDP|PPP [per capita],ANNUAL,9315.279942,11715.38904,13858.46169,15375.06071,16519.79775,17538.67887,18526.64852,19489.44315,20402.05886,21210.80196,21937.21515,22601.30034,23253.26269,23888.1805,24493.16549,25038.26885
OECD ENV-Growth 2025,SSP3,1,Philippines,PHL,USD_2015/yr,GDP|PPP [per capita],ANNUAL,9645.652031,12130.88247,14349.96049,15920.34663,17105.68246,18160.69882,19183.70742,20180.64815,21125.63033,21963.056,22715.23188,23402.86925,24077.95385,24735.3894,25361.83056,25926.26633
OECD ENV-Growth 2025,SSP3,1,Philippines,PHL,USD_2017/yr,GDP|PPP [per capita],ANNUAL,9797.8021,12322.23445,14576.3161,16171.47344,17375.5067,18447.16484,19486.31033,20498.97676,21458.86505,22309.50023,23073.54089,23772.02503,24457.75838,25125.56429,25761.8869,26335.22606
OECD ENV-Growth 2025,SSP3,1,Poland,POL,USD_2010/yr,GDP|PPP [per capita],ANNUAL,33286.62967,39699.53682,44065.86678,47147.91257,48832.13072,49981.45705,50854.67533,51543.34216,52031.16074,52151.56305,51852.33572,51182.57864,50303.0368,49351.40863,48376.37865,47338.51086
OECD ENV-Growth 2025,SSP3,1,Poland,POL,USD_2015/yr,GDP|PPP [per capita],ANNUAL,36599.26303,43650.37268,48451.23298,51839.99914,53691.82805,54955.53354,55915.65315,56672.85502,57209.22055,57341.6051,57012.59914,56276.18888,55309.11641,54262.78369,53190.72025,52049.56548
OECD ENV-Growth 2025,SSP3,1,Poland,POL,USD_2017/yr,GDP|PPP [per capita],ANNUAL,37734.46673,45004.28148,49954.05064,53447.92657,55357.19388,56660.09587,57649.99562,58430.68371,58983.68575,59120.17649,58780.96571,58021.71413,57024.64585,55945.85891,54840.54315,53663.99304
OECD ENV-Growth 2025,SSP3,1,Portugal,PRT,USD_2010/yr,GDP|PPP [per capita],ANNUAL,33026.06307,36906.31291,39982.28751,42583.17568,44678.08164,46553.90145,48270.67288,49650.24286,50608.59701,51019.57986,50993.89177,50649.04756,50116.17457,49445.28437,48608.31405,47569.75352
OECD ENV-Growth 2025,SSP3,1,Portugal,PRT,USD_2015/yr,GDP|PPP [per capita],ANNUAL,36718.56845,41032.65272,44452.53912,47344.22168,49673.35027,51758.89761,53667.61405,55201.42795,56266.93165,56723.86477,56695.3046,56311.90481,55719.45353,54973.55392,54043.00546,52888.32784
OECD ENV-Growth 2025,SSP3,1,Portugal,PRT,USD_2017/yr,GDP|PPP [per capita],ANNUAL,38523.38924,43049.52287,46637.50629,49671.32317,52114.93498,54302.99283,56305.52803,57914.7332,59032.6094,59512.00206,59482.03808,59079.79312,58458.22119,57675.65852,56699.37099,55487.93772
OECD ENV-Growth 2025,SSP3,1,Puerto Rico,PRI,USD_2010/yr,GDP|PPP [per capita],ANNUAL,32469.61707,35368.0347,37726.60176,39519.75712,41164.39409,42640.25374,44075.62788,45322.46612,46362.55003,47087.92698,47483.74453,47598.75249,47558.27559,47422.54805,47215.73822,46952.49922
OECD ENV-Growth 2025,SSP3,1,Puerto Rico,PRI,USD_2015/yr,GDP|PPP [per capita],ANNUAL,34313.46539,37376.47512,39868.97785,41763.96092,43501.99169,45061.66081,46578.54538,47896.18767,48995.3347,49761.90355,50180.19834,50301.73725,50258.96179,50115.5267,49896.97279,49618.78527
OECD ENV-Growth 2025,SSP3,1,Puerto Rico,PRI,USD_2017/yr,GDP|PPP [per capita],ANNUAL,34623.65875,37714.35805,40229.39299,42141.50667,43895.24923,45469.01774,46999.61493,48329.16869,49438.252,50211.75062,50633.8268,50756.46441,50713.30226,50568.57053,50348.04089,50067.33855
OECD ENV-Growth 2025,SSP3,1,Qatar,QAT,USD_2010/yr,GDP|PPP [per capita],ANNUAL,125125.3801,140379.4467,146611.4646,147041.1583,144965.0486,143117.8814,141820.2188,141625.3432,142943.672,143825.1857,144074.6614,144131.8242,143959.5911,143500.6064,142836.4275,142140.5718
OECD ENV-Growth 2025,SSP3,1,Qatar,QAT,USD_2015/yr,GDP|PPP [per capita],ANNUAL,88043.15953,98776.52326,103161.6172,103463.9667,102003.1339,100703.3941,99790.30743,99653.18524,100580.8135,101201.0813,101376.6223,101416.8443,101295.6543,100972.6945,100505.352,100015.7205
OECD ENV-Growth 2025,SSP3,1,Qatar,QAT,USD_2017/yr,GDP|PPP [per capita],ANNUAL,90873.31815,101951.7072,106477.7606,106789.8291,105282.0376,103940.5176,102998.0796,102856.5496,103813.9966,104454.203,104635.3868,104676.9017,104551.8161,104218.4747,103736.1094,103230.7386
OECD ENV-Growth 2025,SSP3,1,Romania,ROU,USD_2010/yr,GDP|PPP [per capita],ANNUAL,30177.31086,34970.43532,38832.65504,41399.54285,42839.26282,43706.8358,44376.92183,44946.59363,45425.16627,45667.33775,45714.145,45590.65238,45375.32803,45133.51927,44909.18028,44690.81957
OECD ENV-Growth 2025,SSP3,1,Romania,ROU,USD_2015/yr,GDP|PPP [per capita],ANNUAL,32073.20772,37167.46139,41272.32599,44000.47916,45530.64988,46452.72834,47164.91269,47770.37426,48279.01333,48536.3993,48586.14723,48454.89615,48226.04399,47969.04354,47730.6104,47498.53113
OECD ENV-Growth 2025,SSP3,1,Romania,ROU,USD_2017/yr,GDP|PPP [per capita],ANNUAL,35497.03914,41135.107,45678.16801,48697.55293,50391.07016,51411.58097,52199.79136,52869.88627,53432.82283,53717.68488,53772.74342,53627.48122,53374.19898,53089.7636,52825.8776,52569.02375
OECD ENV-Growth 2025,SSP3,1,Russian Federation,RUS,USD_2010/yr,GDP|PPP [per capita],ANNUAL,26251.75698,28694.2471,31706.1852,34282.99035,36275.29925,37810.53659,39367.37585,41137.81603,42947.63887,44630.9882,46101.62499,47437.97394,48697.50443,50099.12135,51605.9274,53089.8516
OECD ENV-Growth 2025,SSP3,1,Russian Federation,RUS,USD_2015/yr,GDP|PPP [per capita],ANNUAL,27031.59292,29546.63976,32648.05064,35301.40248,37352.89501,38933.73818,40536.82498,42359.85793,44223.44345,45956.79844,47471.12204,48847.16863,50144.11479,51587.36821,53138.93552,54666.94124
OECD ENV-Growth 2025,SSP3,1,Russian Federation,RUS,USD_2017/yr,GDP|PPP [per capita],ANNUAL,28625.18563,31288.50195,34572.75021,37382.52503,39554.95914,41228.99771,42926.59124,44857.0974,46830.54683,48666.08824,50269.68571,51726.85434,53100.25933,54628.59683,56271.63363,57889.71983
OECD ENV-Growth 2025,SSP3,1,Rwanda,RWA,USD_2010/yr,GDP|PPP [per capita],ANNUAL,2434.192751,3071.478026,3675.220111,4187.240538,4635.024503,5056.085039,5474.077479,5877.897309,6282.985823,6680.957391,7096.114099,7509.542176,7894.739775,8239.645675,8551.33858,8851.545058
OECD ENV-Growth 2025,SSP3,1,Rwanda,RWA,USD_2015/yr,GDP|PPP [per capita],ANNUAL,2596.409756,3276.164349,3920.140402,4466.282375,4943.907105,5393.02753,5838.875399,6269.606179,6701.690192,7126.182977,7569.006137,8009.985469,8420.853016,8788.743785,9121.208212,9441.420746
OECD ENV-Growth 2025,SSP3,1,Rwanda,RWA,USD_2017/yr,GDP|PPP [per capita],ANNUAL,2717.931177,3429.500757,4103.617232,4675.320636,5175.29994,5645.440835,6112.156006,6563.046554,7015.35367,7459.714261,7923.263156,8384.881925,8814.979567,9200.088962,9548.113934,9883.313579
OECD ENV-Growth 2025,SSP3,1,Saint Lucia,LCA,USD_2010/yr,GDP|PPP [per capita],ANNUAL,14461.40056,15317.62518,16132.31248,16927.76367,17591.3215,18193.55073,18743.75082,19232.95158,19712.022,20158.35219,20572.80488,20935.15444,21230.63996,21464.50539,21650.57579,21808.68181
OECD ENV-Growth 2025,SSP3,1,Saint Lucia,LCA,USD_2015/yr,GDP|PPP [per capita],ANNUAL,15718.17786,16648.81323,17534.30145,18398.88183,19120.10658,19774.67294,20372.68852,20904.40358,21425.10792,21910.22673,22360.6977,22754.53748,23075.70236,23329.89201,23532.13297,23703.9793
OECD ENV-Growth 2025,SSP3,1,Saint Lucia,LCA,USD_2017/yr,GDP|PPP [per capita],ANNUAL,16319.45174,17285.68708,18205.04825,19102.70178,19851.51583,20531.12158,21152.0133,21704.06827,22244.69133,22748.36758,23216.0706,23624.97609,23958.42663,24222.3399,24432.31727,24610.7373
OECD ENV-Growth 2025,SSP3,1,Saint Vincent and the Grenadines,VCT,USD_2010/yr,GDP|PPP [per capita],ANNUAL,15862.98173,17944.32965,19692.87977,20982.72277,21872.03959,22706.56348,23601.78243,24489.8931,25290.6682,25980.92685,26576.90371,27082.90598,27531.49563,27930.20148,28270.63554,28555.46399
OECD ENV-Growth 2025,SSP3,1,Saint Vincent and the Grenadines,VCT,USD_2015/yr,GDP|PPP [per capita],ANNUAL,16896.83448,19113.832,20976.34199,22350.24912,23297.5262,24186.43929,25140.00317,26085.9955,26938.96025,27674.20577,28309.02478,28848.00519,29325.8312,29750.52226,30113.14376,30416.53559
OECD ENV-Growth 2025,SSP3,1,Saint Vincent and the Grenadines,VCT,USD_2017/yr,GDP|PPP [per capita],ANNUAL,17304.42285,19574.89918,21482.33696,22889.38571,23859.51318,24769.86877,25746.4347,26715.24642,27588.78653,28341.76776,28991.89999,29543.88179,30033.23399,30468.16953,30839.53824,31150.24855
OECD ENV-Growth 2025,SSP3,1,Samoa,WSM,USD_2010/yr,GDP|PPP [per capita],ANNUAL,4561.574946,4787.816647,5163.689083,5559.742309,5936.365017,6375.38928,6921.925499,7556.42181,8285.358276,9108.888911,10031.03232,11044.00058,12143.69503,13331.68562,14613.76235,16015.06977
OECD ENV-Growth 2025,SSP3,1,Samoa,WSM,USD_2015/yr,GDP|PPP [per capita],ANNUAL,4968.841345,5215.28235,5624.713418,6056.127056,6466.375381,6944.596595,7539.928645,8231.074036,9025.091386,9922.148459,10926.62265,12030.03071,13227.90805,14521.96478,15918.50784,17444.92675
OECD ENV-Growth 2025,SSP3,1,Samoa,WSM,USD_2017/yr,GDP|PPP [per capita],ANNUAL,5114.612928,5368.283806,5789.72641,6233.796489,6656.080326,7148.331182,7761.12857,8472.550189,9289.861735,10213.23589,11247.17848,12382.95738,13615.97701,14947.99766,16385.5113,17956.71097
OECD ENV-Growth 2025,SSP3,1,Sao Tome and Principe,STP,USD_2010/yr,GDP|PPP [per capita],ANNUAL,3330.646061,3607.670976,3944.245615,4294.392888,4675.177969,5106.502658,5599.518506,6134.514826,6716.900012,7341.44048,8017.462711,8720.20966,9430.732036,10158.30636,10916.84077,11718.03959
OECD ENV-Growth 2025,SSP3,1,Sao Tome and Principe,STP,USD_2015/yr,GDP|PPP [per capita],ANNUAL,3432.280917,3717.759263,4064.604497,4425.436535,4817.841294,5262.327881,5770.388136,6321.7099,6921.866604,7565.46496,8262.116048,8986.30736,9718.511368,10468.28767,11249.96879,12075.61624
OECD ENV-Growth 2025,SSP3,1,Sao Tome and Principe,STP,USD_2017/yr,GDP|PPP [per capita],ANNUAL,3494.407997,3785.053734,4138.177149,4505.54054,4905.048145,5357.580301,5874.83686,6436.137997,7047.158026,7702.406037,8411.667077,9148.966842,9894.424338,10657.7722,11453.60239,12294.19473
OECD ENV-Growth 2025,SSP3,1,Saudi Arabia,SAU,USD_2010/yr,GDP|PPP [per capita],ANNUAL,58116.78809,67125.58549,73314.66171,77218.09764,79660.83871,81232.80789,82230.66525,82499.37077,82352.11231,81847.75074,81080.26399,80194.30907,79201.7695,78092.05216,76900.56285,75614.09951
OECD ENV-Growth 2025,SSP3,1,Saudi Arabia,SAU,USD_2015/yr,GDP|PPP [per capita],ANNUAL,49511.81509,57186.73874,62459.43889,65784.91857,67865.97894,69205.19691,70055.30806,70284.22811,70158.77324,69729.0892,69075.23919,68320.46183,67474.8811,66529.47236,65514.39909,64418.41397
OECD ENV-Growth 2025,SSP3,1,Saudi Arabia,SAU,USD_2017/yr,GDP|PPP [per capita],ANNUAL,49880.43148,57612.49508,62924.45058,66274.68852,68371.24242,69720.4309,70576.87113,70807.4955,70681.10662,70248.22357,69589.50564,68829.10895,67977.23285,67024.78552,66002.15501,64898.01026
OECD ENV-Growth 2025,SSP3,1,Senegal,SEN,USD_2010/yr,GDP|PPP [per capita],ANNUAL,3971.709699,4587.050797,5372.129622,5990.234949,6530.874013,7079.474427,7674.474973,8305.202068,8977.372486,9664.553832,10400.52027,11202.6256,12072.9626,12986.57333,13922.20245,14880.15415
OECD ENV-Growth 2025,SSP3,1,Senegal,SEN,USD_2015/yr,GDP|PPP [per capita],ANNUAL,4194.112814,4843.911057,5672.951799,6325.669059,6896.582192,7475.902485,8104.221169,8770.266976,9480.076801,10205.73812,10982.91634,11829.93701,12749.01012,13713.78014,14701.80152,15713.39547
OECD ENV-Growth 2025,SSP3,1,Senegal,SEN,USD_2017/yr,GDP|PPP [per capita],ANNUAL,4187.199747,4835.926941,5663.601194,6315.242593,6885.214703,7463.580114,8090.863154,8755.811132,9464.450992,10188.91622,10964.81343,11810.43798,12727.9962,13691.17601,14677.56885,15687.49541
OECD ENV-Growth 2025,SSP3,1,Serbia,SRB,USD_2010/yr,GDP|PPP [per capita],ANNUAL,19176.37558,23647.23856,27398.60722,30165.50622,32328.58872,34227.46668,35962.28958,37523.618,38950.49277,40211.68951,41332.31169,42348.26407,43257.62077,44085.76406,44854.20244,45595.95979
OECD ENV-Growth 2025,SSP3,1,Serbia,SRB,USD_2015/yr,GDP|PPP [per capita],ANNUAL,20369.79834,25118.90106,29103.73244,32042.82665,34340.52645,36357.57921,38200.36709,39858.86324,41374.53816,42714.22422,43904.58721,44983.76639,45949.71601,46829.39797,47645.65936,48433.57923
OECD ENV-Growth 2025,SSP3,1,Serbia,SRB,USD_2017/yr,GDP|PPP [per capita],ANNUAL,21264.03611,26221.62529,30381.39148,33449.51245,35848.08168,37953.68341,39877.37001,41608.67444,43190.88775,44589.38627,45832.00641,46958.56174,47966.91672,48885.21688,49737.31229,50559.82199
OECD ENV-Growth 2025,SSP3,1,Seychelles,SYC,USD_2010/yr,GDP|PPP [per capita],ANNUAL,32157.61664,37127.9934,41294.44664,44404.66142,46972.85763,49343.33368,51520.92577,53343.61234,54971.03593,56373.90269,57591.27865,58658.26106,59605.17044,60443.78042,61216.00522,61908.16625
OECD ENV-Growth 2025,SSP3,1,Seychelles,SYC,USD_2015/yr,GDP|PPP [per capita],ANNUAL,33020.9036,38124.71256,42403.01628,45596.7263,48233.867,50667.97964,52904.03025,54775.64774,56446.76031,57887.28772,59137.34473,60232.97081,61205.30043,62066.4233,62859.37886,63570.12128
OECD ENV-Growth 2025,SSP3,1,Seychelles,SYC,USD_2017/yr,GDP|PPP [per capita],ANNUAL,33744.5556,38960.21436,43332.27696,46595.97703,49290.91058,51778.36671,54063.4203,55976.05422,57683.78917,59155.88568,60433.33765,61552.97434,62546.61254,63426.60689,64236.94004,64963.25836
OECD ENV-Growth 2025,SSP3,1,Sierra Leone,SLE,USD_2010/yr,GDP|PPP [per capita],ANNUAL,1423.26104,1606.184416,1855.51173,2148.81002,2458.366517,2775.566418,3095.187311,3406.352431,3710.50546,4006.956169,4297.818444,4565.545322,4801.925991,5009.9758,5199.055855,5378.47999
OECD ENV-Growth 2025,SSP3,1,Sierra Leone,SLE,USD_2015/yr,GDP|PPP [per capita],ANNUAL,1825.608126,2060.242808,2380.05341,2756.265311,3153.331513,3560.201863,3970.177604,4369.307177,4759.442385,5139.697874,5512.785113,5856.196723,6159.400743,6426.264946,6668.796762,6898.942989
OECD ENV-Growth 2025,SSP3,1,Sierra Leone,SLE,USD_2017/yr,GDP|PPP [per capita],ANNUAL,1764.540894,1991.326964,2300.43979,2664.067271,3047.85147,3441.111863,3837.373773,4223.152321,4600.23737,4967.77318,5328.38052,5660.304891,5953.366631,6211.304132,6445.723175,6668.170929
OECD ENV-Growth 2025,SSP3,1,Singapore,SGP,USD_2010/yr,GDP|PPP [per capita],ANNUAL,101705.0983,113118.3033,122450.4236,127973.9319,131102.5946,132363.2922,133453.4732,134223.2107,134975.8124,135404.3496,135366.6599,134861.5033,133954.5578,132778.7274,131485.8112,130197.8203
OECD ENV-Growth 2025,SSP3,1,Singapore,SGP,USD_2015/yr,GDP|PPP [per capita],ANNUAL,102712.1776,114238.3956,123662.9222,129241.124,132400.7666,133673.9475,134774.9235,135552.2829,136312.3368,136745.1174,136707.0544,136196.8958,135280.9698,134093.4963,132787.7778,131487.0332
OECD ENV-Growth 2025,SSP3,1,Singapore,SGP,USD_2017/yr,GDP|PPP [per capita],ANNUAL,105442.2894,117274.8767,126949.9092,132676.3808,135920.0075,137227.0298,138357.27,139155.2917,139935.5481,140379.832,140340.7573,139817.0386,138876.7671,137657.7303,136317.3055,134981.9868
OECD ENV-Growth 2025,SSP3,1,Slovakia,SVK,USD_2010/yr,GDP|PPP [per capita],ANNUAL,34196.49345,38057.60324,41374.96196,44116.63296,46041.20809,47564.96118,48795.19667,49727.44618,50490.34535,51066.39954,51343.97241,51287.62513,50935.64733,50383.15364,49707.63397,48934.13588
OECD ENV-Growth 2025,SSP3,1,Slovakia,SVK,USD_2015/yr,GDP|PPP [per capita],ANNUAL,36000.13342,40064.89133,43557.2189,46443.49499,48469.5788,50073.69983,51368.82215,52350.24168,53153.37876,53759.81603,54052.02904,53992.70981,53622.16749,53040.5334,52329.38451,51515.08949
OECD ENV-Growth 2025,SSP3,1,Slovakia,SVK,USD_2017/yr,GDP|PPP [per capita],ANNUAL,34504.23674,38400.09367,41747.30618,44513.6502,46455.54509,47993.01084,49234.31754,50174.95662,50944.72132,51525.95957,51806.03039,51749.17604,51394.03069,50836.56496,50154.96611,49374.50711
OECD ENV-Growth 2025,SSP3,1,Slovenia,SVN,USD_2010/yr,GDP|PPP [per capita],ANNUAL,36201.94717,40967.04332,43933.52006,45521.52584,46105.49569,46538.47781,46876.30412,47081.62462,46989.59291,46563.70504,45838.82188,44900.37142,43857.6317,42768.27569,41627.52913,40400.60988
OECD ENV-Growth 2025,SSP3,1,Slovenia,SVN,USD_2015/yr,GDP|PPP [per capita],ANNUAL,40602.85028,45947.2171,49274.31469,51055.36698,51710.32734,52195.94509,52574.83938,52805.11974,52701.90017,52224.23908,51411.23523,50358.70169,49189.20094,47967.41696,46687.99512,45311.92498
OECD ENV-Growth 2025,SSP3,1,Slovenia,SVN,USD_2017/yr,GDP|PPP [per capita],ANNUAL,43390.28562,49101.54976,52657.05667,54560.38037,55260.30456,55779.26057,56184.16641,56430.2558,56319.95009,55809.49697,54940.67942,53815.88816,52566.09975,51260.43881,49893.18309,48422.64405
OECD ENV-Growth 2025,SSP3,1,Solomon Islands,SLB,USD_2010/yr,GDP|PPP [per capita],ANNUAL,1786.438317,1856.376981,2063.967613,2325.635928,2589.647466,2880.747359,3213.043512,3582.503994,3992.520584,4450.825422,4954.597704,5507.421928,6091.773672,6705.528417,7348.574523,8036.334176
OECD ENV-Growth 2025,SSP3,1,Solomon Islands,SLB,USD_2015/yr,GDP|PPP [per capita],ANNUAL,1944.571007,2020.700531,2246.666756,2531.497537,2818.878958,3135.746552,3497.457034,3899.621573,4345.932182,4844.805439,5393.170845,5994.930194,6631.007828,7299.091172,7999.0587,8747.697748
OECD ENV-Growth 2025,SSP3,1,Solomon Islands,SLB,USD_2017/yr,GDP|PPP [per capita],ANNUAL,2001.223648,2079.571109,2312.120578,2605.249546,2901.003465,3227.1026,3599.351063,4013.232162,4472.545472,4985.952776,5550.294122,6169.584975,6824.193934,7511.741049,8232.101254,9002.550963
OECD ENV-Growth 2025,SSP3,1,Somalia,SOM,USD_2017/yr,GDP|PPP [per capita],ANNUAL,1484.397509,1559.311054,1734.019846,1995.804297,2337.903526,2743.3265,3194.318009,3679.86053,4208.779841,4786.282824,5420.042317,6099.18544,6823.144765,7599.174857,8459.154558,9398.673991
OECD ENV-Growth 2025,SSP3,1,South Africa,ZAF,USD_2010/yr,GDP|PPP [per capita],ANNUAL,12960.15318,13507.02318,14718.05824,16380.30244,18352.08432,20512.28891,22801.91125,25147.99403,27504.36657,29872.02651,32252.57743,34669.36775,37097.61084,39534.02091,41963.98806,44395.74159
OECD ENV-Growth 2025,SSP3,1,South Africa,ZAF,USD_2015/yr,GDP|PPP [per capita],ANNUAL,13367.2372,13931.28462,15180.35881,16894.81481,18928.53122,21156.58877,23518.12914,25937.90339,28368.29061,30810.31977,33265.64482,35758.34757,38262.86283,40775.80159,43282.09506,45790.23102
OECD ENV-Growth 2025,SSP3,1,South Africa,ZAF,USD_2017/yr,GDP|PPP [per capita],ANNUAL,13667.87579,14244.60904,15521.77579,17274.79112,19354.24724,21632.41538,24047.06846,26521.26514,29006.31348,31503.2656,34013.81264,36562.57804,39123.42161,41692.87814,44255.53992,46820.08562
OECD ENV-Growth 2025,SSP3,1,South Korea,KOR,USD_2010/yr,GDP|PPP [per capita],ANNUAL,44602.54562,49401.65451,52413.57716,54045.66362,54840.57141,55213.70448,55593.25172,55965.56731,56314.01017,56332.75196,56020.20131,55462.59427,54779.11963,54115.48646,53486.18433,52700.8141
OECD ENV-Growth 2025,SSP3,1,South Korea,KOR,USD_2015/yr,GDP|PPP [per capita],ANNUAL,47184.7082,52261.65054,55447.94158,57174.51397,58015.44113,58410.17588,58811.69615,59205.5661,59574.18126,59594.00807,59263.36301,58673.47458,57950.43174,57248.37904,56582.6449,55751.80745
OECD ENV-Growth 2025,SSP3,1,South Korea,KOR,USD_2017/yr,GDP|PPP [per capita],ANNUAL,48337.90561,53538.92876,56803.09297,58571.8629,59433.34237,59837.72447,60249.05792,60652.55408,61030.17822,61050.4896,60711.76355,60107.45821,59366.74416,58647.53324,57965.52851,57114.38534
OECD ENV-Growth 2025,SSP3,1,South Sudan,SSD,USD_2010/yr,GDP|PPP [per capita],ANNUAL,19794.0123,23389.60759,25684.00519,26755.31949,27842.17961,29638.4001,31898.98947,33949.89993,35678.81061,37376.50843,39435.78807,41802.00204,44145.57098,46173.30856,47879.50332,49555.82648
OECD ENV-Growth 2025,SSP3,1,South Sudan,SSD,USD_2015/yr,GDP|PPP [per capita],ANNUAL,1370.760125,1619.759599,1778.649504,1852.83936,1928.105784,2052.4963,2209.044944,2351.07306,2470.802288,2588.369987,2730.97768,2894.840958,3057.13604,3197.559406,3315.715528,3431.803005
OECD ENV-Growth 2025,SSP3,1,South Sudan,SSD,USD_2017/yr,GDP|PPP [per capita],ANNUAL,578.3871208,683.45152,750.4945228,781.7986557,813.5570423,866.0431568,932.098273,992.0265066,1042.545808,1092.15306,1152.325844,1221.467343,1289.947147,1349.198262,1399.053797,1448.036475
OECD ENV-Growth 2025,SSP3,1,Spain,ESP,USD_2010/yr,GDP|PPP [per capita],ANNUAL,36307.97898,38939.92912,41809.7978,44356.56734,46327.28078,47836.17472,49369.56775,50879.05421,52182.02799,52916.20872,53102.45309,52866.36536,52423.54384,51972.07993,51568.96112,51119.35638
OECD ENV-Growth 2025,SSP3,1,Spain,ESP,USD_2015/yr,GDP|PPP [per capita],ANNUAL,39938.33208,42833.44499,45990.26538,48791.68068,50959.44131,52619.20617,54305.91972,55966.33632,57399.59153,58207.18134,58412.04786,58152.35425,57665.256,57168.65123,56725.22548,56230.66577
OECD ENV-Growth 2025,SSP3,1,Spain,ESP,USD_2017/yr,GDP|PPP [per capita],ANNUAL,42768.90663,45869.2067,49249.76241,52249.72418,54571.12187,56348.52029,58154.77735,59932.8737,61467.70891,62332.53554,62551.92169,62273.82265,61752.20198,61220.40103,60745.54809,60215.93714
OECD ENV-Growth 2025,SSP3,1,Sri Lanka,LKA,USD_2010/yr,GDP|PPP [per capita],ANNUAL,11056.62223,12610.42741,13962.14098,14923.92576,15569.84406,16139.65175,16719.27938,17242.45919,17691.82277,18077.83818,18457.95934,18840.77369,19212.61761,19548.15164,19841.48804,20114.95085
OECD ENV-Growth 2025,SSP3,1,Sri Lanka,LKA,USD_2015/yr,GDP|PPP [per capita],ANNUAL,12093.88538,13793.45884,15271.98172,16323.99514,17030.50945,17653.77293,18287.77761,18860.03887,19351.55893,19773.78789,20189.56965,20608.29724,21015.02524,21382.03697,21702.89235,22002.00974
OECD ENV-Growth 2025,SSP3,1,Sri Lanka,LKA,USD_2017/yr,GDP|PPP [per capita],ANNUAL,12304.42642,14033.58756,15537.84987,16608.17767,17326.99161,17961.10541,18606.1474,19188.37109,19688.44796,20118.02746,20541.04751,20967.06468,21380.87336,21754.27436,22080.71547,22385.04016
OECD ENV-Growth 2025,SSP3,1,Sudan,SDN,USD_2010/yr,GDP|PPP [per capita],ANNUAL,2587.369012,2838.648255,2966.982542,2983.115109,2935.868682,2890.594357,2867.809711,2862.60171,2876.168339,2902.894938,2951.129977,3012.157308,3086.44214,3160.169429,3231.259198,3298.090841
OECD ENV-Growth 2025,SSP3,1,Sudan,SDN,USD_2015/yr,GDP|PPP [per capita],ANNUAL,2856.441187,3133.852091,3275.53244,3293.342705,3241.182909,3191.200302,3166.046178,3160.296574,3175.274058,3204.780076,3258.031295,3325.405133,3407.41518,3488.809703,3567.292417,3641.074184
OECD ENV-Growth 2025,SSP3,1,Sudan,SDN,USD_2017/yr,GDP|PPP [per capita],ANNUAL,3045.249714,3340.997263,3492.042571,3511.030081,3455.422564,3402.136145,3375.319353,3369.189704,3385.157189,3416.613532,3473.384615,3545.21181,3632.642657,3719.417294,3803.087655,3881.746338
OECD ENV-Growth 2025,SSP3,1,Suriname,SUR,USD_2010/yr,GDP|PPP [per capita],ANNUAL,12041.14002,13218.16114,14306.59053,15403.426,16498.94406,17607.45185,18692.20905,19715.59314,20648.48007,21464.62274,22195.76784,22833.26224,23370.72432,23835.43452,24224.83614,24566.21971
OECD ENV-Growth 2025,SSP3,1,Suriname,SUR,USD_2015/yr,GDP|PPP [per capita],ANNUAL,13933.56113,15295.56636,16555.05653,17824.2739,19091.96681,20374.69096,21629.9318,22814.15396,23893.65615,24838.06621,25684.12023,26421.80514,27043.73634,27581.48176,28032.08289,28427.11931
OECD ENV-Growth 2025,SSP3,1,Suriname,SUR,USD_2017/yr,GDP|PPP [per capita],ANNUAL,15639.32687,17168.07066,18581.74935,20006.34606,21429.23168,22868.98868,24277.89784,25607.0941,26818.75044,27878.77648,28828.4056,29656.39891,30354.46779,30958.04475,31463.80908,31907.20641
OECD ENV-Growth 2025,SSP3,1,Sweden,SWE,USD_2010/yr,GDP|PPP [per capita],ANNUAL,49887.03829,55663.31486,59044.72923,60691.39668,61265.36215,61264.54167,61231.18587,61192.36624,61101.92885,60715.59667,60045.80577,59209.66322,58315.75617,57393.47929,56396.58721,55268.60168
OECD ENV-Growth 2025,SSP3,1,Sweden,SWE,USD_2015/yr,GDP|PPP [per capita],ANNUAL,54420.67923,60721.89304,64410.60403,66206.91754,66833.04393,66832.14888,66795.76177,66753.41428,66654.75811,66233.31678,65502.65654,64590.52691,63615.38326,62609.29158,61521.8038,60291.30906
OECD ENV-Growth 2025,SSP3,1,Sweden,SWE,USD_2017/yr,GDP|PPP [per capita],ANNUAL,56438.40878,62973.24969,66798.72525,68661.63983,69310.9808,69310.05257,69272.31635,69228.39877,69126.08477,68689.01786,67931.26728,66985.31905,65974.02047,64930.6264,63802.81836,62526.70115
OECD ENV-Growth 2025,SSP3,1,Switzerland,CHE,USD_2010/yr,GDP|PPP [per capita],ANNUAL,61693.28896,64224.67724,65849.08509,66239.52825,65883.95491,64950.8987,63847.01197,62716.3495,61645.73835,60483.27038,59217.23842,57830.06059,56341.32601,54797.20277,53230.97683,51649.6132
OECD ENV-Growth 2025,SSP3,1,Switzerland,CHE,USD_2015/yr,GDP|PPP [per capita],ANNUAL,71779.47976,74724.72286,76614.70396,77068.98039,76655.27462,75569.67374,74285.31337,72969.79972,71724.15512,70371.63612,68898.62152,67284.65499,65552.52828,63755.95746,61933.67039,60093.77077
OECD ENV-Growth 2025,SSP3,1,Switzerland,CHE,USD_2017/yr,GDP|PPP [per capita],ANNUAL,73952.72859,76987.14406,78934.34763,79402.37807,78976.14664,77857.6773,76534.43068,75179.08756,73895.72891,72502.26004,70984.64735,69321.81517,67537.24531,65686.28018,63808.82019,61913.2144
OECD ENV-Growth 2025,SSP3,1,Taiwan,TWN,USD_2010/yr,GDP|PPP [per capita],ANNUAL,58808.37869,66589.78112,71502.52532,73564.16984,74545.85137,74685.83238,74432.29676,73759.7311,72693.47814,71214.71163,69377.33675,67218.11422,64899.36209,62545.7897,60222.81221,57965.78743
OECD ENV-Growth 2025,SSP3,1,Taiwan,TWN,USD_2015/yr,GDP|PPP [per capita],ANNUAL,63135.66065,71489.64004,76763.87744,78977.22343,80031.13978,80181.42098,79909.22951,79187.17463,78042.46384,76454.88563,74482.31166,72164.20761,69674.83533,67148.08063,64654.17208,62231.06922
OECD ENV-Growth 2025,SSP3,1,Taiwan,TWN,USD_2017/yr,GDP|PPP [per capita],ANNUAL,62054.1194,70264.9915,75448.87893,77624.30934,78660.17165,78807.87847,78540.34975,77830.66398,76705.56259,75145.18029,73206.39736,70928.00344,68481.27519,65997.80488,63546.61807,61165.02401
OECD ENV-Growth 2025,SSP3,1,Tajikistan,TJK,USD_2010/yr,GDP|PPP [per capita],ANNUAL,4485.901699,5080.78577,5679.76701,6195.49183,6627.8776,7071.564863,7551.094472,8055.762448,8575.700145,9099.072854,9616.612047,10128.0521,10632.71388,11150.54547,11672.5307,12196.12878
OECD ENV-Growth 2025,SSP3,1,Tajikistan,TJK,USD_2015/yr,GDP|PPP [per capita],ANNUAL,4629.562694,5243.497926,5861.661539,6393.902445,6840.135369,7298.031716,7792.91826,8313.748227,8850.336928,9390.470647,9924.584032,10452.40295,10973.22652,11507.64167,12046.34347,12586.70978
OECD ENV-Growth 2025,SSP3,1,Tajikistan,TJK,USD_2017/yr,GDP|PPP [per capita],ANNUAL,4611.021775,5222.49826,5838.186192,6368.295529,6812.741336,7268.803856,7761.70843,8280.452527,8814.892247,9352.862786,9884.837102,10410.54216,10929.27989,11461.55476,11998.09911,12536.30131
OECD ENV-Growth 2025,SSP3,1,Tanzania,TZA,USD_2010/yr,GDP|PPP [per capita],ANNUAL,3099.182723,3768.636707,4402.466602,4858.828753,5194.938595,5485.278205,5779.669285,6071.872676,6378.386804,6693.589394,7015.369764,7354.833093,7717.426212,8100.457693,8481.35796,8835.224933
OECD ENV-Growth 2025,SSP3,1,Tanzania,TZA,USD_2015/yr,GDP|PPP [per capita],ANNUAL,2978.184595,3621.501792,4230.585734,4669.130618,4992.118077,5271.122264,5554.019743,5834.814944,6129.362164,6432.258631,6741.476069,7067.686089,7416.122866,7784.200053,8150.229232,8490.280549
OECD ENV-Growth 2025,SSP3,1,Tanzania,TZA,USD_2017/yr,GDP|PPP [per capita],ANNUAL,2983.262107,3627.676097,4237.798467,4677.091027,5000.629148,5280.109009,5563.488801,5844.76273,6139.812124,6443.225,6752.969623,7079.735799,7428.766627,7797.471349,8164.124572,8504.755643
OECD ENV-Growth 2025,SSP3,1,Thailand,THA,USD_2010/yr,GDP|PPP [per capita],ANNUAL,17456.2403,20148.44415,22453.47298,24286.20752,25878.88688,27450.5373,28925.5448,30284.31045,31506.97828,32504.37862,33375.3331,34108.6736,34736.91596,35242.66223,35652.96787,35980.65006
OECD ENV-Growth 2025,SSP3,1,Thailand,THA,USD_2015/yr,GDP|PPP [per capita],ANNUAL,18504.23979,21358.07228,23801.48538,25744.24962,27432.54677,29098.55249,30662.11326,32102.4535,33398.52518,34455.80525,35379.04819,36156.41538,36822.37478,37358.48394,37793.42261,38140.77746
OECD ENV-Growth 2025,SSP3,1,Thailand,THA,USD_2017/yr,GDP|PPP [per capita],ANNUAL,19045.53288,21982.84677,24497.73552,26497.33024,28235.01411,29949.75446,31559.05311,33041.52673,34375.51159,35463.71963,36413.96962,37214.07665,37899.51695,38451.30858,38898.97024,39256.48605
OECD ENV-Growth 2025,SSP3,1,Timor-Leste,TLS,USD_2010/yr,GDP|PPP [per capita],ANNUAL,2010.470553,2157.294825,2383.703663,2627.360238,2881.930784,3184.533749,3547.776925,3967.513439,4465.350295,5052.358772,5743.310786,6540.891755,7445.588028,8470.377278,9623.901191,10911.0858
OECD ENV-Growth 2025,SSP3,1,Timor-Leste,TLS,USD_2015/yr,GDP|PPP [per capita],ANNUAL,2683.247243,2879.204266,3181.377749,3506.570692,3846.329817,4250.194758,4734.992334,5295.187978,5959.619182,6743.062081,7665.23181,8729.712429,9937.153034,11304.8741,12844.40914,14562.33262
OECD ENV-Growth 2025,SSP3,1,Timor-Leste,TLS,USD_2017/yr,GDP|PPP [per capita],ANNUAL,3000.962102,3220.121779,3558.074673,3921.772688,4301.761622,4753.446939,5295.647869,5922.174516,6665.278927,7541.486833,8572.847777,9763.370195,11113.78004,12643.44865,14365.27519,16286.61258
OECD ENV-Growth 2025,SSP3,1,Togo,TGO,USD_2010/yr,GDP|PPP [per capita],ANNUAL,2371.023657,2783.584713,3258.60154,3689.440949,4100.783826,4520.04677,4955.255156,5406.123219,5872.652568,6373.829707,6903.800473,7462.609817,8027.799199,8595.597391,9173.837161,9779.098534
OECD ENV-Growth 2025,SSP3,1,Togo,TGO,USD_2015/yr,GDP|PPP [per capita],ANNUAL,2433.917969,2857.422712,3345.039944,3787.307896,4209.562148,4639.946557,5086.699379,5549.52727,6028.431882,6542.903359,7086.932251,7660.564698,8240.746422,8823.606157,9417.184447,10038.50112
OECD ENV-Growth 2025,SSP3,1,Togo,TGO,USD_2017/yr,GDP|PPP [per capita],ANNUAL,2430.79197,2853.752786,3340.743748,3782.443674,4204.155604,4633.987249,5080.166285,5542.399744,6020.689276,6534.499992,7077.830161,7650.725865,8230.162433,8812.273573,9405.089502,10025.60819
OECD ENV-Growth 2025,SSP3,1,Tonga,TON,USD_2010/yr,GDP|PPP [per capita],ANNUAL,5029.654749,5142.050511,5518.568263,5899.160598,6279.434382,6748.633346,7355.418574,8075.242912,8882.287799,9749.097468,10685.5432,11720.8635,12876.5666,14175.15647,15598.82138,17135.98563
OECD ENV-Growth 2025,SSP3,1,Tonga,TON,USD_2015/yr,GDP|PPP [per capita],ANNUAL,5473.684667,5596.002995,6005.760633,6419.952567,6833.797828,7344.418796,8004.772471,8788.144618,9666.437353,10609.77105,11628.88844,12755.60928,14013.34062,15426.57309,16975.92254,18648.79131
OECD ENV-Growth 2025,SSP3,1,Tonga,TON,USD_2017/yr,GDP|PPP [per capita],ANNUAL,5635.39805,5761.330125,6183.193555,6609.622288,7035.694106,7561.400752,8241.263776,9047.779705,9952.020534,10923.22388,11972.44986,13132.45831,14427.34779,15882.33251,17477.4556,19199.74726
OECD ENV-Growth 2025,SSP3,1,Trinidad and Tobago,TTO,USD_2010/yr,GDP|PPP [per capita],ANNUAL,25966.61158,27615.70159,29041.3708,30172.82109,30955.01787,31762.37395,32726.07892,33824.19141,34922.93704,35939.8882,36939.0631,37994.39865,39102.26544,40254.79509,41445.98423,42668.20143
OECD ENV-Growth 2025,SSP3,1,Trinidad and Tobago,TTO,USD_2015/yr,GDP|PPP [per capita],ANNUAL,22465.56026,23892.30517,25125.75287,26104.65089,26781.3849,27479.886,28313.65562,29263.71074,30214.31364,31094.15033,31958.60752,32871.65326,33830.14752,34827.28279,35857.86513,36915.29206
OECD ENV-Growth 2025,SSP3,1,Trinidad and Tobago,TTO,USD_2017/yr,GDP|PPP [per capita],ANNUAL,24454.14704,26007.18331,27349.81226,28415.35951,29151.99607,29912.32647,30819.89899,31854.05026,32888.79778,33846.51509,34787.49154,35781.35747,36824.69489,37910.0937,39031.90023,40182.92755
OECD ENV-Growth 2025,SSP3,1,Tunisia,TUN,USD_2010/yr,GDP|PPP [per capita],ANNUAL,9977.429637,10888.68852,11913.50232,12932.96366,13811.72798,14582.5214,15324.7782,16042.07914,16722.54176,17334.64539,17843.4218,18246.09018,18577.88694,18875.47767,19164.21253,19449.30025
OECD ENV-Growth 2025,SSP3,1,Tunisia,TUN,USD_2015/yr,GDP|PPP [per capita],ANNUAL,10833.97767,11823.46682,12936.25941,14043.24005,14997.44502,15834.40996,16640.38844,17419.26863,18158.148,18822.79985,19375.25399,19812.49086,20172.77191,20495.91037,20809.43271,21118.9948
OECD ENV-Growth 2025,SSP3,1,Tunisia,TUN,USD_2017/yr,GDP|PPP [per capita],ANNUAL,11170.13161,12190.32238,13337.64242,14478.97018,15462.78199,16325.71606,17156.70223,17959.74933,18721.55446,19406.82896,19976.4245,20427.22786,20798.68761,21131.85233,21455.10257,21774.26967
OECD ENV-Growth 2025,SSP3,1,Turkey,TUR,USD_2010/yr,GDP|PPP [per capita],ANNUAL,31406.82715,36512.33913,40813.42394,44244.73013,47594.14365,51071.78538,54803.85792,58631.01048,62261.80342,65530.27304,68556.78804,71429.62248,74257.12948,77062.97728,79829.69607,82539.14017
OECD ENV-Growth 2025,SSP3,1,Turkey,TUR,USD_2015/yr,GDP|PPP [per capita],ANNUAL,35575.10261,41358.21186,46230.13136,50116.83629,53910.77985,57849.9699,62077.35852,66412.44606,70525.11337,74227.37027,77655.56061,80909.6741,84112.44436,87290.68083,90424.59512,93493.63331
OECD ENV-Growth 2025,SSP3,1,Turkey,TUR,USD_2017/yr,GDP|PPP [per capita],ANNUAL,35858.60071,41687.79557,46598.53941,50516.2175,54340.39501,58310.97648,62572.05317,66941.68704,71087.12821,74818.8884,78274.398,81554.44353,84782.73667,87986.30052,91145.18899,94238.68435
OECD ENV-Growth 2025,SSP3,1,Turkmenistan,TKM,USD_2010/yr,GDP|PPP [per capita],ANNUAL,16179.56946,16738.24218,17756.88304,18375.05548,18607.99133,18817.51476,18877.65381,19029.22077,19223.44698,19318.90474,19284.15433,19185.66607,19082.78107,19018.77454,18986.47903,18964.04541
OECD ENV-Growth 2025,SSP3,1,Turkmenistan,TKM,USD_2015/yr,GDP|PPP [per capita],ANNUAL,15531.1763,16067.46031,17045.27934,17638.67863,17862.27962,18063.40644,18121.13543,18266.62837,18453.071,18544.70332,18511.34552,18416.80416,18318.04226,18256.60077,18225.5995,18204.0649
OECD ENV-Growth 2025,SSP3,1,Turkmenistan,TKM,USD_2017/yr,GDP|PPP [per capita],ANNUAL,15976.57115,16528.23443,17534.09483,18144.51132,18374.52462,18581.41924,18640.80376,18790.46907,18982.2584,19076.5185,19042.20409,18944.95152,18843.35737,18780.1539,18748.26359,18726.11144
OECD ENV-Growth 2025,SSP3,1,Uganda,UGA,USD_2010/yr,GDP|PPP [per capita],ANNUAL,3049.779846,3646.221157,4241.836986,4680.844372,5024.66506,5323.250703,5615.029926,5892.20396,6178.879689,6452.303946,6739.975293,7037.174363,7353.085799,7677.961125,7991.038094,8279.39705
OECD ENV-Growth 2025,SSP3,1,Uganda,UGA,USD_2015/yr,GDP|PPP [per capita],ANNUAL,2712.51768,3243.001086,3772.750297,4163.209726,4469.008748,4734.575076,4994.087678,5240.610216,5495.583696,5738.771129,5994.630127,6258.963218,6539.939353,6828.8881,7107.343221,7363.813787
OECD ENV-Growth 2025,SSP3,1,Uganda,UGA,USD_2017/yr,GDP|PPP [per capita],ANNUAL,2653.727011,3172.712807,3690.980319,4072.976994,4372.148177,4631.958664,4885.846632,5127.02608,5376.473307,5614.389934,5864.703486,6123.307464,6398.193768,6680.879887,6953.299816,7204.211681
OECD ENV-Growth 2025,SSP3,1,Ukraine,UKR,USD_2010/yr,GDP|PPP [per capita],ANNUAL,8207.812578,10077.59813,11712.47102,12926.80408,13742.27461,14469.85274,15240.256,16051.92694,16862.38479,17609.02535,18265.5778,18854.2397,19436.39499,20049.21439,20690.64323,21346.25928
OECD ENV-Growth 2025,SSP3,1,Ukraine,UKR,USD_2015/yr,GDP|PPP [per capita],ANNUAL,10606.32122,13022.50044,15135.12019,16704.30886,17758.07835,18698.27128,19693.80381,20742.66337,21789.95535,22754.78118,23603.19312,24363.87536,25116.1496,25908.0487,26736.91757,27584.11947
OECD ENV-Growth 2025,SSP3,1,Ukraine,UKR,USD_2017/yr,GDP|PPP [per capita],ANNUAL,11713.29818,14381.65293,16714.76586,18447.73004,19611.48097,20649.80141,21749.23723,22907.56578,24064.16315,25129.68742,26066.64773,26906.72204,27737.51079,28612.06005,29527.43759,30463.06156
OECD ENV-Growth 2025,SSP3,1,United Arab Emirates,ARE,USD_2010/yr,GDP|PPP [per capita],ANNUAL,96821.54531,114902.1286,129262.239,137380.2383,141581.6369,142718.4203,142306.7376,141679.5568,141178.8603,140153.706,138269.9529,135912.5668,132749.8995,128926.395,124909.0417,121213.4115
OECD ENV-Growth 2025,SSP3,1,United Arab Emirates,ARE,USD_2015/yr,GDP|PPP [per capita],ANNUAL,82832.26324,98300.46948,110585.7562,117530.8247,121125.1833,122097.7183,121745.5176,121208.9552,120780.6019,119903.5672,118291.9886,116275.21,113569.5013,110298.4368,106861.5316,103699.8653
OECD ENV-Growth 2025,SSP3,1,United Arab Emirates,ARE,USD_2017/yr,GDP|PPP [per capita],ANNUAL,80896.57011,96003.30246,108001.4964,114784.2667,118294.6294,119244.4374,118900.4672,118376.4437,117958.1005,117101.5611,115527.6432,113557.9943,110915.5149,107720.8913,104364.3026,101276.5207
OECD ENV-Growth 2025,SSP3,1,United Kingdom,GBR,USD_2010/yr,GDP|PPP [per capita],ANNUAL,41778.19552,44984.68751,47803.1185,50194.69347,52038.85372,53409.84239,54631.04488,55680.31665,56508.13992,56911.72619,56975.11318,56836.82331,56623.48567,56359.4484,55986.70594,55439.63571
OECD ENV-Growth 2025,SSP3,1,United Kingdom,GBR,USD_2015/yr,GDP|PPP [per capita],ANNUAL,45781.49454,49295.24121,52383.74184,55004.48395,57025.35658,58527.71708,59865.93847,61015.75429,61922.90181,62365.1608,62434.62171,62283.08052,62049.3003,61759.96227,61351.50262,60752.01065
OECD ENV-Growth 2025,SSP3,1,United Kingdom,GBR,USD_2017/yr,GDP|PPP [per capita],ANNUAL,48099.80914,51791.48731,55036.38555,57789.83859,59913.04555,61491.48361,62897.47077,64105.51174,65058.59602,65523.25042,65596.22874,65437.01371,65191.39516,64887.40544,64458.26193,63828.41247
OECD ENV-Growth 2025,SSP3,1,United States,USA,USD_2010/yr,GDP|PPP [per capita],ANNUAL,60483.86936,64904.20498,67517.27898,69008.8382,70189.26499,71393.14038,72760.79985,73940.7866,74856.9302,75447.09082,75910.72998,76408.8861,77004.03249,77647.54488,78258.25679,78815.29541
OECD ENV-Growth 2025,SSP3,1,United States,USA,USD_2015/yr,GDP|PPP [per capita],ANNUAL,65669.05513,70468.33908,73305.42775,74924.85596,76206.47886,77513.56057,78998.46732,80279.61245,81274.29558,81915.04973,82418.43593,82959.29818,83605.46553,84304.14521,84967.21248,85572.00513
OECD ENV-Growth 2025,SSP3,1,United States,USA,USD_2017/yr,GDP|PPP [per capita],ANNUAL,67480.29369,72411.94818,75327.28747,76991.38164,78308.35338,79651.48611,81177.34853,82493.82932,83515.94712,84174.37411,84691.64436,85247.42429,85911.41378,86629.36397,87310.7195,87932.19312
OECD ENV-Growth 2025,SSP3,1,United States Virgin Islands,VIR,USD_2017/yr,GDP|PPP [per capita],ANNUAL,32749.88297,35330.55378,37483.16296,39870.58662,42295.03165,44595.87133,46738.13541,48792.67974,50745.29413,52442.30124,53858.23007,55067.42405,56174.19447,57246.57496,58307.49648,59358.14086
OECD ENV-Growth 2025,SSP3,1,Uruguay,URY,USD_2010/yr,GDP|PPP [per capita],ANNUAL,24744.98369,27661.45101,30052.72323,31982.51603,33777.25875,35548.14224,37323.01414,38949.87187,40411.50508,41565.26362,42474.32058,43172.82484,43723.61176,44139.69205,44410.18072,44522.16652
OECD ENV-Growth 2025,SSP3,1,Uruguay,URY,USD_2015/yr,GDP|PPP [per capita],ANNUAL,25589.50237,28605.50546,31078.38913,33074.0436,34930.03889,36761.36066,38596.80695,40279.18752,41790.70464,42983.83968,43923.92174,44646.26517,45215.84983,45646.13047,45925.85063,46041.65837
OECD ENV-Growth 2025,SSP3,1,Uruguay,URY,USD_2017/yr,GDP|PPP [per capita],ANNUAL,26301.61869,29401.55249,31943.2527,33994.44315,35902.08792,37784.37255,39670.89647,41400.09509,42953.6754,44180.01355,45146.25664,45888.70177,46474.13709,46916.39178,47203.89611,47322.92661
OECD ENV-Growth 2025,SSP3,1,Uzbekistan,UZB,USD_2010/yr,GDP|PPP [per capita],ANNUAL,10346.38685,12494.22133,14431.63658,15824.50009,16750.01573,17511.86431,18333.76373,19283.46284,20367.00101,21507.81455,22663.2514,23837.68864,25082.00654,26410.89463,27797.6552,29231.59457
OECD ENV-Growth 2025,SSP3,1,Uzbekistan,UZB,USD_2015/yr,GDP|PPP [per capita],ANNUAL,9778.827187,11808.84042,13639.97714,14956.43396,15831.17967,16551.23642,17328.04986,18225.65243,19249.75221,20327.98548,21420.03988,22530.05238,23706.11219,24962.10301,26272.79168,27628.07111
OECD ENV-Growth 2025,SSP3,1,Uzbekistan,UZB,USD_2017/yr,GDP|PPP [per capita],ANNUAL,9370.309791,11315.51779,13070.15749,14331.61839,15169.82099,15859.79685,16604.15837,17464.26296,18445.58025,19478.76956,20525.20262,21588.84357,22715.77265,23919.29357,25175.2273,26473.88897
OECD ENV-Growth 2025,SSP3,1,Vanuatu,VUT,USD_2010/yr,GDP|PPP [per capita],ANNUAL,2210.782315,2327.461452,2661.748778,2992.879402,3284.066813,3614.530184,4030.776631,4542.008429,5176.512865,5944.06413,6880.174934,7991.693941,9295.933639,10814.42155,12586.51684,14663.52062
OECD ENV-Growth 2025,SSP3,1,Vanuatu,VUT,USD_2015/yr,GDP|PPP [per capita],ANNUAL,2406.762465,2533.784906,2897.705941,3258.190441,3575.190865,3934.94896,4388.094581,4944.645759,5635.397377,6470.990082,7490.084693,8700.136993,10119.99418,11773.09213,13702.27909,15963.4039
OECD ENV-Growth 2025,SSP3,1,Vanuatu,VUT,USD_2017/yr,GDP|PPP [per capita],ANNUAL,2477.061469,2607.794102,2982.344889,3353.358763,3679.618436,4049.884688,4516.266217,5089.07367,5800.001417,6660.000908,7708.862203,8954.25886,10415.58858,12116.97178,14102.50827,16429.67816
OECD ENV-Growth 2025,SSP3,1,Viet Nam,VNM,USD_2010/yr,GDP|PPP [per capita],ANNUAL,11321.37528,15164.30147,18782.96085,21503.39893,23646.7303,25538.93212,27343.85131,29013.76163,30548.46613,31909.00566,33021.88347,33898.29203,34596.06413,35168.02083,35656.98669,36092.23566
OECD ENV-Growth 2025,SSP3,1,Viet Nam,VNM,USD_2015/yr,GDP|PPP [per capita],ANNUAL,12468.21134,16700.41941,20685.64283,23681.65667,26042.10386,28125.9825,30113.73694,31952.80634,33642.97379,35141.33366,36366.9441,37332.13135,38100.58658,38730.48152,39268.97879,39748.31774
OECD ENV-Growth 2025,SSP3,1,Viet Nam,VNM,USD_2017/yr,GDP|PPP [per capita],ANNUAL,13281.40522,17789.64372,22034.78889,25226.20686,27740.60566,29960.39773,32077.79625,34036.81228,35837.21477,37433.29973,38738.84618,39766.98426,40585.5592,41256.53675,41830.15556,42340.75765
OECD ENV-Growth 2025,SSP3,1,Western Sahara,ESH,USD_2017/yr,GDP|PPP [per capita],ANNUAL,1890.877434,1940.661686,2092.866837,2230.182062,2318.456138,2388.599102,2463.026225,2542.810603,2631.851259,2723.514061,2820.845356,2925.280437,3036.558605,3155.467586,3283.617897,3421.9397
OECD ENV-Growth 2025,SSP3,1,Yemen,YEM,USD_2010/yr,GDP|PPP [per capita],ANNUAL,1604.797924,1886.206801,2179.846272,2518.298227,2864.412667,3223.781862,3590.385993,3959.848607,4335.740323,4716.697724,5089.652032,5438.188275,5748.140967,6023.707585,6276.311126,6518.63709
OECD ENV-Growth 2025,SSP3,1,Yemen,YEM,USD_2015/yr,GDP|PPP [per capita],ANNUAL,1696.131677,1993.556357,2303.907711,2661.621959,3027.434786,3407.256734,3794.725381,4185.215195,4582.50001,4985.138813,5379.319043,5747.691506,6075.284514,6366.534435,6633.514384,6889.631829
OECD ENV-Growth 2025,SSP3,1,Yemen,YEM,USD_2017/yr,GDP|PPP [per capita],ANNUAL,1745.675699,2051.788157,2371.204877,2739.367961,3115.866184,3506.782735,3905.569344,4307.46537,4716.354878,5130.754764,5536.449003,5915.581628,6252.743631,6552.500965,6827.279401,7090.878038
OECD ENV-Growth 2025,SSP3,1,Zambia,ZMB,USD_2010/yr,GDP|PPP [per capita],ANNUAL,3556.691466,4025.35782,4504.943673,4871.680404,5174.04807,5470.191598,5779.995471,6087.997867,6411.430043,6739.643598,7100.693152,7473.913215,7837.265785,8177.02247,8492.591258,8798.859644
OECD ENV-Growth 2025,SSP3,1,Zambia,ZMB,USD_2015/yr,GDP|PPP [per capita],ANNUAL,3483.095127,3942.063669,4411.725759,4770.873841,5066.984806,5357.000426,5660.393726,5962.022826,6278.762427,6600.184469,6953.763056,7319.260315,7675.094263,8007.82058,8316.859506,8616.790476
OECD ENV-Growth 2025,SSP3,1,Zambia,ZMB,USD_2017/yr,GDP|PPP [per capita],ANNUAL,3495.598884,3956.21505,4427.563152,4788.000519,5085.174475,5376.231205,5680.713639,5983.425539,6301.302185,6623.878081,6978.725959,7345.535295,7702.64663,8036.567382,8346.715708,8647.723383
OECD ENV-Growth 2025,SSP3,1,Zimbabwe,ZWE,USD_2010/yr,GDP|PPP [per capita],ANNUAL,2398.653522,2600.452658,2856.524016,3000.47781,3059.173432,3097.55889,3141.573174,3199.378882,3279.381141,3384.460375,3513.440727,3667.824233,3851.05588,4076.062748,4348.263764,4674.678544
OECD ENV-Growth 2025,SSP3,1,Zimbabwe,ZWE,USD_2015/yr,GDP|PPP [per capita],ANNUAL,2699.588072,2926.704885,3214.902899,3376.917105,3442.976667,3486.177956,3535.714263,3600.772262,3690.811587,3809.074039,3954.236238,4127.988665,4334.208515,4587.444696,4893.795992,5261.1627
OECD ENV-Growth 2025,SSP3,1,Zimbabwe,ZWE,USD_2017/yr,GDP|PPP [per capita],ANNUAL,2294.040679,2487.038719,2731.941997,2869.617513,2925.753233,2962.46458,3004.559263,3059.843881,3136.356989,3236.853387,3360.208499,3507.858853,3683.099191,3898.2928,4158.622271,4470.801074
OECD ENV-Growth 2025,SSP4,1,Albania,ALB,USD_2010/yr,GDP|PPP [per capita],ANNUAL,15432.88624,18937.72804,22905.28402,27203.85089,31603.68851,35817.75373,39924.56909,44103.95611,48451.08938,52980.57793,57359.63775,61588.41149,65726.63382,69903.04323,74116.19131,78372.95228
OECD ENV-Growth 2025,SSP4,1,Albania,ALB,USD_2015/yr,GDP|PPP [per capita],ANNUAL,16746.84149,20550.08536,24855.43888,29519.98554,34294.42514,38867.27569,43323.74512,47858.96497,52576.21296,57491.34198,62243.23475,66832.0461,71322.59649,75854.58521,80426.44054,85045.62194
OECD ENV-Growth 2025,SSP4,1,Albania,ALB,USD_2017/yr,GDP|PPP [per capita],ANNUAL,17481.41035,21451.47639,25945.67619,30814.82446,35798.68592,40572.116,45224.06013,49958.20891,54882.37016,60013.09211,64973.41777,69763.50873,74451.02872,79181.80465,83954.19585,88775.98899
OECD ENV-Growth 2025,SSP4,1,Algeria,DZA,USD_2010/yr,GDP|PPP [per capita],ANNUAL,14116.87245,14450.47035,15169.71704,15629.87767,16026.69345,16635.40653,17619.07079,18977.92786,20714.74942,22656.98939,24768.91541,27059.62385,29636.1445,32633.75515,36125.86157,40110.6513
OECD ENV-Growth 2025,SSP4,1,Algeria,DZA,USD_2015/yr,GDP|PPP [per capita],ANNUAL,12147.03898,12434.08746,13052.97225,13448.9232,13790.36829,14314.14305,15160.54923,16329.79475,17824.26452,19495.48913,21312.72222,23283.79087,25500.7902,28080.12167,31084.9482,34513.71023
OECD ENV-Growth 2025,SSP4,1,Algeria,DZA,USD_2017/yr,GDP|PPP [per capita],ANNUAL,11625.13995,11899.85536,12492.14968,12871.08855,13197.86341,13699.13412,14509.17436,15628.1831,17058.44279,18657.86303,20397.01847,22283.39991,24405.14559,26873.65577,29749.37955,33030.8244
OECD ENV-Growth 2025,SSP4,1,Angola,AGO,USD_2010/yr,GDP|PPP [per capita],ANNUAL,5073.527339,5222.742439,5496.052901,5756.776958,6125.591605,6646.338485,7329.079659,8134.04014,9079.675846,10169.2974,11414.7744,12834.59409,14447.23778,16271.08537,18250.43289,20372.27093
OECD ENV-Growth 2025,SSP4,1,Angola,AGO,USD_2015/yr,GDP|PPP [per capita],ANNUAL,5408.311571,5567.372851,5858.718109,6136.64643,6529.797859,7084.906994,7812.699858,8670.776852,9678.811733,10840.33358,12167.99523,13681.50383,15400.56021,17344.75709,19454.7148,21716.56546
OECD ENV-Growth 2025,SSP4,1,Angola,AGO,USD_2017/yr,GDP|PPP [per capita],ANNUAL,5918.575652,6092.644066,6411.477205,6715.627543,7145.872074,7753.354718,8549.813477,9488.84843,10591.98952,11863.09878,13316.02283,14972.32813,16853.57426,18981.20248,21290.23075,23765.4828
OECD ENV-Growth 2025,SSP4,1,Antigua and Barbuda,ATG,USD_2010/yr,GDP|PPP [per capita],ANNUAL,27660.99698,30969.71531,35075.60906,40098.62982,46240.98665,53096.62662,60663.88006,68934.84949,78098.19997,87958.67252,98649.48312,110201.7509,122708.7548,136257.0117,150915.4922,166730.0856
OECD ENV-Growth 2025,SSP4,1,Antigua and Barbuda,ATG,USD_2015/yr,GDP|PPP [per capita],ANNUAL,24844.80687,27816.66171,31504.53086,36016.15351,41533.15166,47690.81297,54487.63777,61916.53262,70146.95444,79003.52372,88605.89361,98982.01496,110215.67,122384.567,135550.6549,149755.1509
OECD ENV-Growth 2025,SSP4,1,Antigua and Barbuda,ATG,USD_2017/yr,GDP|PPP [per capita],ANNUAL,24433.15704,27355.77167,30982.53707,35419.40734,40844.99518,46900.63114,53584.84038,60890.647,68984.70021,77694.52634,87137.79603,97341.99699,108389.5233,120356.7957,133304.7367,147273.8805
OECD ENV-Growth 2025,SSP4,1,Argentina,ARG,USD_2010/yr,GDP|PPP [per capita],ANNUAL,17109.79652,18805.31443,20394.86798,22317.28324,24761.68045,27705.56918,31133.15744,34967.44813,39215.72074,43839.28392,48814.01537,54170.42367,59962.12445,66216.14074,72919.66996,80033.86647
OECD ENV-Growth 2025,SSP4,1,Argentina,ARG,USD_2015/yr,GDP|PPP [per capita],ANNUAL,18714.96921,20569.55382,22308.23293,24411.0015,27084.72229,30304.79488,34053.94576,38247.95428,42894.78284,47952.11022,53393.55108,59252.47619,65587.53117,72428.27426,79760.70179,87542.32376
OECD ENV-Growth 2025,SSP4,1,Argentina,ARG,USD_2017/yr,GDP|PPP [per capita],ANNUAL,22278.90305,24486.6604,26556.44009,29059.64363,32242.5271,36075.80539,40538.91554,45531.59857,51063.33318,57083.73884,63561.40557,70536.05901,78077.51281,86220.95406,94949.71231,104213.2061
OECD ENV-Growth 2025,SSP4,1,Armenia,ARM,USD_2010/yr,GDP|PPP [per capita],ANNUAL,15363.65144,19606.64472,24359.57766,28974.76556,33129.68992,36817.51528,40310.87475,43973.66452,47905.86019,51769.9185,55166.45027,58446.65857,61754.54999,65181.12092,68748.45584,72483.1572
OECD ENV-Growth 2025,SSP4,1,Armenia,ARM,USD_2015/yr,GDP|PPP [per capita],ANNUAL,16717.88371,21334.87653,26506.75773,31528.75234,36049.91338,40062.80287,43864.08525,47849.73239,52128.53227,56333.18881,60029.10858,63598.45153,67197.91774,70926.52447,74808.30288,78872.20027
OECD ENV-Growth 2025,SSP4,1,Armenia,ARM,USD_2017/yr,GDP|PPP [per capita],ANNUAL,18982.25832,24224.60549,30096.99859,35799.20353,40932.73886,45489.15918,49805.31099,54330.79908,59189.14635,63963.30784,68159.82608,72212.62313,76299.62353,80533.25606,84940.80678,89555.14382
OECD ENV-Growth 2025,SSP4,1,Aruba,ABW,USD_2010/yr,GDP|PPP [per capita],ANNUAL,41107.66664,42702.04138,45167.8841,48050.71613,51458.06432,55385.87162,59853.64379,64754.34264,70007.63469,75395.07719,81114.7933,87398.71909,94349.81878,102001.7169,110312.43,119259.7311
OECD ENV-Growth 2025,SSP4,1,Aruba,ABW,USD_2015/yr,GDP|PPP [per capita],ANNUAL,41361.76992,42966.00014,45447.08524,48347.73723,51776.14763,55728.23432,60223.62361,65154.61568,70440.38047,75861.12496,81616.19697,87938.96627,94933.03355,102632.2312,110994.3162,119996.9242
OECD ENV-Growth 2025,SSP4,1,Aruba,ABW,USD_2017/yr,GDP|PPP [per capita],ANNUAL,42301.19485,43941.86099,46479.29748,49445.83023,52952.10805,56993.95609,61591.44646,66634.43317,72040.25035,77584.11294,83469.89643,89936.27098,97089.19028,104963.2552,113515.2632,122722.342
OECD ENV-Growth 2025,SSP4,1,Australia,AUS,USD_2010/yr,GDP|PPP [per capita],ANNUAL,48635.86039,53847.55776,60335.79099,67871.98926,75814.83477,83086.58043,89673.42845,96062.31078,102465.0722,108708.516,114672.4999,120356.2574,125816.6623,131105.4953,136230.8923,141165.3682
OECD ENV-Growth 2025,SSP4,1,Australia,AUS,USD_2015/yr,GDP|PPP [per capita],ANNUAL,52086.2088,57667.63689,64616.16146,72686.99631,81193.32695,88980.94826,96035.08359,102877.2091,109734.1982,116420.5674,122807.6511,128894.6284,134742.408,140406.4438,145895.4493,151179.9891
OECD ENV-Growth 2025,SSP4,1,Australia,AUS,USD_2017/yr,GDP|PPP [per capita],ANNUAL,54339.61844,60162.51628,67411.6554,75831.65939,84706.00007,92830.53783,100189.8568,107327.9936,114481.6373,121457.2793,128120.6879,134471.0066,140571.7791,146480.8586,152207.3353,157720.5005
OECD ENV-Growth 2025,SSP4,1,Austria,AUT,USD_2010/yr,GDP|PPP [per capita],ANNUAL,46126.58719,50690.13347,54568.09948,58559.35975,62271.06705,65409.84524,68322.71667,71335.80595,74526.55775,77651.27091,80626.88064,83425.88842,86068.27645,88556.77502,90906.8576,93129.07078
OECD ENV-Growth 2025,SSP4,1,Austria,AUT,USD_2015/yr,GDP|PPP [per capita],ANNUAL,53629.70439,58935.57358,63444.34354,68084.83662,72400.30362,76049.64681,79436.33642,82939.54568,86649.31669,90282.30697,93741.94012,96996.24461,100068.453,102961.7398,105694.0952,108277.7816
OECD ENV-Growth 2025,SSP4,1,Austria,AUT,USD_2017/yr,GDP|PPP [per capita],ANNUAL,56849.54915,62473.97455,67253.4441,72172.54523,76747.10622,80615.55035,84205.57158,87919.10812,91851.60806,95702.71748,99370.06167,102819.7496,106076.4086,109143.4039,112039.8058,114778.6127
OECD ENV-Growth 2025,SSP4,1,Azerbaijan,AZE,USD_2010/yr,GDP|PPP [per capita],ANNUAL,16359.28773,18218.50663,20075.47324,22052.68153,24494.43048,27475.37928,30878.14667,34740.03552,39023.76719,43676.60302,48668.07868,54029.8063,59810.4723,66025.47602,72595.34857,79511.80262
OECD ENV-Growth 2025,SSP4,1,Azerbaijan,AZE,USD_2015/yr,GDP|PPP [per capita],ANNUAL,15808.61285,17605.24802,19399.70672,21310.35961,23669.91612,26550.52231,29838.74813,33570.64078,37710.17648,42206.3918,47029.84791,52211.09281,57797.17408,63802.9727,70151.6948,76835.33203
OECD ENV-Growth 2025,SSP4,1,Azerbaijan,AZE,USD_2017/yr,GDP|PPP [per capita],ANNUAL,15723.23568,17510.16781,19294.93523,21195.2693,23542.08261,26407.13159,29677.59877,33389.33668,37506.5161,41978.44883,46775.85502,51929.1177,57485.03036,63458.39362,69772.82834,76420.36942
OECD ENV-Growth 2025,SSP4,1,Bahamas,BHS,USD_2010/yr,GDP|PPP [per capita],ANNUAL,31362.93138,33064.65115,35151.14098,37661.55523,40719.47167,44091.5624,47736.99458,51607.6314,55743.41877,60131.94106,64793.8344,69783.22178,75150.29554,80880.13285,86968.35367,93407.57064
OECD ENV-Growth 2025,SSP4,1,Bahamas,BHS,USD_2015/yr,GDP|PPP [per capita],ANNUAL,34441.8791,36310.65935,38601.98312,41358.84864,44716.96549,48420.09961,52423.40954,56674.03278,61215.83683,66035.18717,71154.74583,76633.94912,82527.91685,88820.2612,95506.17211,102577.537
OECD ENV-Growth 2025,SSP4,1,Bahamas,BHS,USD_2017/yr,GDP|PPP [per capita],ANNUAL,36916.06779,38919.09493,41375.01969,44329.92915,47929.28182,51898.43663,56189.33087,60745.30459,65613.37656,70778.93281,76266.26333,82139.07414,88456.44469,95200.80988,102367.0141,109946.3621
OECD ENV-Growth 2025,SSP4,1,Bahrain,BHR,USD_2010/yr,GDP|PPP [per capita],ANNUAL,54258.24458,57876.4796,62347.22952,66220.11372,70022.29488,73808.43713,78175.21077,83156.08289,88844.38364,94525.49823,100350.7008,106401.4729,112758.6874,119585.1873,126994.2873,135019.6185
OECD ENV-Growth 2025,SSP4,1,Bahrain,BHR,USD_2015/yr,GDP|PPP [per capita],ANNUAL,48770.82399,52023.12795,56041.7275,59522.92663,62940.57329,66343.80313,70268.94207,74746.07249,79859.08558,84965.63929,90201.70858,95640.5344,101354.8105,107490.9106,114150.6896,121364.377
OECD ENV-Growth 2025,SSP4,1,Bahrain,BHR,USD_2017/yr,GDP|PPP [per capita],ANNUAL,51588.04726,55028.21898,59278.95102,62961.23995,66576.30532,70176.1211,74327.99381,79063.74352,84472.10736,89873.63869,95412.16702,101165.164,107209.5225,113700.0716,120744.5494,128374.932
OECD ENV-Growth 2025,SSP4,1,Bangladesh,BGD,USD_2010/yr,GDP|PPP [per capita],ANNUAL,6697.592934,8935.733224,11230.45744,13265.62167,15145.62541,17040.29828,19009.28241,21083.47588,23330.53414,25679.24718,28149.53677,30653.00197,33180.83213,35793.32104,38547.04804,41430.88675
OECD ENV-Growth 2025,SSP4,1,Bangladesh,BGD,USD_2015/yr,GDP|PPP [per capita],ANNUAL,7595.976295,10134.33011,12736.85775,15045.00926,17177.18779,19326.0031,21559.09743,23911.51337,26459.98138,29123.73964,31925.38217,34764.65031,37631.55163,40594.46741,43717.56631,46988.22946
OECD ENV-Growth 2025,SSP4,1,Bangladesh,BGD,USD_2017/yr,GDP|PPP [per capita],ANNUAL,7813.45603,10424.48523,13101.52561,15475.76161,17668.98636,19879.32421,22176.35406,24596.12183,27217.5548,29957.57889,32839.43501,35759.99399,38708.97731,41756.72407,44969.24014,48333.54536
OECD ENV-Growth 2025,SSP4,1,Barbados,BRB,USD_2010/yr,GDP|PPP [per capita],ANNUAL,17346.48194,19061.42452,21316.3021,24501.48091,28534.69883,33091.22405,38024.25457,43251.89481,48791.25163,54596.40073,60779.03905,67368.27522,74402.33279,81841.27339,89724.12357,98112.70811
OECD ENV-Growth 2025,SSP4,1,Barbados,BRB,USD_2015/yr,GDP|PPP [per capita],ANNUAL,16945.73808,18621.06152,20823.84621,23935.44002,27875.48127,32326.74022,37145.80632,42252.67598,47664.06085,53335.09757,59374.90264,65811.91221,72683.46678,79950.55064,87651.28874,95846.07758
OECD ENV-Growth 2025,SSP4,1,Barbados,BRB,USD_2017/yr,GDP|PPP [per capita],ANNUAL,16785.78632,18445.29629,20627.28877,23709.51208,27612.36307,32021.60634,36795.18501,41853.85064,47214.15714,52831.66463,58814.45966,65190.70994,71997.40352,79195.89297,86823.94339,94941.38116
OECD ENV-Growth 2025,SSP4,1,Belarus,BLR,USD_2010/yr,GDP|PPP [per capita],ANNUAL,17368.73841,18484.53828,19982.64021,21740.85778,23723.64187,25872.99877,28331.22557,31197.25024,34476.36365,38018.16835,41745.77981,45688.65555,49899.548,54446.99502,59355.68217,64639.02335
OECD ENV-Growth 2025,SSP4,1,Belarus,BLR,USD_2015/yr,GDP|PPP [per capita],ANNUAL,19323.72474,20565.11655,22231.84148,24187.96009,26393.92192,28785.20562,31520.12493,34708.74293,38356.94601,42297.40831,46444.59139,50831.26839,55516.12947,60575.42696,66036.62496,71914.6472
OECD ENV-Growth 2025,SSP4,1,Belarus,BLR,USD_2017/yr,GDP|PPP [per capita],ANNUAL,19604.56007,20863.99325,22554.94101,24539.48826,26777.50975,29203.54643,31978.21283,35213.17161,38914.39471,42912.1245,47119.57936,51570.00877,56322.95581,61455.78102,66996.34764,72959.79628
OECD ENV-Growth 2025,SSP4,1,Belgium,BEL,USD_2010/yr,GDP|PPP [per capita],ANNUAL,46065.85622,49685.11683,52854.99273,55679.00198,58133.57932,60302.62869,62465.48274,64860.27665,67451.41941,69943.30267,72252.55604,74405.04344,76464.00054,78476.82399,80445.03671,82351.26689
OECD ENV-Growth 2025,SSP4,1,Belgium,BEL,USD_2015/yr,GDP|PPP [per capita],ANNUAL,51820.45484,55891.83756,59457.69792,62634.48559,65395.6915,67835.70096,70268.74117,72962.69543,75877.52665,78680.69878,81278.42668,83699.80523,86015.96957,88280.2372,90494.32126,92638.67986
OECD ENV-Growth 2025,SSP4,1,Belgium,BEL,USD_2017/yr,GDP|PPP [per capita],ANNUAL,55471.89214,59830.15769,63647.28014,67047.91457,70003.684,72615.62444,75220.10455,78103.88356,81224.10325,84224.79597,87005.5682,89597.56494,92076.93373,94500.749,96870.84461,99166.30166
OECD ENV-Growth 2025,SSP4,1,Belize,BLZ,USD_2010/yr,GDP|PPP [per capita],ANNUAL,10961.08033,11618.74481,12996.26116,15025.34507,17764.27315,21117.28075,25054.08764,29591.24512,34825.18797,40718.85197,47302.83574,54486.68613,62245.99293,70580.40715,79547.98964,89220.69497
OECD ENV-Growth 2025,SSP4,1,Belize,BLZ,USD_2015/yr,GDP|PPP [per capita],ANNUAL,10160.26281,10769.87826,12046.75315,13927.59201,16466.41375,19574.45031,23223.63374,27429.30608,32280.8566,37743.92897,43846.88629,50505.88392,57698.29506,65423.79623,73736.20633,82702.22294
OECD ENV-Growth 2025,SSP4,1,Belize,BLZ,USD_2017/yr,GDP|PPP [per capita],ANNUAL,10241.55,10856.04267,12143.13319,14039.01971,16598.1533,19731.0557,23409.43442,27648.75424,32539.11959,38045.89927,44197.6833,50909.95624,58159.91027,65947.21931,74326.13285,83363.88207
OECD ENV-Growth 2025,SSP4,1,Benin,BEN,USD_2010/yr,GDP|PPP [per capita],ANNUAL,3336.307073,3929.375365,4670.849273,5375.906427,6102.135215,6903.081469,7819.643781,8866.6462,10060.52177,11445.15685,13044.03339,14917.44165,17063.61142,19533.84644,22308.25768,25401.82175
OECD ENV-Growth 2025,SSP4,1,Benin,BEN,USD_2015/yr,GDP|PPP [per capita],ANNUAL,3739.916059,4404.730652,5235.904197,6026.255479,6840.339629,7738.180173,8765.623402,9939.2867,11277.5911,12829.73209,14622.03234,16722.07575,19127.87791,21896.94905,25006.99406,28474.80134
OECD ENV-Growth 2025,SSP4,1,Benin,BEN,USD_2017/yr,GDP|PPP [per capita],ANNUAL,3816.525169,4494.957943,5343.157396,6149.698375,6980.458369,7896.69044,8945.18,10142.88483,11508.60329,13092.53862,14921.55267,17064.61374,19519.69678,22345.49008,25519.2418,29058.08426
OECD ENV-Growth 2025,SSP4,1,Bhutan,BTN,USD_2010/yr,GDP|PPP [per capita],ANNUAL,9746.056243,11387.19284,12845.09273,14135.64099,15388.07952,16748.2742,18297.5342,19991.61055,21839.39793,23751.53073,25751.16843,27836.54527,29975.49073,32202.03405,34544.16998,37045.72033
OECD ENV-Growth 2025,SSP4,1,Bhutan,BTN,USD_2015/yr,GDP|PPP [per capita],ANNUAL,11481.98457,13415.43382,15133.00898,16653.42449,18128.94234,19731.40942,21556.61739,23552.4358,25729.34363,27982.05784,30337.86296,32794.67874,35314.60455,37937.73081,40697.03857,43644.155
OECD ENV-Growth 2025,SSP4,1,Bhutan,BTN,USD_2017/yr,GDP|PPP [per capita],ANNUAL,12103.21858,14141.2773,15951.78205,17554.45981,19109.8107,20798.97944,22722.94048,24826.74285,27121.43252,29496.03007,31979.29628,34569.03833,37225.30501,39990.35579,42898.9562,46005.52667
OECD ENV-Growth 2025,SSP4,1,Bolivia,BOL,USD_2010/yr,GDP|PPP [per capita],ANNUAL,6594.784831,6882.815431,7376.316231,8113.966633,9019.4262,10126.11795,11432.27372,12886.70043,14465.87575,16151.25592,17982.70339,20014.26197,22267.91335,24743.92145,27420.35245,30310.09461
OECD ENV-Growth 2025,SSP4,1,Bolivia,BOL,USD_2015/yr,GDP|PPP [per capita],ANNUAL,7538.845026,7868.107938,8432.254631,9275.501561,10310.57997,11575.69744,13068.83274,14731.46433,16536.7026,18463.34922,20556.97305,22879.3544,25455.62169,28286.07664,31345.64554,34649.06163
OECD ENV-Growth 2025,SSP4,1,Bolivia,BOL,USD_2017/yr,GDP|PPP [per capita],ANNUAL,8438.451459,8807.005142,9438.471165,10382.34231,11540.93608,12957.01937,14628.32971,16489.36226,18510.01867,20666.57102,23010.02589,25609.53579,28493.22771,31661.43936,35086.10502,38783.71603
OECD ENV-Growth 2025,SSP4,1,Bosnia and Herzegovina,BIH,USD_2010/yr,GDP|PPP [per capita],ANNUAL,16102.76824,19521.18724,22990.68261,25984.29883,28510.31352,30637.38368,32515.28446,34338.45346,36163.06777,37828.41269,39442.40063,40981.81036,42503.78195,44069.25514,45736.131,47540.57419
OECD ENV-Growth 2025,SSP4,1,Bosnia and Herzegovina,BIH,USD_2015/yr,GDP|PPP [per capita],ANNUAL,17499.83322,21214.83186,24985.33825,28238.67852,30983.84849,33295.46177,35336.28793,37317.6338,39300.55037,41110.37946,42864.39588,44537.36372,46191.38051,47892.67307,49704.16591,51665.16134
OECD ENV-Growth 2025,SSP4,1,Bosnia and Herzegovina,BIH,USD_2017/yr,GDP|PPP [per capita],ANNUAL,18529.20465,22462.72615,26455.02045,29899.72801,32806.37378,35253.96028,37414.83147,39512.72364,41612.27891,43528.56538,45385.75618,47157.13098,48908.43998,50709.80561,52627.8537,54704.19837
OECD ENV-Growth 2025,SSP4,1,Botswana,BWA,USD_2010/yr,GDP|PPP [per capita],ANNUAL,16499.10325,18775.1803,21112.38736,23338.07922,25723.88445,28424.82125,31491.0039,34797.83031,38284.09796,41962.19325,45949.26458,50358.6018,55158.02948,60388.84622,65957.73232,71945.80339
OECD ENV-Growth 2025,SSP4,1,Botswana,BWA,USD_2015/yr,GDP|PPP [per capita],ANNUAL,16523.54592,18802.99487,21143.6644,23372.65352,25761.9932,28466.93132,31537.65638,34849.38171,38340.8141,42024.35832,46017.33631,50433.20577,55239.74358,60478.30953,66055.44569,72052.38781
OECD ENV-Growth 2025,SSP4,1,Botswana,BWA,USD_2017/yr,GDP|PPP [per capita],ANNUAL,16845.39401,19169.24242,21555.50385,23827.90956,26263.78916,29021.41446,32151.95157,35528.18317,39087.62221,42842.91506,46913.66887,51415.55129,56315.71156,61656.31509,67342.08353,73455.83499
OECD ENV-Growth 2025,SSP4,1,Brazil,BRA,USD_2010/yr,GDP|PPP [per capita],ANNUAL,15402.68303,16323.84734,18211.44218,20934.49875,24576.72382,28996.73318,34131.15268,39836.38474,46149.41968,52975.91241,60397.44347,68365.40561,76872.24675,85853.47686,95247.80905,105053.1058
OECD ENV-Growth 2025,SSP4,1,Brazil,BRA,USD_2015/yr,GDP|PPP [per capita],ANNUAL,15674.09454,16611.49074,18532.34698,21303.38668,25009.7916,29507.68617,34732.57956,40538.34382,46962.62109,53909.40381,61461.71007,69570.07611,78226.81675,87366.3056,96926.17582,106904.2522
OECD ENV-Growth 2025,SSP4,1,Brazil,BRA,USD_2017/yr,GDP|PPP [per capita],ANNUAL,15999.26357,16956.10665,18916.81227,21745.33895,25528.63559,30119.84184,35453.12895,41379.33747,47936.89046,55027.78859,62736.77223,71013.35146,79849.68168,89178.77502,98936.97082,109122.0487
OECD ENV-Growth 2025,SSP4,1,Brunei Darussalam,BRN,USD_2010/yr,GDP|PPP [per capita],ANNUAL,71470.6687,79678.73333,86508.13272,90304.66939,92310.47805,93604.12826,94955.23463,96480.44376,98346.27859,100074.4782,102077.4115,104402.3319,107154.2319,110395.1893,114130.0308,118366.4377
OECD ENV-Growth 2025,SSP4,1,Brunei Darussalam,BRN,USD_2015/yr,GDP|PPP [per capita],ANNUAL,59751.35627,66613.5139,72323.07117,75497.07554,77173.98427,78255.50982,79385.07023,80660.18513,82220.07205,83664.89231,85339.3972,87283.09165,89583.75237,92293.27787,95415.70351,98957.45088
OECD ENV-Growth 2025,SSP4,1,Brunei Darussalam,BRN,USD_2017/yr,GDP|PPP [per capita],ANNUAL,60299.41768,67224.51754,72986.44497,76189.56247,77881.85243,78973.29813,80113.21928,81400.03,82974.22478,84432.29747,86122.16152,88083.68425,90405.44748,93139.82574,96290.89142,99865.125
OECD ENV-Growth 2025,SSP4,1,Bulgaria,BGR,USD_2010/yr,GDP|PPP [per capita],ANNUAL,23196.70483,27778.28102,32442.08085,36977.1255,41322.68558,45453.62557,49546.3119,53678.24637,57857.99255,62010.99658,66154.40508,70318.54921,74540.27475,78881.90901,83445.24155,88345.47767
OECD ENV-Growth 2025,SSP4,1,Bulgaria,BGR,USD_2015/yr,GDP|PPP [per capita],ANNUAL,25792.56595,30886.85011,36072.55927,41115.10472,45946.96104,50540.17991,55090.86428,59685.1889,64332.67569,68950.4277,73557.51037,78187.64913,82881.81304,87709.30421,92783.30314,98231.90734
OECD ENV-Growth 2025,SSP4,1,Bulgaria,BGR,USD_2017/yr,GDP|PPP [per capita],ANNUAL,28138.50091,33696.13018,39353.49992,44854.68463,50126.01722,55137.00735,60101.5943,65113.79075,70183.98468,75221.73933,80247.85423,85299.12226,90420.23876,95686.80918,101222.3082,107166.4843
OECD ENV-Growth 2025,SSP4,1,Burkina Faso,BFA,USD_2010/yr,GDP|PPP [per capita],ANNUAL,2082.494085,2418.142901,2898.119036,3334.449665,3755.503494,4194.572341,4678.034619,5185.424056,5719.224398,6259.615837,6823.71433,7414.397784,8044.602639,8718.536411,9420.474701,10130.62613
OECD ENV-Growth 2025,SSP4,1,Burkina Faso,BFA,USD_2015/yr,GDP|PPP [per capita],ANNUAL,2117.520213,2458.814414,2946.86342,3390.532832,3818.668499,4265.122184,4756.715968,5272.639348,5815.417847,6364.898301,6938.484546,7539.102892,8179.907363,8865.176241,9578.920653,10301.01634
OECD ENV-Growth 2025,SSP4,1,Burkina Faso,BFA,USD_2017/yr,GDP|PPP [per capita],ANNUAL,2391.678297,2777.160299,3328.397641,3829.509506,4313.076452,4817.333074,5372.574141,5955.29479,6568.347524,7188.969924,7836.819122,8515.200303,9238.970558,10012.96208,10819.11591,11634.70226
OECD ENV-Growth 2025,SSP4,1,Burundi,BDI,USD_2010/yr,GDP|PPP [per capita],ANNUAL,606.9587511,705.3472089,815.8548951,920.1619576,1016.157613,1114.903251,1222.678354,1335.355833,1448.960151,1559.096311,1668.621401,1779.278115,1890.899229,1998.89949,2100.836548,2196.863614
OECD ENV-Growth 2025,SSP4,1,Burundi,BDI,USD_2015/yr,GDP|PPP [per capita],ANNUAL,789.9262804,917.9739087,1061.794103,1197.544497,1322.478013,1450.990494,1591.254369,1737.898439,1885.748744,2029.085415,2171.626811,2315.640957,2460.910221,2601.467128,2734.133081,2859.107477
OECD ENV-Growth 2025,SSP4,1,Burundi,BDI,USD_2017/yr,GDP|PPP [per capita],ANNUAL,774.4952373,900.0414822,1041.052179,1174.150719,1296.643684,1422.645701,1560.169551,1703.94896,1848.91104,1989.44766,2129.20454,2270.4054,2412.83686,2550.648017,2680.722369,2803.255416
OECD ENV-Growth 2025,SSP4,1,Cabo Verde,CPV,USD_2010/yr,GDP|PPP [per capita],ANNUAL,7512.431821,9018.989346,10527.44155,11802.70425,12945.06435,14053.89124,15232.43122,16494.14219,17916.26285,19458.62265,21109.51794,22828.48183,24633.30249,26552.00526,28623.83146,30869.833
OECD ENV-Growth 2025,SSP4,1,Cabo Verde,CPV,USD_2015/yr,GDP|PPP [per capita],ANNUAL,7830.062802,9400.318654,10972.54929,12301.73101,13492.39091,14648.0998,15876.46928,17191.5263,18673.77524,20281.3471,22002.04342,23793.68634,25674.8161,27674.64299,29834.06749,32175.03157
OECD ENV-Growth 2025,SSP4,1,Cabo Verde,CPV,USD_2017/yr,GDP|PPP [per capita],ANNUAL,8393.609761,10076.8804,11762.26796,13187.11384,14463.46816,15702.35598,17019.13394,18428.83851,20017.76819,21741.04057,23585.57921,25506.17064,27522.68947,29666.44833,31981.29139,34490.73985
OECD ENV-Growth 2025,SSP4,1,Cambodia,KHM,USD_2010/yr,GDP|PPP [per capita],ANNUAL,4683.777571,6010.315775,7525.782358,9135.938912,10917.63341,12973.38825,15302.71739,18020.17102,21121.46432,24534.5946,28278.70985,32341.34695,36735.17638,41506.60533,46732.53413,52464.29067
OECD ENV-Growth 2025,SSP4,1,Cambodia,KHM,USD_2015/yr,GDP|PPP [per capita],ANNUAL,5012.53048,6432.177993,8054.01471,9777.187657,11683.93874,13883.98638,16376.81042,19285.00129,22603.97341,26256.67026,30263.58381,34611.37615,39313.60712,44419.94121,50012.67634,56146.74312
OECD ENV-Growth 2025,SSP4,1,Cambodia,KHM,USD_2017/yr,GDP|PPP [per capita],ANNUAL,5241.763272,6726.334033,8422.340505,10224.31751,12218.26804,14518.92815,17125.75389,20166.94199,23637.69718,27457.43898,31647.5965,36194.22186,41111.49502,46451.35173,52299.85354,58714.44314
OECD ENV-Growth 2025,SSP4,1,Cameroon,CMR,USD_2010/yr,GDP|PPP [per capita],ANNUAL,3489.407024,3922.313667,4517.17587,5138.206577,5810.263989,6579.044175,7473.901805,8514.412826,9724.457052,11110.56349,12745.9165,14640.31294,16839.48632,19340.96088,22162.31537,25319.84734
OECD ENV-Growth 2025,SSP4,1,Cameroon,CMR,USD_2015/yr,GDP|PPP [per capita],ANNUAL,3802.18139,4273.89179,4922.0747,5598.771738,6331.069279,7168.759378,8143.827923,9277.605557,10596.11257,12106.46321,13888.40172,15952.60313,18348.90028,21074.59549,24148.84319,27589.40179
OECD ENV-Growth 2025,SSP4,1,Cameroon,CMR,USD_2017/yr,GDP|PPP [per capita],ANNUAL,4000.081418,4496.343908,5178.26414,5890.182634,6660.595585,7541.886679,8567.706641,9760.496353,11147.63044,12736.59343,14611.2802,16782.92138,19303.94358,22171.50871,25405.76817,29025.40466
OECD ENV-Growth 2025,SSP4,1,Canada,CAN,USD_2010/yr,GDP|PPP [per capita],ANNUAL,45839.39052,50179.40419,55641.81619,61966.32765,68322.65783,73949.5819,79092.11788,83973.45193,88857.94208,93629.2508,98149.03667,102433.0076,106555.9435,110572.6354,114500.1274,118308.2568
OECD ENV-Growth 2025,SSP4,1,Canada,CAN,USD_2015/yr,GDP|PPP [per capita],ANNUAL,48206.47111,52770.59688,58515.08002,65166.18022,71850.74219,77768.23258,83176.32177,88309.72093,93446.43916,98464.13145,103217.3126,107722.5017,112058.34,116282.4482,120412.7503,124417.5261
OECD ENV-Growth 2025,SSP4,1,Canada,CAN,USD_2017/yr,GDP|PPP [per capita],ANNUAL,51284.35283,56139.88843,62251.14472,69326.90367,76438.26086,82733.57055,88486.95485,93948.11075,99412.79763,104750.859,109807.5208,114600.3567,119213.0292,123706.8378,128100.851,132361.3232
OECD ENV-Growth 2025,SSP4,1,Central African Republic,CAF,USD_2010/yr,GDP|PPP [per capita],ANNUAL,645.3767826,686.4409654,789.0798427,900.6657968,1023.578663,1161.889087,1317.631146,1485.884933,1676.194685,1889.176971,2133.775195,2413.14698,2732.689161,3104.929905,3540.001972,4042.521031
OECD ENV-Growth 2025,SSP4,1,Central African Republic,CAF,USD_2015/yr,GDP|PPP [per capita],ANNUAL,746.1250195,793.5996343,912.2612231,1041.266595,1183.367097,1343.268833,1523.323415,1717.842902,1937.861456,2184.091901,2466.873773,2789.857625,3159.282776,3589.633139,4092.623273,4673.589389
OECD ENV-Growth 2025,SSP4,1,Central African Republic,CAF,USD_2017/yr,GDP|PPP [per capita],ANNUAL,808.4500508,859.8902971,988.4638805,1128.245281,1282.215667,1455.474254,1650.569087,1861.337102,2099.734162,2366.532635,2672.935735,3022.89895,3423.182783,3889.481008,4434.486723,5063.98188
OECD ENV-Growth 2025,SSP4,1,Chad,TCD,USD_2010/yr,GDP|PPP [per capita],ANNUAL,1538.998271,1576.442027,1807.149172,2035.010563,2257.36241,2492.890608,2752.929115,3033.709342,3338.402198,3665.675263,4009.11907,4373.366394,4749.1548,5153.803833,5591.524414,6062.442135
OECD ENV-Growth 2025,SSP4,1,Chad,TCD,USD_2015/yr,GDP|PPP [per capita],ANNUAL,1448.932543,1484.185004,1701.390635,1915.917052,2125.256357,2347.000901,2591.821354,2856.169675,3143.031202,3451.151493,3774.496177,4117.426908,4471.223309,4852.191347,5264.295511,5707.654041
OECD ENV-Growth 2025,SSP4,1,Chad,TCD,USD_2017/yr,GDP|PPP [per capita],ANNUAL,1470.316831,1506.089571,1726.500864,1944.193401,2156.622271,2381.639465,2630.073138,2898.322883,3189.418099,3502.08583,3830.202644,4178.19457,4537.212528,4923.80314,5341.989405,5791.891308
OECD ENV-Growth 2025,SSP4,1,Chile,CHL,USD_2010/yr,GDP|PPP [per capita],ANNUAL,22985.14184,24240.21683,26527.95413,29657.22518,33702.65132,38245.41559,43068.41134,48076.56583,53391.17107,58929.96119,64550.9769,70164.51576,75722.69156,81164.43953,86424.79718,91440.15293
OECD ENV-Growth 2025,SSP4,1,Chile,CHL,USD_2015/yr,GDP|PPP [per capita],ANNUAL,25006.85463,26372.32272,28861.2834,32265.79693,36667.04814,41609.38204,46856.59584,52305.25447,58087.31844,64113.28602,70228.71153,76336.00254,82383.06091,88303.45076,94026.49568,99482.98896
OECD ENV-Growth 2025,SSP4,1,Chile,CHL,USD_2017/yr,GDP|PPP [per capita],ANNUAL,26950.06189,28421.6364,31104.0067,34773.07471,39516.33387,44842.72164,50497.6806,56369.73806,62601.10879,69095.33614,75685.97293,82267.8431,88784.80014,95165.24563,101333.0111,107213.512
OECD ENV-Growth 2025,SSP4,1,China,CHN,USD_2010/yr,GDP|PPP [per capita],ANNUAL,21528.70175,26124.00198,30685.12676,34855.11972,39298.33587,43909.14513,48525.14859,53533.09232,58863.52922,64025.74441,68903.19983,73697.80997,78513.96481,83335.27913,88024.70634,92444.4573
OECD ENV-Growth 2025,SSP4,1,China,CHN,USD_2015/yr,GDP|PPP [per capita],ANNUAL,21134.83804,25646.06808,30123.7479,34217.4516,38579.37991,43105.83525,47637.38975,52553.71406,57786.63158,62854.40498,67642.62823,72349.52184,77077.56599,81810.67524,86414.31022,90753.20264
OECD ENV-Growth 2025,SSP4,1,China,CHN,USD_2017/yr,GDP|PPP [per capita],ANNUAL,20667.66612,25079.17834,29457.88194,33461.09696,37726.60767,42153.00864,46584.39606,51392.0482,56509.29546,61465.04901,66147.43168,70750.28245,75373.81625,80002.30318,84504.17779,88747.1618
OECD ENV-Growth 2025,SSP4,1,Colombia,COL,USD_2010/yr,GDP|PPP [per capita],ANNUAL,14728.5385,16367.55883,18831.87283,22201.83564,26394.66484,31124.80962,36278.74908,41721.16113,47501.33482,53604.93359,60033.87921,66678.27496,73477.94208,80398.85999,87404.46189,94501.53097
OECD ENV-Growth 2025,SSP4,1,Colombia,COL,USD_2015/yr,GDP|PPP [per capita],ANNUAL,15218.01222,16911.50214,19457.71272,22939.66954,27271.8391,32159.18084,37484.40125,43107.68104,49079.94733,55386.38708,62028.98594,68894.19498,75919.83553,83070.7564,90309.17556,97642.10165
OECD ENV-Growth 2025,SSP4,1,Colombia,COL,USD_2017/yr,GDP|PPP [per capita],ANNUAL,16332.6678,18150.19876,20882.90858,24619.90414,29269.38695,34514.70598,40229.97645,46265.13791,52674.84766,59443.20768,66572.34904,73940.40586,81480.64512,89155.34096,96923.94397,104793.9761
OECD ENV-Growth 2025,SSP4,1,Comoros,COM,USD_2010/yr,GDP|PPP [per capita],ANNUAL,2681.551147,2990.323328,3378.730975,4100.98558,5089.972891,6274.852356,7617.316128,9086.036736,10668.6946,12375.68175,14208.68483,16181.71406,18251.16529,20411.63856,22666.02678,25064.41761
OECD ENV-Growth 2025,SSP4,1,Comoros,COM,USD_2015/yr,GDP|PPP [per capita],ANNUAL,3137.077884,3498.302536,3952.690678,4797.637808,5954.628688,7340.788773,8911.302695,10629.52125,12481.03208,14477.99255,16622.37582,18930.57209,21351.56999,23879.05223,26516.40317,29322.21906
OECD ENV-Growth 2025,SSP4,1,Comoros,COM,USD_2017/yr,GDP|PPP [per capita],ANNUAL,3426.455781,3821.001387,4317.304294,5240.193074,6503.909894,8017.935497,9733.320549,11610.03516,13632.33751,15813.50642,18155.69706,20676.81154,23321.13295,26081.7613,28962.39312,32027.02984
OECD ENV-Growth 2025,SSP4,1,Congo,COG,USD_2010/yr,GDP|PPP [per capita],ANNUAL,3965.811923,4296.660634,4648.49339,5011.270178,5433.99374,5958.511761,6612.234009,7388.757401,8293.614109,9337.55017,10566.76129,11990.77491,13595.64239,15367.07818,17319.59665,19496.748
OECD ENV-Growth 2025,SSP4,1,Congo,COG,USD_2015/yr,GDP|PPP [per capita],ANNUAL,3402.758552,3686.634415,3988.515075,4299.785968,4662.492582,5112.541202,5673.450043,6339.725112,7116.113141,8011.834479,9066.526108,10288.3628,11665.3763,13185.30927,14860.61537,16728.6617
OECD ENV-Growth 2025,SSP4,1,Congo,COG,USD_2017/yr,GDP|PPP [per capita],ANNUAL,3887.121044,4211.404952,4556.256533,4911.83499,5326.17074,5840.281111,6481.031998,7242.147369,8129.049628,9152.271584,10357.09231,11752.85021,13325.87341,15062.15982,16975.93581,19109.88744
OECD ENV-Growth 2025,SSP4,1,Costa Rica,CRI,USD_2010/yr,GDP|PPP [per capita],ANNUAL,19268.52937,21433.69655,24592.93589,28224.01842,32312.18234,36647.00309,41216.06588,45961.39264,50846.87825,55725.29167,60635.62161,65553.51297,70518.78833,75513.13451,80529.17071,85542.20822
OECD ENV-Growth 2025,SSP4,1,Costa Rica,CRI,USD_2015/yr,GDP|PPP [per capita],ANNUAL,22506.44497,25035.45042,28725.57358,32966.82923,37741.97499,42805.2262,48142.08187,53684.8212,59391.2719,65089.46199,70824.93192,76569.23389,82368.88235,88202.48673,94061.42596,99916.8626
OECD ENV-Growth 2025,SSP4,1,Costa Rica,CRI,USD_2017/yr,GDP|PPP [per capita],ANNUAL,24501.26441,27254.42385,31271.61462,35888.78657,41087.16903,46599.19267,52409.07122,58443.08158,64655.31357,70858.55278,77102.37607,83355.81421,89669.50439,96020.1601,102398.3962,108772.8192
OECD ENV-Growth 2025,SSP4,1,Croatia,HRV,USD_2010/yr,GDP|PPP [per capita],ANNUAL,29903.78989,35332.43837,40201.91941,44375.52673,47767.15706,50397.91287,52579.23856,54643.35622,56753.45819,58913.95767,61136.92282,63399.21984,65749.24089,68240.06555,70944.81804,73914.66169
OECD ENV-Growth 2025,SSP4,1,Croatia,HRV,USD_2015/yr,GDP|PPP [per capita],ANNUAL,33403.90139,39467.9501,44907.3832,49569.49352,53358.09976,56296.77436,58733.41494,61039.1288,63396.20924,65809.586,68292.73978,70819.82904,73444.91008,76227.27517,79248.60744,82566.05867
OECD ENV-Growth 2025,SSP4,1,Croatia,HRV,USD_2017/yr,GDP|PPP [per capita],ANNUAL,35606.78645,42070.74061,47868.88768,52838.4499,56876.90312,60009.37432,62606.70389,65064.47252,67576.9952,70149.52678,72796.43694,75490.18001,78288.3771,81254.23066,84474.81055,88011.03753
OECD ENV-Growth 2025,SSP4,1,Cuba,CUB,USD_2017/yr,GDP|PPP [per capita],ANNUAL,7402.071182,9261.128807,11755.67235,15343.38981,19983.89258,25570.36923,31986.15111,39117.75163,47011.36625,55526.46541,64718.28763,74522.09801,84987.89999,96054.89395,107841.6001,120250.9546
OECD ENV-Growth 2025,SSP4,1,Curaçao,CUW,USD_2010/yr,GDP|PPP [per capita],ANNUAL,17251.76616,19264.67945,21935.28515,25408.19101,29704.10381,34523.21232,39877.13738,45783.49636,52333.25187,59513.30574,67446.58996,76186.06463,85734.34528,96091.02557,107295.7219,119394.605
OECD ENV-Growth 2025,SSP4,1,Curaçao,CUW,USD_2015/yr,GDP|PPP [per capita],ANNUAL,17309.33224,19328.96227,22008.47932,25492.97365,29803.22114,34638.41017,40010.20032,45936.26778,52507.87866,59711.8911,67671.64729,76440.28404,86020.42561,96411.6643,107653.7487,119793.0036
OECD ENV-Growth 2025,SSP4,1,Curaçao,CUW,USD_2017/yr,GDP|PPP [per capita],ANNUAL,18298.18443,20433.19242,23265.78564,26949.3431,31505.82757,36617.24257,42295.9138,48560.52723,55507.56286,63123.12807,71537.61134,80807.18513,90934.6236,101919.4958,113803.821,126636.5706
OECD ENV-Growth 2025,SSP4,1,Cyprus,CYP,USD_2010/yr,GDP|PPP [per capita],ANNUAL,29062.94966,32889.90142,37085.69065,41366.67611,45517.61313,49320.64109,53081.5262,57080.55232,61414.61386,65893.3518,70430.48537,75040.14382,79785.65561,84729.42202,89903.41437,95336.17984
OECD ENV-Growth 2025,SSP4,1,Cyprus,CYP,USD_2015/yr,GDP|PPP [per capita],ANNUAL,30841.27718,34902.39559,39354.9202,43897.85409,48302.78204,52338.51278,56329.52201,60573.2438,65172.50144,69925.28806,74740.04347,79631.76147,84667.64551,89913.91514,95404.49796,101169.6879
OECD ENV-Growth 2025,SSP4,1,Cyprus,CYP,USD_2017/yr,GDP|PPP [per capita],ANNUAL,33399.58521,37797.57656,42619.44157,47539.21537,52309.53553,56680.03329,61002.09985,65597.84168,70578.61134,75725.64532,80939.78845,86237.27827,91690.89283,97372.34462,103318.3756,109561.7925
OECD ENV-Growth 2025,SSP4,1,Czechia,CZE,USD_2010/yr,GDP|PPP [per capita],ANNUAL,34758.39857,38396.24324,42400.52887,46625.44937,50564.6899,53876.97514,56992.59013,60094.79184,63413.89272,66776.69029,69938.64768,72760.08248,75234.45825,77436.55465,79445.92471,81290.05764
OECD ENV-Growth 2025,SSP4,1,Czechia,CZE,USD_2015/yr,GDP|PPP [per capita],ANNUAL,39124.67392,43219.49683,47726.79222,52482.43816,56916.51762,60644.88502,64151.87687,67643.7705,71379.8097,75165.03467,78724.19036,81900.04773,84685.24928,87163.9683,89425.7511,91501.54005
OECD ENV-Growth 2025,SSP4,1,Czechia,CZE,USD_2017/yr,GDP|PPP [per capita],ANNUAL,41740.599,46109.20693,50917.86579,55991.48022,60722.02783,64699.67857,68441.15233,72166.51837,76152.35387,80190.66376,83987.78909,87375.9883,90347.41193,92991.86123,95404.86969,97619.44851
OECD ENV-Growth 2025,SSP4,1,Côte d'Ivoire,CIV,USD_2010/yr,GDP|PPP [per capita],ANNUAL,6002.100471,7303.090624,8775.907503,10101.66443,11397.58968,12771.60755,14265.55457,15881.32764,17644.18394,19579.81882,21753.55907,24158.28066,26733.32718,29447.03299,32318.24302,35423.28863
OECD ENV-Growth 2025,SSP4,1,Côte d'Ivoire,CIV,USD_2015/yr,GDP|PPP [per capita],ANNUAL,6530.998626,7946.630528,9549.230328,10991.81142,12401.93211,13897.02685,15522.61875,17280.77187,19198.96904,21305.16982,23670.45755,26287.08043,29089.03707,32041.8715,35166.08924,38544.74788
OECD ENV-Growth 2025,SSP4,1,Côte d'Ivoire,CIV,USD_2017/yr,GDP|PPP [per capita],ANNUAL,6308.497905,7675.901483,9223.90326,10617.33791,11979.41804,13423.57728,14993.78786,16692.0435,18544.89074,20579.33662,22864.04276,25391.52147,28098.01991,30950.25597,33968.03659,37231.58971
OECD ENV-Growth 2025,SSP4,1,Democratic Republic of the Congo,COD,USD_2010/yr,GDP|PPP [per capita],ANNUAL,891.3565168,976.7224442,1089.695458,1238.326864,1404.503657,1585.590222,1777.65096,1972.492567,2172.624804,2375.640274,2583.172701,2794.534151,3009.171452,3234.443229,3468.33182,3710.25277
OECD ENV-Growth 2025,SSP4,1,Democratic Republic of the Congo,COD,USD_2015/yr,GDP|PPP [per capita],ANNUAL,1072.795769,1175.538279,1311.507411,1490.393344,1690.396101,1908.343574,2139.499059,2374.001469,2614.871438,2859.211535,3108.988033,3363.372968,3621.700567,3892.827332,4174.3249,4465.489844
OECD ENV-Growth 2025,SSP4,1,Democratic Republic of the Congo,COD,USD_2017/yr,GDP|PPP [per capita],ANNUAL,1263.742153,1384.771751,1544.941961,1755.667713,1991.268861,2248.008696,2520.30743,2796.548807,3080.291103,3368.121172,3662.355264,3962.018047,4266.325246,4585.709729,4917.310909,5260.300156
OECD ENV-Growth 2025,SSP4,1,Denmark,DNK,USD_2010/yr,GDP|PPP [per capita],ANNUAL,52731.82447,56138.86746,59935.10479,64062.07596,68255.88231,71994.25805,75365.31156,78642.48616,81956.75796,84940.82854,87474.90891,89659.05249,91543.8204,93174.67022,94551.66766,95650.63465
OECD ENV-Growth 2025,SSP4,1,Denmark,DNK,USD_2015/yr,GDP|PPP [per capita],ANNUAL,57793.66178,61527.75389,65688.39993,70211.52763,74807.90616,78905.13635,82599.78428,86191.54168,89823.95731,93094.47502,95871.80702,98265.61108,100331.3018,102118.7003,103627.8785,104832.3377
OECD ENV-Growth 2025,SSP4,1,Denmark,DNK,USD_2017/yr,GDP|PPP [per capita],ANNUAL,62327.15182,66354.15615,70841.17443,75719.10842,80676.03922,85094.66716,89079.13319,92952.63768,96869.98976,100397.0557,103392.249,105973.8295,108201.5585,110129.1654,111756.7276,113055.6678
OECD ENV-Growth 2025,SSP4,1,Djibouti,DJI,USD_2010/yr,GDP|PPP [per capita],ANNUAL,5694.341379,7014.984271,8911.492329,10584.47326,12221.95005,14013.31201,16011.44176,18193.92303,20503.56444,22858.8756,25316.90009,27940.86704,30772.45195,33853.04185,37160.72624,40669.51865
OECD ENV-Growth 2025,SSP4,1,Djibouti,DJI,USD_2015/yr,GDP|PPP [per capita],ANNUAL,5792.490233,7135.896001,9065.092667,10766.90945,12432.61013,14254.84838,16287.41831,18507.51728,20856.96815,23252.87594,25753.26746,28422.46164,31302.85234,34436.53993,37801.23626,41370.50695
OECD ENV-Growth 2025,SSP4,1,Djibouti,DJI,USD_2017/yr,GDP|PPP [per capita],ANNUAL,5692.758792,7013.034647,8909.015623,10581.5316,12218.5533,14009.4174,16006.99182,18188.86653,20497.86603,22852.5226,25309.86395,27933.10163,30763.89958,33843.63332,37150.39843,40658.21567
OECD ENV-Growth 2025,SSP4,1,Dominican Republic,DOM,USD_2010/yr,GDP|PPP [per capita],ANNUAL,19130.08116,23183.59037,27488.05548,31895.66027,36660.51688,41638.6433,46778.06251,52022.71402,57578.69462,63453.62834,69630.54841,76033.94039,82641.90612,89577.94927,96886.56882,104702.3704
OECD ENV-Growth 2025,SSP4,1,Dominican Republic,DOM,USD_2015/yr,GDP|PPP [per capita],ANNUAL,20606.40761,24972.73843,29609.39219,34357.14522,39489.72029,44852.02383,50388.06763,56037.46482,62022.21731,68350.53751,75004.14926,81901.71044,89019.63295,96490.95161,104363.5995,112782.5703
OECD ENV-Growth 2025,SSP4,1,Dominican Republic,DOM,USD_2017/yr,GDP|PPP [per capita],ANNUAL,21428.02227,25968.44658,30789.97209,35727.0266,41064.2467,46640.35496,52397.13081,58271.77967,64495.15504,71075.79679,77994.70005,85167.27943,92569.00637,100338.22,108524.7646,117279.4149
OECD ENV-Growth 2025,SSP4,1,Ecuador,ECU,USD_2010/yr,GDP|PPP [per capita],ANNUAL,9821.503514,10621.16976,11694.03082,13144.8868,15038.22218,17298.87938,19906.79343,22865.74012,26217.14585,29916.28815,33960.53454,38296.55168,42920.76841,47835.86591,53059.05508,58615.02814
OECD ENV-Growth 2025,SSP4,1,Ecuador,ECU,USD_2015/yr,GDP|PPP [per capita],ANNUAL,10388.08638,11233.88377,12368.63603,13903.18899,15905.7471,18296.81709,21055.17648,24184.81887,27729.56049,31642.09889,35919.64976,40505.80304,45396.78157,50595.42121,56119.9257,61996.41171
OECD ENV-Growth 2025,SSP4,1,Ecuador,ECU,USD_2017/yr,GDP|PPP [per capita],ANNUAL,11174.98406,12084.85061,13305.56037,14956.35574,17110.60765,19682.80122,22650.10637,26016.81921,29830.07505,34038.98829,38640.56369,43574.11814,48835.58836,54428.02501,60371.0108,66692.6407
OECD ENV-Growth 2025,SSP4,1,Egypt,EGY,USD_2010/yr,GDP|PPP [per capita],ANNUAL,12886.24717,15671.40582,18659.76368,21504.56186,24271.88832,27253.25838,30572.4973,34139.20992,37981.75877,41997.84139,46233.96465,50619.21724,55180.13696,59958.87816,65086.2584,70556.83665
OECD ENV-Growth 2025,SSP4,1,Egypt,EGY,USD_2015/yr,GDP|PPP [per capita],ANNUAL,15117.72554,18385.18297,21891.0271,25228.45168,28474.98897,31972.63524,35866.65825,40051.00934,44558.96253,49270.49987,54240.18174,59384.81726,64735.53976,70341.80332,76357.07885,82774.9831
OECD ENV-Growth 2025,SSP4,1,Egypt,EGY,USD_2017/yr,GDP|PPP [per capita],ANNUAL,13866.22904,16863.19528,20078.81376,23139.95504,26117.73298,29325.83225,32897.49486,36735.45119,40870.22075,45191.72108,49749.99586,54468.74104,59376.51262,64518.6707,70035.98135,75922.58976
OECD ENV-Growth 2025,SSP4,1,El Salvador,SLV,USD_2010/yr,GDP|PPP [per capita],ANNUAL,8310.460349,9074.091855,10131.82265,11371.36525,12775.1177,14403.75527,16294.1438,18427.54673,20857.20772,23592.11861,26658.51695,29986.86367,33585.91035,37499.63576,41757.4432,46397.48999
OECD ENV-Growth 2025,SSP4,1,El Salvador,SLV,USD_2015/yr,GDP|PPP [per capita],ANNUAL,9271.100002,10123.00276,11303.00093,12685.82725,14251.84512,16068.74348,18177.64964,20557.66123,23268.17654,26319.22682,29740.08252,33453.16627,37468.24128,41834.37001,46584.35459,51760.76312
OECD ENV-Growth 2025,SSP4,1,El Salvador,SLV,USD_2017/yr,GDP|PPP [per capita],ANNUAL,9934.123256,10846.94988,12111.33569,13593.05492,15271.06665,17217.9006,19477.62531,22027.84357,24932.20153,28201.44786,31866.94624,35845.5714,40147.78473,44826.15741,49915.83741,55462.4371
OECD ENV-Growth 2025,SSP4,1,Equatorial Guinea,GNQ,USD_2010/yr,GDP|PPP [per capita],ANNUAL,11139.07228,9652.553453,10205.99162,11083.35041,12313.86891,13878.16266,15791.72021,18057.06294,20668.30477,23582.16771,26875.3301,30564.10031,34571.47447,38861.46811,43429.7295,48343.71122
OECD ENV-Growth 2025,SSP4,1,Equatorial Guinea,GNQ,USD_2015/yr,GDP|PPP [per capita],ANNUAL,9964.456999,8634.691597,9129.769705,9914.611002,11015.37131,12414.71027,14126.48316,16152.94548,18488.83183,21095.42789,24041.32628,27341.11563,30925.91215,34763.52592,38850.0641,43245.8664
OECD ENV-Growth 2025,SSP4,1,Equatorial Guinea,GNQ,USD_2017/yr,GDP|PPP [per capita],ANNUAL,11734.65285,10168.65328,10751.68252,11675.95166,12972.26315,14620.19609,16636.06716,19022.53256,21773.39148,24843.05196,28312.29218,32198.29244,36419.93168,40939.30142,45751.81724,50928.53825
OECD ENV-Growth 2025,SSP4,1,Eritrea,ERI,USD_2010/yr,GDP|PPP [per capita],ANNUAL,1631.713576,1759.75801,2003.917528,2339.031168,2742.35993,3195.292281,3673.530958,4141.151012,4594.213709,5047.307909,5513.978026,5966.126831,6377.444137,6744.8256,7089.023491,7432.531612
OECD ENV-Growth 2025,SSP4,1,Eritrea,ERI,USD_2015/yr,GDP|PPP [per capita],ANNUAL,1786.12047,1926.281579,2193.545588,2560.370589,3001.865817,3497.658557,4021.152326,4533.022647,5028.958066,5524.92797,6035.758462,6530.693509,6980.933228,7383.079511,7759.848393,8135.862233
OECD ENV-Growth 2025,SSP4,1,Eritrea,ERI,USD_2017/yr,GDP|PPP [per capita],ANNUAL,1825.701682,1968.968823,2242.15552,2617.109523,3068.388479,3575.168204,4110.262824,4633.476415,5140.401981,5647.362796,6169.513515,6675.41654,7135.633768,7546.691789,7931.810034,8316.156506
OECD ENV-Growth 2025,SSP4,1,Estonia,EST,USD_2010/yr,GDP|PPP [per capita],ANNUAL,31470.41259,38523.98598,44294.79313,49061.5745,52294.03719,54392.23357,56143.21773,58111.48318,60192.09096,62079.65918,63665.64961,64926.99118,65904.14168,66666.50347,67271.74056,67755.44833
OECD ENV-Growth 2025,SSP4,1,Estonia,EST,USD_2015/yr,GDP|PPP [per capita],ANNUAL,35591.0045,43568.14054,50094.5508,55485.47272,59141.17929,61514.10391,63494.35393,65720.33506,68073.36811,70208.08587,72001.73864,73428.2345,74533.32863,75395.51058,76079.99464,76627.0369
OECD ENV-Growth 2025,SSP4,1,Estonia,EST,USD_2017/yr,GDP|PPP [per capita],ANNUAL,37980.95617,46493.76042,53458.422,59211.34671,63112.53559,65644.80315,67758.02783,70133.48457,72644.52483,74922.58984,76836.68718,78358.97287,79538.27455,80458.35241,81188.79988,81772.57627
OECD ENV-Growth 2025,SSP4,1,Eswatini,SWZ,USD_2010/yr,GDP|PPP [per capita],ANNUAL,10157.01755,11280.15654,12667.96955,14187.41597,15853.20527,17725.87406,19842.10167,22172.75563,24645.95605,27147.98315,29726.51853,32454.4852,35371.03473,38481.73142,41788.43383,45292.46232
OECD ENV-Growth 2025,SSP4,1,Eswatini,SWZ,USD_2015/yr,GDP|PPP [per capita],ANNUAL,10341.62555,11485.17806,12898.21514,14445.27813,16141.34384,18048.04916,20202.74008,22575.75464,25093.9065,27641.40897,30266.8103,33044.3589,36013.91792,39181.15281,42547.95591,46115.67157
OECD ENV-Growth 2025,SSP4,1,Eswatini,SWZ,USD_2017/yr,GDP|PPP [per capita],ANNUAL,9748.534458,10826.50436,12158.50392,13616.84302,15215.63954,17012.99552,19044.11516,21281.0376,23654.77372,26056.17721,28531.01206,31149.26855,33948.52369,36934.11801,40107.83531,43470.94287
OECD ENV-Growth 2025,SSP4,1,Ethiopia,ETH,USD_2010/yr,GDP|PPP [per capita],ANNUAL,2238.816872,2751.814939,3302.150259,3810.254679,4290.968485,4769.62829,5254.333758,5724.252506,6211.887208,6703.429181,7228.687501,7747.924732,8229.062861,8660.561259,9056.613202,9443.323423
OECD ENV-Growth 2025,SSP4,1,Ethiopia,ETH,USD_2015/yr,GDP|PPP [per capita],ANNUAL,2566.864357,3155.030575,3786.004968,4368.560488,4919.711924,5468.508392,6024.236377,6563.010986,7122.097417,7685.663642,8287.886573,8883.206163,9434.844096,9929.568731,10383.65304,10827.02681
OECD ENV-Growth 2025,SSP4,1,Ethiopia,ETH,USD_2017/yr,GDP|PPP [per capita],ANNUAL,2775.711679,3411.73276,4094.045008,4723.998888,5319.993559,5913.441656,6514.385237,7096.996068,7701.571347,8310.990909,8962.212396,9605.968866,10202.48962,10737.46644,11228.49633,11707.94425
OECD ENV-Growth 2025,SSP4,1,Fiji,FJI,USD_2010/yr,GDP|PPP [per capita],ANNUAL,11509.56296,13202.27732,15217.69176,17768.94873,20984.64763,24802.11001,29192.17785,34074.17566,39391.1946,45172.32096,51460.06131,58232.58269,65535.63797,73299.61311,81591.2689,90351.63927
OECD ENV-Growth 2025,SSP4,1,Fiji,FJI,USD_2015/yr,GDP|PPP [per capita],ANNUAL,13978.95373,16034.84202,18482.66609,21581.29836,25486.92938,30123.43296,35455.39523,41384.83161,47842.62345,54864.09753,62500.88024,70726.45434,79596.38905,89026.13453,99096.77518,109736.6937
OECD ENV-Growth 2025,SSP4,1,Fiji,FJI,USD_2017/yr,GDP|PPP [per capita],ANNUAL,14156.83435,16238.88359,18717.85595,21855.91796,25811.24771,30506.75028,35906.56117,41911.44897,48451.41549,55562.23704,63296.19696,71626.44057,80609.2442,90158.98214,100357.7706,111133.0809
OECD ENV-Growth 2025,SSP4,1,Finland,FIN,USD_2010/yr,GDP|PPP [per capita],ANNUAL,43234.5776,46933.96817,50550.25097,54529.29847,58449.44194,61865.47507,65224.89605,68716.54945,72281.75253,75619.5082,78650.41003,81421.60737,84019.46557,86497.11707,88833.26696,90952.85584
OECD ENV-Growth 2025,SSP4,1,Finland,FIN,USD_2015/yr,GDP|PPP [per capita],ANNUAL,48006.02699,52113.68927,56129.07184,60547.25452,64900.0324,68693.06538,72423.23839,76300.23723,80258.90283,83965.0195,87330.41737,90407.44926,93292.01198,96043.10176,98637.07355,100990.5843
OECD ENV-Growth 2025,SSP4,1,Finland,FIN,USD_2017/yr,GDP|PPP [per capita],ANNUAL,50913.92489,55270.40307,59529.01182,64214.81973,68831.26104,72854.05168,76810.17471,80922.01732,85120.47355,89051.08306,92620.33519,95883.75398,98943.04505,101860.7782,104611.8763,107107.9476
OECD ENV-Growth 2025,SSP4,1,France,FRA,USD_2010/yr,GDP|PPP [per capita],ANNUAL,41966.62452,45147.1336,48266.49467,51612.47548,54996.88427,58247.06,61433.49633,64690.65276,67994.57131,71183.10524,74207.09383,77105.32425,79937.81364,82727.44327,85458.11312,88112.62169
OECD ENV-Growth 2025,SSP4,1,France,FRA,USD_2015/yr,GDP|PPP [per capita],ANNUAL,46428.10992,49946.73995,53397.7213,57099.41441,60843.6208,64439.32375,67964.51116,71567.93694,75223.09614,78750.60414,82096.07393,85302.41617,88436.02842,91522.22447,94543.19272,97479.90295
OECD ENV-Growth 2025,SSP4,1,France,FRA,USD_2017/yr,GDP|PPP [per capita],ANNUAL,49263.88705,52997.43107,56659.19451,60586.98291,64559.88124,68375.20572,72115.70764,75939.22664,79817.63888,83560.60314,87110.41049,90512.59254,93837.60232,97112.29978,100317.7854,103433.8666
OECD ENV-Growth 2025,SSP4,1,French Guiana,GUF,USD_2017/yr,GDP|PPP [per capita],ANNUAL,50180.03212,52274.11261,54160.13663,56507.84726,59666.98028,63471.73128,67924.46634,72782.20871,78345.04253,84595.11492,91584.50828,99023.52986,106818.2614,115055.2309,123971.0296,133683.6207
OECD ENV-Growth 2025,SSP4,1,French Polynesia,PYF,USD_2017/yr,GDP|PPP [per capita],ANNUAL,17517.10561,19837.40501,22720.85046,26441.51752,30904.23491,35718.72401,40882.96326,46548.69587,52664.95411,59099.29374,65798.2571,72839.55556,80224.98318,87971.28528,96082.63744,104564.5785
OECD ENV-Growth 2025,SSP4,1,Gabon,GAB,USD_2010/yr,GDP|PPP [per capita],ANNUAL,14751.1496,15691.49859,17397.24896,19087.63552,20907.20499,22918.50874,25189.96647,27778.41373,30727.43384,33975.9167,37456.33133,41116.69198,44968.41176,49079.61845,53542.30008,58383.62378
OECD ENV-Growth 2025,SSP4,1,Gabon,GAB,USD_2015/yr,GDP|PPP [per capita],ANNUAL,13581.48118,14447.26673,16017.76239,17574.1125,19249.40217,21101.22286,23192.56904,25575.76959,28290.95195,31281.85164,34486.29245,37856.41075,41402.71468,45187.92991,49296.75047,53754.18928
OECD ENV-Growth 2025,SSP4,1,Gabon,GAB,USD_2017/yr,GDP|PPP [per capita],ANNUAL,14330.65939,15244.20318,16901.33013,18543.53123,20311.2328,22265.20315,24471.91164,26986.57369,29851.53024,33007.41318,36388.61654,39944.63645,43686.5607,47680.57501,52016.04528,56719.3642
OECD ENV-Growth 2025,SSP4,1,Gambia,GMB,USD_2010/yr,GDP|PPP [per capita],ANNUAL,2512.906354,2901.83627,3434.242361,3915.949692,4366.832318,4835.450121,5332.066673,5845.029398,6358.07981,6868.566808,7390.54909,7920.827213,8441.140183,8942.710248,9423.184556,9900.352023
OECD ENV-Growth 2025,SSP4,1,Gambia,GMB,USD_2015/yr,GDP|PPP [per capita],ANNUAL,2431.327103,2807.630758,3322.752762,3788.821897,4225.067023,4678.471568,5158.96591,5655.27576,6151.67045,6645.584946,7150.621541,7663.68466,8167.106136,8652.393178,9117.269319,9578.945972
OECD ENV-Growth 2025,SSP4,1,Gambia,GMB,USD_2017/yr,GDP|PPP [per capita],ANNUAL,2421.611597,2796.411554,3309.475148,3773.681885,4208.183789,4659.776545,5138.350846,5632.677458,6127.088571,6619.0294,7122.047885,7633.06082,8134.470639,8617.81849,9080.837001,9540.668809
OECD ENV-Growth 2025,SSP4,1,Georgia,GEO,USD_2010/yr,GDP|PPP [per capita],ANNUAL,15905.68141,21798.84447,28997.37093,35778.54799,41592.53933,46382.42987,50559.86782,54524.27115,58254.39341,61480.04635,64270.02562,66779.86204,69192.54837,71629.62124,74139.16475,76758.74901
OECD ENV-Growth 2025,SSP4,1,Georgia,GEO,USD_2015/yr,GDP|PPP [per capita],ANNUAL,19598.46661,26859.83168,35729.62335,44085.17057,51248.98281,57150.93115,62298.23518,67183.04485,71779.18095,75753.72627,79191.44856,82283.98788,85256.82201,88259.70444,91351.88285,94579.64992
OECD ENV-Growth 2025,SSP4,1,Georgia,GEO,USD_2017/yr,GDP|PPP [per capita],ANNUAL,20437.01789,28009.07191,37258.37159,45971.42407,53441.75131,59596.22381,64963.76336,70057.5773,74850.36633,78994.96883,82579.77949,85804.63798,88904.6695,92036.03499,95260.51713,98626.3893
OECD ENV-Growth 2025,SSP4,1,Germany,DEU,USD_2010/yr,GDP|PPP [per capita],ANNUAL,45551.66878,48555.20611,52197.25485,56645.92267,61319.30946,65574.27846,69451.47314,73164.41172,76852.77003,80371.22446,83667.07789,86680.20441,89374.57376,91735.49649,93791.57594,95608.2305
OECD ENV-Growth 2025,SSP4,1,Germany,DEU,USD_2015/yr,GDP|PPP [per capita],ANNUAL,51153.07229,54525.94899,58615.85366,63611.56583,68859.63026,73637.82483,77991.7909,82161.30259,86303.21142,90254.32361,93955.46198,97339.10703,100364.7979,103016.0389,105324.9506,107364.9958
OECD ENV-Growth 2025,SSP4,1,Germany,DEU,USD_2017/yr,GDP|PPP [per capita],ANNUAL,54969.61248,58594.14014,62989.19335,68357.63653,73997.26002,79131.95658,83810.77286,88291.37259,92742.31001,96988.21541,100965.4964,104601.5958,107853.0341,110702.0847,113183.2647,115375.518
OECD ENV-Growth 2025,SSP4,1,Ghana,GHA,USD_2010/yr,GDP|PPP [per capita],ANNUAL,5918.909454,6837.810357,7824.50842,8747.911765,9683.143377,10708.11965,11898.32046,13215.39678,14687.55142,16257.33695,17992.52,19907.38918,21988.42289,24213.21274,26568.8062,29078.53755
OECD ENV-Growth 2025,SSP4,1,Ghana,GHA,USD_2015/yr,GDP|PPP [per capita],ANNUAL,6145.071742,7099.083967,8123.483889,9082.170593,10053.13753,11117.27827,12352.95681,13720.35879,15248.76464,16878.53187,18680.01649,20668.05307,22828.60334,25138.4027,27584.00369,30189.6322
OECD ENV-Growth 2025,SSP4,1,Ghana,GHA,USD_2017/yr,GDP|PPP [per capita],ANNUAL,5649.819835,6526.94502,7468.785122,8350.208056,9242.921512,10221.2996,11357.39066,12614.58913,14019.81564,15518.23448,17174.53142,19002.34547,20988.76976,23112.41466,25360.91647,27756.54865
OECD ENV-Growth 2025,SSP4,1,Greece,GRC,USD_2010/yr,GDP|PPP [per capita],ANNUAL,28434.57085,32107.55538,35542.98243,39433.88169,43241.03531,46713.08287,50086.97081,53436.22228,56729.4349,59758.96589,62475.526,64870.87009,67013.23662,68976.0425,70828.7074,72593.1488
OECD ENV-Growth 2025,SSP4,1,Greece,GRC,USD_2015/yr,GDP|PPP [per capita],ANNUAL,32502.45322,36700.89913,40627.80233,45075.3381,49427.14748,53395.91016,57252.47039,61080.86961,64845.21302,68308.15219,71413.34651,74151.37128,76600.22722,78843.83436,80961.54363,82978.40805
OECD ENV-Growth 2025,SSP4,1,Greece,GRC,USD_2017/yr,GDP|PPP [per capita],ANNUAL,34324.3557,38758.14258,42905.16561,47602.00492,52197.75196,56388.98087,60461.71791,64504.7154,68480.06646,72137.11829,75416.37213,78307.87497,80893.99984,83263.37082,85499.78682,87629.70517
OECD ENV-Growth 2025,SSP4,1,Grenada,GRD,USD_2010/yr,GDP|PPP [per capita],ANNUAL,12983.3636,14700.81589,16868.81809,19462.57177,22432.99171,25732.33227,29481.44994,33811.19483,38755.65897,44107.9254,49836.88586,55959.15459,62563.33428,69701.85684,77404.83889,85647.04095
OECD ENV-Growth 2025,SSP4,1,Grenada,GRD,USD_2015/yr,GDP|PPP [per capita],ANNUAL,14980.12843,16961.71476,19463.14292,22455.80063,25883.05366,29689.81337,34015.52324,39011.15738,44716.05098,50891.46445,57501.50528,64565.34287,72185.20648,80421.59175,89309.24706,98819.05123
OECD ENV-Growth 2025,SSP4,1,Grenada,GRD,USD_2017/yr,GDP|PPP [per capita],ANNUAL,16030.03136,18150.49991,20827.2441,24029.64635,27697.10313,31770.66483,36399.54804,41745.30808,47850.037,54458.26283,61531.57748,69090.49385,77244.4061,86058.04978,95568.60865,105744.9205
OECD ENV-Growth 2025,SSP4,1,Guam,GUM,USD_2017/yr,GDP|PPP [per capita],ANNUAL,39074.33599,47472.66079,55476.62236,63453.67148,71485.71605,79381.20761,87129.52951,94489.69742,101384.5105,107892.6967,114430.4491,121393.2722,128834.7908,136753.7605,145070.9398,153820.5966
OECD ENV-Growth 2025,SSP4,1,Guatemala,GTM,USD_2010/yr,GDP|PPP [per capita],ANNUAL,8664.850165,9641.361293,10856.25838,12430.50101,14467.23317,16894.48817,19691.4354,22757.42434,26072.15513,29564.57234,33296.51931,37257.15085,41428.51533,45824.6979,50449.10569,55320.22446
OECD ENV-Growth 2025,SSP4,1,Guatemala,GTM,USD_2015/yr,GDP|PPP [per capita],ANNUAL,9568.023608,10646.32056,11987.85143,13726.18393,15975.21317,18655.47108,21743.95578,25129.52552,28789.76451,32646.21093,36767.15428,41140.61895,45746.78214,50601.19714,55707.62622,61086.482
OECD ENV-Growth 2025,SSP4,1,Guatemala,GTM,USD_2017/yr,GDP|PPP [per capita],ANNUAL,9487.813632,10557.07108,11887.35573,13611.11556,15841.2909,18499.07986,21561.67339,24918.86147,28548.4162,32372.53353,36458.93048,40795.73183,45363.28096,50177.00077,55240.622,60574.38614
OECD ENV-Growth 2025,SSP4,1,Guinea,GIN,USD_2010/yr,GDP|PPP [per capita],ANNUAL,2686.135009,3142.232125,3794.712728,4522.358555,5278.722596,6055.78046,6847.223679,7635.620844,8432.648333,9207.310649,9992.968159,10758.60459,11515.90352,12226.61461,12897.32389,13532.96027
OECD ENV-Growth 2025,SSP4,1,Guinea,GIN,USD_2015/yr,GDP|PPP [per capita],ANNUAL,2647.601526,3097.15578,3740.276336,4457.483846,5202.997599,5968.908314,6748.998021,7526.085372,8311.679242,9075.228774,9849.615771,10604.2689,11350.70412,12051.21984,12712.30757,13338.82554
OECD ENV-Growth 2025,SSP4,1,Guinea,GIN,USD_2017/yr,GDP|PPP [per capita],ANNUAL,3038.438969,3554.356169,4292.413818,5115.495096,5971.061168,6850.035191,7745.2813,8637.081848,9538.644641,10414.90892,11303.61049,12169.66509,13026.28866,13830.21411,14588.89124,15307.89544
OECD ENV-Growth 2025,SSP4,1,Guinea-Bissau,GNB,USD_2010/yr,GDP|PPP [per capita],ANNUAL,1765.962229,2033.676115,2333.347616,2623.322032,2902.67924,3195.620753,3513.320994,3842.508579,4184.663924,4537.478307,4904.328537,5274.354361,5638.689008,5998.623403,6358.283159,6726.83463
OECD ENV-Growth 2025,SSP4,1,Guinea-Bissau,GNB,USD_2015/yr,GDP|PPP [per capita],ANNUAL,2136.415583,2460.288942,2822.823798,3173.627372,3511.586521,3865.979613,4250.325175,4648.567829,5062.498546,5489.324292,5933.130244,6380.777948,6821.540612,7256.979965,7692.087067,8137.951137
OECD ENV-Growth 2025,SSP4,1,Guinea-Bissau,GNB,USD_2017/yr,GDP|PPP [per capita],ANNUAL,2432.072965,2800.766981,3213.472837,3612.823926,3997.553056,4400.990413,4838.525347,5291.880585,5763.094946,6248.988873,6754.212888,7263.810312,7765.569881,8261.269447,8756.590782,9264.157736
OECD ENV-Growth 2025,SSP4,1,Guyana,GUY,USD_2010/yr,GDP|PPP [per capita],ANNUAL,63082.16054,128372.7011,195581.8001,257513.6966,294901.0557,300097.072,284059.3563,260224.0234,237402.3201,218590.0495,203841.8919,192179.1059,182933.6852,175679.962,170163.6823,166174.0898
OECD ENV-Growth 2025,SSP4,1,Guyana,GUY,USD_2015/yr,GDP|PPP [per capita],ANNUAL,73301.78414,149169.7169,227267.024,299232.1956,342676.4927,348714.2895,330078.3841,302381.6088,275862.6761,254002.7242,236865.2918,223313.0765,212569.8516,204140.9892,197731.0447,193095.1184
OECD ENV-Growth 2025,SSP4,1,Guyana,GUY,USD_2017/yr,GDP|PPP [per capita],ANNUAL,73717.10632,150014.9008,228554.7011,300927.6219,344618.071,350690.0774,331948.5824,304094.8793,277425.6925,255441.8838,238207.352,224578.3509,213774.2557,205297.6361,198851.3733,194189.1803
OECD ENV-Growth 2025,SSP4,1,Haiti,HTI,USD_2010/yr,GDP|PPP [per capita],ANNUAL,2493.960253,2598.692681,3004.516257,3477.673676,4003.397634,4637.560901,5425.516722,6372.837913,7490.095325,8744.861918,10176.5404,11814.61879,13696.73055,15856.35987,18311.73517,21075.16346
OECD ENV-Growth 2025,SSP4,1,Haiti,HTI,USD_2015/yr,GDP|PPP [per capita],ANNUAL,2546.020739,2652.939417,3067.234409,3550.268812,4086.96706,4734.368248,5538.772351,6505.868518,7646.448259,8927.407635,10388.97187,12061.24453,13982.64467,16187.35544,18693.98579,21515.09961
OECD ENV-Growth 2025,SSP4,1,Haiti,HTI,USD_2017/yr,GDP|PPP [per capita],ANNUAL,2724.966569,2839.399974,3282.813488,3799.797729,4374.217553,5067.121018,5928.062273,6963.130323,8183.875157,9554.86614,11119.15571,12908.96324,14965.40805,17325.07585,20007.88349,23027.27792
OECD ENV-Growth 2025,SSP4,1,Honduras,HND,USD_2010/yr,GDP|PPP [per capita],ANNUAL,4694.200725,5242.995116,5921.597585,6733.283431,7670.673803,8770.93518,10046.56265,11483.19201,13120.93497,14981.32539,17065.32532,19345.94337,21817.77548,24500.77667,27421.34157,30618.91445
OECD ENV-Growth 2025,SSP4,1,Honduras,HND,USD_2015/yr,GDP|PPP [per capita],ANNUAL,5519.643123,6164.939173,6962.869145,7917.284276,9019.508195,10313.24285,11813.18049,13502.43109,15428.15971,17615.68679,20066.14354,22747.79233,25654.27886,28809.06705,32243.19289,36003.03662
OECD ENV-Growth 2025,SSP4,1,Honduras,HND,USD_2017/yr,GDP|PPP [per capita],ANNUAL,6045.558334,6752.338614,7626.295876,8671.648305,9878.892841,11295.89538,12938.74806,14788.95156,16898.16487,19294.12096,21978.05884,24915.21688,28098.63534,31554.01382,35315.34542,39433.42952
OECD ENV-Growth 2025,SSP4,1,Hong Kong,HKG,USD_2010/yr,GDP|PPP [per capita],ANNUAL,60348.37768,68185.84552,73639.11869,75781.35489,75912.50094,75033.51124,74017.21775,73337.52683,73296.288,73550.41431,74006.82735,74498.68055,75121.77973,75972.7268,77140.47857,78685.19474
OECD ENV-Growth 2025,SSP4,1,Hong Kong,HKG,USD_2015/yr,GDP|PPP [per capita],ANNUAL,62123.12239,70191.07703,75804.72183,78009.95761,78144.96044,77240.12113,76193.94015,75494.26066,75451.80906,75713.4088,76183.24418,76689.56196,77330.98545,78206.95745,79409.05084,80999.19453
OECD ENV-Growth 2025,SSP4,1,Hong Kong,HKG,USD_2017/yr,GDP|PPP [per capita],ANNUAL,63014.65371,71198.39188,76892.59831,79129.48151,79266.42178,78348.59708,77287.40232,76577.6817,76534.62088,76799.97484,77276.55285,77790.13682,78440.7654,79329.30851,80548.65318,82161.61708
OECD ENV-Growth 2025,SSP4,1,Hungary,HUN,USD_2010/yr,GDP|PPP [per capita],ANNUAL,33014.34383,38494.96027,43891.78012,48837.93815,53023.84483,56444.3998,59377.85083,62168.51107,64968.64367,67669.95471,70142.33178,72294.85453,74125.99184,75691.67028,77054.36624,78233.00189
OECD ENV-Growth 2025,SSP4,1,Hungary,HUN,USD_2015/yr,GDP|PPP [per capita],ANNUAL,36183.92955,42190.71981,48105.66848,53526.68895,58114.46913,61863.419,65078.49988,68137.08113,71206.04417,74166.69814,76876.43905,79235.61758,81242.55566,82958.54912,84452.07251,85743.86463
OECD ENV-Growth 2025,SSP4,1,Hungary,HUN,USD_2017/yr,GDP|PPP [per capita],ANNUAL,37162.45412,43331.68645,49406.59349,54974.215,59686.06286,63536.39584,66838.42238,69979.71706,73131.67428,76172.39343,78955.41406,81378.39202,83439.60386,85202.00306,86735.91591,88062.64206
OECD ENV-Growth 2025,SSP4,1,Iceland,ISL,USD_2010/yr,GDP|PPP [per capita],ANNUAL,51732.92282,57940.72263,64749.95766,71682.29365,77664.85389,82035.32351,85348.92578,88275.62763,91063.10505,93534.45716,95581.10616,97209.58257,98450.22065,99373.20088,99990.67851,100295.1505
OECD ENV-Growth 2025,SSP4,1,Iceland,ISL,USD_2015/yr,GDP|PPP [per capita],ANNUAL,58245.36359,65234.63729,72901.05838,80706.07708,87441.75675,92362.40646,96093.14423,99388.27631,102526.6576,105309.1178,107613.4109,109446.8894,110843.7062,111882.8765,112578.0858,112920.8866
OECD ENV-Growth 2025,SSP4,1,Iceland,ISL,USD_2017/yr,GDP|PPP [per capita],ANNUAL,61728.1262,69135.32125,77260.1535,85531.87076,92670.30821,97885.18657,101839.0026,105331.166,108657.2058,111606.0424,114048.1199,115991.2306,117471.5696,118572.8768,119309.6559,119672.9543
OECD ENV-Growth 2025,SSP4,1,India,IND,USD_2010/yr,GDP|PPP [per capita],ANNUAL,8054.975955,10193.84772,12198.35542,14131.03527,16054.86301,18100.37904,20278.00916,22518.2338,24828.068,27210.37449,29746.13488,32388.40162,35096.17549,37838.61339,40645.52717,43586.01276
OECD ENV-Growth 2025,SSP4,1,India,IND,USD_2015/yr,GDP|PPP [per capita],ANNUAL,8199.895515,10377.24838,12417.8198,14385.27109,16343.71101,18426.02855,20642.83708,22923.36629,25274.75744,27699.92474,30281.30677,32971.11135,35727.60162,38519.37957,41376.7934,44370.18217
OECD ENV-Growth 2025,SSP4,1,India,IND,USD_2017/yr,GDP|PPP [per capita],ANNUAL,8172.770091,10342.92023,12376.74139,14337.68431,16289.64567,18365.07487,20574.55015,22847.53532,25191.14802,27608.29282,30181.13559,32862.04223,35609.41398,38391.95666,41239.91811,44223.40469
OECD ENV-Growth 2025,SSP4,1,Indonesia,IDN,USD_2010/yr,GDP|PPP [per capita],ANNUAL,14508.13303,17313.08787,19776.77515,22092.90587,24215.89744,26258.07163,28386.1507,30534.33509,32685.37417,34886.64463,37174.96391,39538.19068,41968.61938,44468.20802,47042.25085,49690.3959
OECD ENV-Growth 2025,SSP4,1,Indonesia,IDN,USD_2015/yr,GDP|PPP [per capita],ANNUAL,14268.95979,17027.67367,19450.74592,21728.69416,23816.68724,25825.19526,27918.19196,30030.96255,32146.54076,34311.52226,36562.11755,38886.38544,41276.74741,43735.12918,46266.73774,48871.22689
OECD ENV-Growth 2025,SSP4,1,Indonesia,IDN,USD_2017/yr,GDP|PPP [per capita],ANNUAL,14133.02832,16865.46166,19265.45082,21521.69847,23589.80054,25579.17476,27652.23279,29744.87633,31840.30074,33984.65783,36213.8131,38515.93914,40883.52962,43318.49193,45825.98343,48405.66124
OECD ENV-Growth 2025,SSP4,1,Iran,IRN,USD_2010/yr,GDP|PPP [per capita],ANNUAL,19746.99388,21297.41773,23351.10304,24849.35707,25919.54142,26773.44087,27568.91831,28528.98793,29707.48807,30892.1128,32058.82389,33247.46856,34481.43998,35768.12746,37114.68451,38528.94291
OECD ENV-Growth 2025,SSP4,1,Iran,IRN,USD_2015/yr,GDP|PPP [per capita],ANNUAL,16038.71443,17297.98486,18966.0095,20182.90705,21052.12194,21745.66798,22391.76306,23171.54162,24128.73173,25090.8963,26038.51121,27003.94081,28006.18528,29051.24627,30144.93395,31293.60938
OECD ENV-Growth 2025,SSP4,1,Iran,IRN,USD_2017/yr,GDP|PPP [per capita],ANNUAL,16250.34265,17526.22894,19216.26289,20449.2172,21329.90125,22032.59851,22687.21871,23477.28632,24447.1064,25421.96657,26382.08511,27360.25339,28375.72231,29434.57271,30542.69142,31706.52343
OECD ENV-Growth 2025,SSP4,1,Iraq,IRQ,USD_2010/yr,GDP|PPP [per capita],ANNUAL,13393.80498,13976.74723,16607.47292,22028.14443,28115.41605,34321.15202,40677.8011,47283.08061,54353.59701,61854.58077,69716.24455,77784.65418,86086.32746,94777.99308,104005.6323,113844.1165
OECD ENV-Growth 2025,SSP4,1,Iraq,IRQ,USD_2015/yr,GDP|PPP [per capita],ANNUAL,9604.640771,10022.66618,11909.14843,15796.28898,20161.44566,24611.55261,29169.87872,33906.49665,38976.73398,44355.65763,49993.2234,55779.04574,61732.14045,67964.89702,74581.99797,81637.13329
OECD ENV-Growth 2025,SSP4,1,Iraq,IRQ,USD_2017/yr,GDP|PPP [per capita],ANNUAL,9469.501515,9881.645222,11741.58428,15574.03197,19877.77,24265.26304,28759.45257,33429.42532,38428.32338,43731.56448,49289.80854,54994.22318,60863.55664,67008.61704,73532.61404,80488.48216
OECD ENV-Growth 2025,SSP4,1,Ireland,IRL,USD_2010/yr,GDP|PPP [per capita],ANNUAL,93914.73888,103692.8762,112901.3156,123582.2439,135971.2806,148876.2153,160867.0164,172196.533,182720.0223,191623.8443,198675.2239,204092.8574,208301.0699,211755.253,214755.694,217352.5043
OECD ENV-Growth 2025,SSP4,1,Ireland,IRL,USD_2015/yr,GDP|PPP [per capita],ANNUAL,114028.1008,125900.3846,137080.9604,150049.3824,165091.7319,180760.4673,195319.2926,209075.2087,221852.4735,232663.1932,241224.74,247802.6474,252912.1167,257106.0691,260749.1031,263902.0623
OECD ENV-Growth 2025,SSP4,1,Ireland,IRL,USD_2017/yr,GDP|PPP [per capita],ANNUAL,116666.1559,128813.1065,140252.3464,153520.7947,168911.1509,184942.3845,199838.0301,213912.1912,226985.0597,238045.8868,246805.5061,253535.5943,258763.2718,263054.2518,266781.5679,270007.4713
OECD ENV-Growth 2025,SSP4,1,Israel,ISR,USD_2010/yr,GDP|PPP [per capita],ANNUAL,42090.95774,47435.18518,53197.31576,59285.97948,64980.36853,69645.75212,74066.51079,78632.0721,83340.40515,87919.16865,92249.02104,96282.27968,100097.2383,103804.3117,107474.5781,111123.4362
OECD ENV-Growth 2025,SSP4,1,Israel,ISR,USD_2015/yr,GDP|PPP [per capita],ANNUAL,46906.95252,52862.6598,59284.08615,66069.40717,72415.3411,77614.53205,82541.1084,87629.05553,92876.11017,97978.77007,102804.0387,107298.7778,111550.2392,115681.4713,119771.6851,123838.0409
OECD ENV-Growth 2025,SSP4,1,Israel,ISR,USD_2017/yr,GDP|PPP [per capita],ANNUAL,49218.13784,55467.29294,62205.11389,69324.75921,75983.3681,81438.73202,86608.04918,91946.68811,97452.27405,102806.3507,107869.3686,112585.5711,117046.5092,121381.2942,125673.0396,129939.7518
OECD ENV-Growth 2025,SSP4,1,Italy,ITA,USD_2010/yr,GDP|PPP [per capita],ANNUAL,37454.35656,40033.19692,43469.83183,47240.2708,51141.11751,54805.75845,58358.95314,61858.8427,65346.37936,68598.99475,71461.52334,73925.95727,76077.77767,78025.17943,79841.42128,81540.39246
OECD ENV-Growth 2025,SSP4,1,Italy,ITA,USD_2015/yr,GDP|PPP [per capita],ANNUAL,41671.39307,44540.58855,48364.15881,52559.11659,56899.16489,60976.4127,64929.66637,68823.61321,72703.81634,76322.64807,79507.47262,82249.38048,84643.47725,86810.1396,88830.87457,90721.13521
OECD ENV-Growth 2025,SSP4,1,Italy,ITA,USD_2017/yr,GDP|PPP [per capita],ANNUAL,45451.99948,48581.5006,52751.96146,57327.5037,62061.29967,66508.45279,70820.36248,75067.58478,79299.81647,83246.96405,86720.72946,89711.39489,92322.69432,94685.92551,96889.99018,98951.74331
OECD ENV-Growth 2025,SSP4,1,Jamaica,JAM,USD_2010/yr,GDP|PPP [per capita],ANNUAL,8865.992983,9456.386708,10298.56526,11629.23747,13517.17377,15919.79473,18863.87816,22372.43584,26462.49506,31128.4993,36393.7629,42221.15929,48588.09607,55459.88311,62819.19016,70684.65946
OECD ENV-Growth 2025,SSP4,1,Jamaica,JAM,USD_2015/yr,GDP|PPP [per capita],ANNUAL,9860.904101,10517.54977,11454.23469,12934.23034,15034.02433,17706.25913,20980.71743,24882.99333,29432.02487,34621.632,40477.7453,46959.072,54040.48443,61683.39969,69868.54276,78616.64787
OECD ENV-Growth 2025,SSP4,1,Jamaica,JAM,USD_2017/yr,GDP|PPP [per capita],ANNUAL,10645.31476,11354.19498,12365.39088,13963.11654,16229.94398,19114.74848,22649.68189,26862.37424,31773.27005,37375.69766,43697.65037,50694.55066,58339.27203,66590.16239,75426.41347,84870.40881
OECD ENV-Growth 2025,SSP4,1,Japan,JPN,USD_2010/yr,GDP|PPP [per capita],ANNUAL,41068.04191,44074.71486,48164.25608,52812.71333,57903.38928,62839.2751,67356.27347,71545.25769,75628.16506,79624.69931,83466.40379,87033.90831,90279.84251,93219.36608,95888.23311,98313.8866
OECD ENV-Growth 2025,SSP4,1,Japan,JPN,USD_2015/yr,GDP|PPP [per capita],ANNUAL,44790.08873,48069.26013,52529.44146,57599.19407,63151.24421,68534.47539,73460.85484,78029.49182,82482.43807,86841.1831,91031.06595,94921.89777,98462.01496,101667.9511,104578.7008,107224.1943
OECD ENV-Growth 2025,SSP4,1,Japan,JPN,USD_2017/yr,GDP|PPP [per capita],ANNUAL,44246.34539,47485.70826,51891.74382,56899.95058,62384.59986,67702.47962,72569.05374,77082.22831,81481.11663,85786.94731,89925.96576,93769.5636,97266.70443,100433.7211,103309.1349,105922.5125
OECD ENV-Growth 2025,SSP4,1,Jordan,JOR,USD_2010/yr,GDP|PPP [per capita],ANNUAL,8019.131542,8476.158552,9160.424946,10205.36595,11645.74417,13488.57769,15707.88623,18263.90462,21064.77751,24064.24145,27264.88564,30735.07494,34509.41865,38586.04089,42917.94103,47493.80929
OECD ENV-Growth 2025,SSP4,1,Jordan,JOR,USD_2015/yr,GDP|PPP [per capita],ANNUAL,8944.548097,9454.316525,10217.54801,11383.07635,12989.6758,15045.17432,17520.59349,20371.5792,23495.67588,26841.28125,30411.28328,34281.93623,38491.84333,43038.91224,47870.7184,52974.64686
OECD ENV-Growth 2025,SSP4,1,Jordan,JOR,USD_2017/yr,GDP|PPP [per capita],ANNUAL,9597.267883,10144.23617,10963.16374,12213.74539,13937.58488,16143.08143,18799.14193,21858.17558,25210.25021,28799.9979,32630.5174,36783.62752,41300.74854,46179.63542,51364.03798,56840.42071
OECD ENV-Growth 2025,SSP4,1,Kazakhstan,KAZ,USD_2010/yr,GDP|PPP [per capita],ANNUAL,27142.14185,29751.84763,32978.93564,35857.98912,38271.66875,40303.38222,42550.75493,45385.09408,48922.89056,52942.66757,57273.96389,61899.40288,66966.04619,72580.53887,78777.3393,85511.21925
OECD ENV-Growth 2025,SSP4,1,Kazakhstan,KAZ,USD_2015/yr,GDP|PPP [per capita],ANNUAL,28008.92887,30701.97587,34032.12126,37003.11761,39493.87834,41590.47478,43909.61756,46834.47162,50485.24799,54633.39698,59103.01368,63876.16653,69104.6136,74898.40567,81293.10154,88242.02863
OECD ENV-Growth 2025,SSP4,1,Kazakhstan,KAZ,USD_2017/yr,GDP|PPP [per capita],ANNUAL,29409.52825,32237.2423,35733.91314,38853.47553,41468.78789,43670.22561,46105.33819,49176.45092,53009.78604,57365.36512,62058.48707,67070.32362,72560.22159,78643.7349,85358.20048,92654.61186
OECD ENV-Growth 2025,SSP4,1,Kenya,KEN,USD_2010/yr,GDP|PPP [per capita],ANNUAL,3816.449382,4503.218506,5201.83105,5881.121014,6595.365573,7382.231537,8270.76971,9230.617048,10311.55004,11501.37216,12807.28469,14197.94966,15666.14411,17229.49195,18934.52702,20809.37118
OECD ENV-Growth 2025,SSP4,1,Kenya,KEN,USD_2015/yr,GDP|PPP [per capita],ANNUAL,4882.220903,5760.775348,6654.480576,7523.467252,8437.169849,9443.773913,10580.4429,11808.33465,13191.12612,14713.21481,16383.81301,18162.83138,20041.02991,22040.95413,24222.13276,26620.54092
OECD ENV-Growth 2025,SSP4,1,Kenya,KEN,USD_2017/yr,GDP|PPP [per capita],ANNUAL,5402.384048,6374.541724,7363.46438,8325.034914,9336.085506,10449.9355,11707.70784,13066.42203,14596.53931,16280.79486,18129.38247,20097.94159,22176.24775,24389.24853,26802.815,29456.75513
OECD ENV-Growth 2025,SSP4,1,Kiribati,KIR,USD_2010/yr,GDP|PPP [per capita],ANNUAL,1654.545814,1755.36069,2079.106963,2481.218478,2928.033909,3486.87544,4238.983195,5262.79929,6628.738973,8393.621148,10626.84171,13415.00834,16911.941,21321.69132,26826.64652,33583.1575
OECD ENV-Growth 2025,SSP4,1,Kiribati,KIR,USD_2015/yr,GDP|PPP [per capita],ANNUAL,1804.478125,1914.428685,2267.51233,2706.062551,3193.367686,3802.850548,4623.113112,5739.705793,7229.424759,9154.23775,11589.82921,14630.65507,18444.4742,23253.82908,29257.63457,36626.40983
OECD ENV-Growth 2025,SSP4,1,Kiribati,KIR,USD_2017/yr,GDP|PPP [per capita],ANNUAL,1858.88777,1972.153621,2335.883645,2787.65728,3289.655915,3917.516249,4762.511833,5912.772649,7447.410463,9430.261504,11939.2923,15071.80685,19000.62242,23954.99169,30139.82731,37730.79006
OECD ENV-Growth 2025,SSP4,1,Kosovo,XKX,USD_2010/yr,GDP|PPP [per capita],ANNUAL,13171.62661,15324.02729,17351.37034,19246.44966,21049.74242,22781.89335,24527.38053,26347.64231,28320.08437,30446.79501,32647.47981,34954.99022,37417.17148,40110.95337,43061.38875,46247.60232
OECD ENV-Growth 2025,SSP4,1,Kosovo,XKX,USD_2015/yr,GDP|PPP [per capita],ANNUAL,13770.8329,16021.15102,18140.72238,20122.01303,22007.34155,23818.29184,25643.18507,27546.25457,29608.42735,31831.88675,34132.68555,36545.16968,39119.36099,41935.68895,45020.34613,48351.50757
OECD ENV-Growth 2025,SSP4,1,Kosovo,XKX,USD_2017/yr,GDP|PPP [per capita],ANNUAL,13900.44061,16171.93818,18311.45842,20311.39649,22214.46926,24042.46377,25884.53245,27805.51317,29887.09462,32131.48067,34453.93403,36889.12387,39487.54284,42330.37738,45444.0666,48806.58012
OECD ENV-Growth 2025,SSP4,1,Kuwait,KWT,USD_2010/yr,GDP|PPP [per capita],ANNUAL,59625.71066,64273.9385,71288.33902,78729.63709,85559.01499,92120.31918,98437.32884,104479.0652,109906.4212,114311.3107,118671.5432,123289.6263,128517.4854,134569.8965,141419.9776,148902.281
OECD ENV-Growth 2025,SSP4,1,Kuwait,KWT,USD_2015/yr,GDP|PPP [per capita],ANNUAL,41040.79478,44240.2026,49068.26366,54190.16131,58890.87001,63407.0617,67755.10375,71913.67327,75649.36043,78681.27675,81682.45535,84861.11438,88459.48642,92625.40348,97340.36229,102490.4842
OECD ENV-Growth 2025,SSP4,1,Kuwait,KWT,USD_2017/yr,GDP|PPP [per capita],ANNUAL,47704.27038,51423.14124,57035.09714,62988.59759,68452.5239,73701.97462,78755.97454,83589.73875,87931.96047,91456.14552,94944.60222,98639.35547,102821.9673,107664.272,113144.7621,119131.0694
OECD ENV-Growth 2025,SSP4,1,Kyrgyzstan,KGZ,USD_2010/yr,GDP|PPP [per capita],ANNUAL,4266.896984,4817.926152,5415.644218,5946.991398,6412.456189,6918.797401,7522.776675,8229.318197,9046.059465,9945.166157,10919.9818,11976.98905,13140.89378,14451.32769,15908.16305,17511.24358
OECD ENV-Growth 2025,SSP4,1,Kyrgyzstan,KGZ,USD_2015/yr,GDP|PPP [per capita],ANNUAL,5022.433503,5671.033027,6374.588621,7000.021081,7547.905403,8143.904106,8854.829575,9686.477919,10647.839,11706.1499,12853.57548,14097.74628,15467.74281,17010.21436,18725.01056,20611.94745
OECD ENV-Growth 2025,SSP4,1,Kyrgyzstan,KGZ,USD_2017/yr,GDP|PPP [per capita],ANNUAL,5725.756845,6465.18389,7267.262854,7980.278603,8604.886655,9284.346851,10094.82774,11042.9371,12138.92369,13345.4366,14653.54349,16071.94345,17633.78932,19392.26299,21347.19301,23498.3697
OECD ENV-Growth 2025,SSP4,1,Laos,LAO,USD_2010/yr,GDP|PPP [per capita],ANNUAL,6808.758339,7963.949111,9286.57704,10579.5777,11923.12317,13407.76889,15035.79076,16775.11265,18661.2386,20650.53854,22790.67549,25049.05809,27442.35351,29987.98635,32728.77547,35703.27077
OECD ENV-Growth 2025,SSP4,1,Laos,LAO,USD_2015/yr,GDP|PPP [per capita],ANNUAL,7966.17872,9317.740295,10865.20166,12377.99942,13949.93409,15686.95464,17591.72384,19626.71294,21833.46132,24160.92222,26664.86092,29307.14582,32107.27737,35085.64217,38292.33785,41772.46741
OECD ENV-Growth 2025,SSP4,1,Laos,LAO,USD_2017/yr,GDP|PPP [per capita],ANNUAL,8450.914739,9884.717825,11526.34105,13131.19143,14798.77715,16641.4941,18662.16708,20820.98375,23162.01111,25631.09627,28287.39776,31090.46373,34060.98119,37220.57726,40622.39797,44314.29082
OECD ENV-Growth 2025,SSP4,1,Latvia,LVA,USD_2010/yr,GDP|PPP [per capita],ANNUAL,29519.10965,34372.1711,39321.33115,44430.94021,49383.68658,54250.64076,58869.54924,63652.91689,68630.77903,73587.72334,78329.46682,82853.70736,87200.15,91438.50758,95634.11412,99820.09298
OECD ENV-Growth 2025,SSP4,1,Latvia,LVA,USD_2015/yr,GDP|PPP [per capita],ANNUAL,33103.69878,38546.08123,44096.23182,49826.31518,55380.48758,60838.44978,66018.24542,71382.47095,76964.80899,82523.6891,87841.23593,92914.86781,97789.1113,102542.1446,107247.2356,111941.5297
OECD ENV-Growth 2025,SSP4,1,Latvia,LVA,USD_2017/yr,GDP|PPP [per capita],ANNUAL,35298.4129,41101.61526,47019.73058,53129.70789,59052.11167,64871.9267,70395.13322,76114.99701,82067.43375,87994.85735,93664.94772,99074.95203,104272.3489,109340.4995,114357.5293,119363.0465
OECD ENV-Growth 2025,SSP4,1,Lebanon,LBN,USD_2010/yr,GDP|PPP [per capita],ANNUAL,9088.717341,9700.833736,10331.31529,11064.9114,11945.38805,13024.82764,14295.11387,15661.89437,17090.99813,18557.4534,20110.24688,21777.29927,23597.43151,25549.70067,27595.25972,29741.64182
OECD ENV-Growth 2025,SSP4,1,Lebanon,LBN,USD_2015/yr,GDP|PPP [per capita],ANNUAL,10912.70976,11647.6703,12404.68165,13285.50137,14342.67872,15638.74839,17163.96526,18805.04159,20520.94868,22281.70326,24146.12307,26147.73212,28333.14223,30677.20752,33133.2848,35710.41906
OECD ENV-Growth 2025,SSP4,1,Lebanon,LBN,USD_2017/yr,GDP|PPP [per capita],ANNUAL,11772.70593,12565.58638,13382.2554,14332.48974,15472.9799,16871.18873,18516.60312,20287.00749,22138.13979,24037.65388,26049.00272,28208.35225,30565.98763,33094.78129,35744.41426,38524.64433
OECD ENV-Growth 2025,SSP4,1,Lesotho,LSO,USD_2010/yr,GDP|PPP [per capita],ANNUAL,2262.248967,2435.291001,2754.2735,3079.54048,3405.702875,3761.529525,4175.416905,4657.192478,5227.701089,5875.010234,6596.90944,7391.453837,8279.560314,9283.434726,10423.32904,11712.08709
OECD ENV-Growth 2025,SSP4,1,Lesotho,LSO,USD_2015/yr,GDP|PPP [per capita],ANNUAL,2790.054849,3003.469363,3396.87375,3798.028852,4200.288278,4639.132934,5149.584484,5743.763239,6447.377359,7245.710365,8136.036058,9115.95581,10211.26664,11449.35524,12855.19859,14444.63711
OECD ENV-Growth 2025,SSP4,1,Lesotho,LSO,USD_2017/yr,GDP|PPP [per capita],ANNUAL,2522.26132,2715.191998,3070.836859,3433.48851,3797.13849,4193.862197,4655.319863,5192.468476,5828.548688,6550.256529,7355.127465,8240.993091,9231.174388,10350.42945,11621.3379,13058.2198
OECD ENV-Growth 2025,SSP4,1,Liberia,LBR,USD_2010/yr,GDP|PPP [per capita],ANNUAL,1098.755281,1340.492882,1566.647202,1775.132308,1970.26169,2171.781587,2385.015444,2607.160137,2834.940744,3075.795066,3331.138427,3599.089255,3868.408895,4137.919502,4407.530007,4682.879925
OECD ENV-Growth 2025,SSP4,1,Liberia,LBR,USD_2015/yr,GDP|PPP [per capita],ANNUAL,1237.021381,1509.178964,1763.792283,1998.512915,2218.197154,2445.076083,2685.143043,2935.242169,3191.686425,3462.849578,3750.325053,4051.994505,4355.205019,4658.63053,4962.168512,5272.168146
OECD ENV-Growth 2025,SSP4,1,Liberia,LBR,USD_2017/yr,GDP|PPP [per capita],ANNUAL,1572.850028,1918.893409,2242.62958,2541.072564,2820.397051,3108.869453,3414.110195,3732.106653,4058.170827,4402.949809,4768.469611,5152.036793,5537.563407,5923.363387,6309.306371,6703.465227
OECD ENV-Growth 2025,SSP4,1,Libya,LBY,USD_2010/yr,GDP|PPP [per capita],ANNUAL,21423.71941,22963.53427,23228.73589,25282.60946,29096.21277,34509.86414,41422.73119,49442.43261,58144.14139,67203.46725,76736.85195,87026.38383,98283.32552,110540.5518,123607.5699,137382.2259
OECD ENV-Growth 2025,SSP4,1,Libya,LBY,USD_2015/yr,GDP|PPP [per capita],ANNUAL,25790.04249,27643.68377,27962.93557,30435.40478,35026.25055,41543.24678,49865.0107,59519.19055,69994.37625,80900.06421,92376.42795,104763.0476,118314.2429,133069.5885,148799.7681,165381.8077
OECD ENV-Growth 2025,SSP4,1,Libya,LBY,USD_2017/yr,GDP|PPP [per capita],ANNUAL,22226.24234,23823.73798,24098.87393,26229.68468,30186.14387,35802.58819,42974.40815,51294.52398,60322.19488,69720.87902,79611.38005,90286.35319,101964.9749,114681.3513,128237.8541,142528.5025
OECD ENV-Growth 2025,SSP4,1,Lithuania,LTU,USD_2010/yr,GDP|PPP [per capita],ANNUAL,36380.63803,43889.58434,49897.46679,55523.2682,60618.73232,64523.07787,67787.13206,70830.21541,73717.9574,76400.47214,78639.30655,80422.82615,81846.28081,83025.23355,84034.75008,84899.69222
OECD ENV-Growth 2025,SSP4,1,Lithuania,LTU,USD_2015/yr,GDP|PPP [per capita],ANNUAL,40645.5429,49034.76354,55746.95049,62032.26501,67725.07076,72087.12302,75733.82253,79133.64676,82359.91896,85356.90511,87858.19823,89850.79996,91441.12632,92758.28778,93886.15,94852.48938
OECD ENV-Growth 2025,SSP4,1,Lithuania,LTU,USD_2017/yr,GDP|PPP [per capita],ANNUAL,43343.41012,52289.46927,59447.18081,66149.68607,72220.35451,76871.94006,80760.69098,84386.18016,87826.59771,91022.51023,93689.82788,95814.6895,97510.57452,98915.1632,100117.8878,101148.3684
OECD ENV-Growth 2025,SSP4,1,Luxembourg,LUX,USD_2010/yr,GDP|PPP [per capita],ANNUAL,95908.15101,107218.4461,112636.6475,114845.3567,114667.4382,113955.1115,113331.8937,113111.6069,113521.4805,114084.6065,114623.5265,115072.3509,115518.7866,116064.2541,116776.2468,117634.4332
OECD ENV-Growth 2025,SSP4,1,Luxembourg,LUX,USD_2015/yr,GDP|PPP [per capita],ANNUAL,116068.1084,129755.8351,136312.9461,138985.9274,138770.6104,137908.5521,137154.3334,136887.7422,137383.7716,138065.267,138717.4684,139260.636,139800.9127,140461.0378,141322.6919,142361.2697
OECD ENV-Growth 2025,SSP4,1,Luxembourg,LUX,USD_2017/yr,GDP|PPP [per capita],ANNUAL,121800.6563,136164.4133,143045.3767,145850.3754,145624.4239,144719.789,143928.3198,143648.5618,144169.0898,144884.244,145568.6572,146138.6516,146705.6124,147398.3407,148302.5515,149392.4241
OECD ENV-Growth 2025,SSP4,1,Macao,MAC,USD_2010/yr,GDP|PPP [per capita],ANNUAL,99903.45468,118012.386,137438.1114,156004.7562,171528.6668,182826.5788,191441.9475,198716.8249,205619.2185,210648.4557,213779.3898,215204.0512,215533.7455,215177.6049,214253.5709,212816.1372
OECD ENV-Growth 2025,SSP4,1,Macao,MAC,USD_2015/yr,GDP|PPP [per capita],ANNUAL,115365.4411,136277.0788,158709.3099,180149.501,198076.0362,211122.5179,221071.2811,229472.0861,237442.7583,243250.3669,246865.8734,248511.0287,248891.7495,248480.4893,247413.4432,245753.5389
OECD ENV-Growth 2025,SSP4,1,Macao,MAC,USD_2017/yr,GDP|PPP [per capita],ANNUAL,118446.3491,139916.4454,162947.7437,184960.5088,203365.7836,216760.68,226975.1312,235600.2851,243783.8192,249746.5237,253458.5847,255147.6748,255538.5631,255116.3199,254020.7777,252316.5446
OECD ENV-Growth 2025,SSP4,1,Madagascar,MDG,USD_2010/yr,GDP|PPP [per capita],ANNUAL,1603.179755,1794.930303,2061.108632,2334.041987,2610.847783,2912.877034,3250.816859,3620.62162,4039.975585,4512.238546,5044.517825,5623.721435,6244.913311,6919.67665,7670.829604,8522.870415
OECD ENV-Growth 2025,SSP4,1,Madagascar,MDG,USD_2015/yr,GDP|PPP [per capita],ANNUAL,1622.414096,1816.465194,2085.83703,2362.044936,2642.171742,2947.824625,3289.818924,3664.060462,4088.445676,4566.374669,5105.040032,5691.192707,6319.837407,7002.6963,7762.861302,8625.124575
OECD ENV-Growth 2025,SSP4,1,Madagascar,MDG,USD_2017/yr,GDP|PPP [per capita],ANNUAL,1622.329735,1816.370743,2085.728572,2361.922116,2642.034356,2947.671346,3289.647862,3663.869941,4088.233088,4566.13723,5104.774584,5690.89678,6319.508793,7002.332179,7762.457655,8624.676091
OECD ENV-Growth 2025,SSP4,1,Malawi,MWI,USD_2010/yr,GDP|PPP [per capita],ANNUAL,1598.857571,1761.565569,1995.157823,2324.076049,2688.101516,3070.141865,3457.314743,3833.297726,4209.141173,4585.725366,4979.196057,5376.348884,5775.275106,6157.419673,6517.47505,6858.703442
OECD ENV-Growth 2025,SSP4,1,Malawi,MWI,USD_2015/yr,GDP|PPP [per capita],ANNUAL,1508.036003,1661.501529,1881.8248,2192.059142,2535.406492,2895.745406,3260.925301,3615.550931,3970.044953,4325.237643,4696.357609,5070.950552,5447.216153,5807.653364,6147.256142,6469.101383
OECD ENV-Growth 2025,SSP4,1,Malawi,MWI,USD_2017/yr,GDP|PPP [per capita],ANNUAL,1528.313669,1683.842755,1907.128582,2221.534462,2569.4986,2934.682778,3304.77303,3664.1671,4023.427793,4383.396548,4759.506744,5139.136616,5520.461638,5885.745435,6229.914649,6556.087553
OECD ENV-Growth 2025,SSP4,1,Malaysia,MYS,USD_2010/yr,GDP|PPP [per capita],ANNUAL,31776.55676,36828.1978,41555.7599,45419.64367,48834.13894,52039.15423,55238.74672,58495.43781,61871.3816,65301.20383,68873.58438,72655.2916,76684.46856,80963.45446,85480.92626,90255.96444
OECD ENV-Growth 2025,SSP4,1,Malaysia,MYS,USD_2015/yr,GDP|PPP [per capita],ANNUAL,31411.31728,36404.8948,41078.11834,44897.59066,48272.83975,51441.01662,54603.83303,57823.09173,61160.23246,64550.63234,68081.95198,71820.19229,75803.05792,80032.86119,84498.40921,89218.56314
OECD ENV-Growth 2025,SSP4,1,Malaysia,MYS,USD_2017/yr,GDP|PPP [per capita],ANNUAL,31396.84334,36388.11988,41059.19005,44876.90241,48250.59623,51417.31324,54578.67226,57796.44757,61132.05058,64520.88821,68050.58066,71787.09843,75768.12881,79995.98304,84459.47339,89177.45233
OECD ENV-Growth 2025,SSP4,1,Maldives,MDV,USD_2010/yr,GDP|PPP [per capita],ANNUAL,19150.65408,23262.1075,27245.10069,30990.47918,34380.97199,37450.99245,40493.94251,43724.93472,47214.89704,50450.1037,53503.60377,56353.16311,59162.87037,62031.96806,65051.90662,68179.8666
OECD ENV-Growth 2025,SSP4,1,Maldives,MDV,USD_2015/yr,GDP|PPP [per capita],ANNUAL,23828.60014,28944.36168,33900.2839,38560.54909,42779.24038,46599.17726,50385.43125,54405.66058,58748.11887,62773.59214,66572.97319,70118.59674,73614.6335,77184.56806,80942.1895,84834.21884
OECD ENV-Growth 2025,SSP4,1,Maldives,MDV,USD_2017/yr,GDP|PPP [per capita],ANNUAL,24560.40188,29833.27391,34941.39779,39744.78469,44093.03649,48030.28771,51932.8216,56076.51646,60552.33629,64701.43613,68617.50023,72272.01366,75875.41744,79554.9885,83428.0105,87439.56822
OECD ENV-Growth 2025,SSP4,1,Mali,MLI,USD_2010/yr,GDP|PPP [per capita],ANNUAL,1956.78918,2169.492551,2519.614057,2905.944864,3329.688995,3797.521812,4299.687769,4821.689933,5361.313738,5925.653168,6525.166919,7146.246583,7809.842588,8510.218547,9262.895112,10039.52659
OECD ENV-Growth 2025,SSP4,1,Mali,MLI,USD_2015/yr,GDP|PPP [per capita],ANNUAL,2166.297347,2401.774298,2789.382374,3217.076584,3686.189862,4204.112284,4760.043802,5337.935337,5935.335216,6560.096954,7223.799034,7911.376031,8646.021479,9421.384813,10254.64844,11114.43177
OECD ENV-Growth 2025,SSP4,1,Mali,MLI,USD_2017/yr,GDP|PPP [per capita],ANNUAL,2280.361005,2528.236698,2936.253789,3386.467698,3880.281545,4425.474519,5010.677911,5618.997597,6247.852813,6905.510594,7604.159071,8327.939568,9101.266847,9917.455961,10794.59403,11699.64817
OECD ENV-Growth 2025,SSP4,1,Malta,MLT,USD_2010/yr,GDP|PPP [per capita],ANNUAL,47707.73656,56702.49939,65803.26684,73136.55114,78849.69608,83078.41469,86674.53112,90291.48124,93847.36591,97647.14778,101466.7101,105306.2974,109179.3832,113188.9118,117458.1685,122031.0706
OECD ENV-Growth 2025,SSP4,1,Malta,MLT,USD_2015/yr,GDP|PPP [per capita],ANNUAL,51963.42115,61760.54595,71673.13133,79660.56834,85883.34432,90489.27832,94406.17997,98345.77376,102218.8549,106357.5896,110517.8693,114699.9601,118918.5377,123285.7293,127935.8175,132916.6372
OECD ENV-Growth 2025,SSP4,1,Malta,MLT,USD_2017/yr,GDP|PPP [per capita],ANNUAL,56196.23388,66791.40842,77511.44867,86149.52269,92879.19072,97860.3128,102096.2756,106356.7791,110545.3519,115021.2177,119520.3836,124043.1373,128605.3499,133328.2822,138357.1551,143743.7002
OECD ENV-Growth 2025,SSP4,1,Mauritania,MRT,USD_2010/yr,GDP|PPP [per capita],ANNUAL,5620.574503,6188.865484,7025.402563,7814.003079,8644.287228,9594.901569,10683.95738,11897.58847,13249.69331,14718.02748,16384.51292,18264.32281,20307.91378,22482.05174,24778.29122,27247.8359
OECD ENV-Growth 2025,SSP4,1,Mauritania,MRT,USD_2015/yr,GDP|PPP [per capita],ANNUAL,5132.747742,5651.71502,6415.646501,7135.801979,7894.02324,8762.130871,9756.664213,10864.96057,12099.71212,13440.60509,14962.4512,16679.10667,18545.32816,20530.76608,22627.70794,24882.91333
OECD ENV-Growth 2025,SSP4,1,Mauritania,MRT,USD_2017/yr,GDP|PPP [per capita],ANNUAL,6139.892773,6760.691535,7674.521244,8535.985247,9442.984281,10481.43153,11671.11167,12996.87736,14473.91119,16077.91348,17898.37541,19951.8721,22184.28259,24559.30207,27067.70475,29765.42535
OECD ENV-Growth 2025,SSP4,1,Mauritius,MUS,USD_2010/yr,GDP|PPP [per capita],ANNUAL,22973.11,27065.53306,31517.83692,36386.79172,41756.9154,47441.94028,53421.99851,59344.5211,65050.62825,70703.07608,76413.5992,82247.69187,88123.58763,93969.24464,99765.45322,105632.2855
OECD ENV-Growth 2025,SSP4,1,Mauritius,MUS,USD_2015/yr,GDP|PPP [per capita],ANNUAL,24019.80202,28298.68248,32953.84049,38044.63275,43659.42794,49603.47174,55855.99108,62048.35337,68014.43998,73924.42247,79895.12625,85995.0296,92138.64067,98250.63526,104310.9285,110445.0631
OECD ENV-Growth 2025,SSP4,1,Mauritius,MUS,USD_2017/yr,GDP|PPP [per capita],ANNUAL,24995.03323,29447.64109,34291.8038,39589.288,45432.05024,51617.42896,58123.80769,64567.58691,70775.9034,76925.83788,83138.95901,89486.52536,95879.57401,102239.7225,108546.0705,114929.2579
OECD ENV-Growth 2025,SSP4,1,Mayotte,MYT,USD_2017/yr,GDP|PPP [per capita],ANNUAL,27106.97839,30987.6867,33711.86626,36525.75461,39671.98337,43043.76971,46584.71525,50128.36513,53789.20097,57606.33339,61633.91223,65881.87896,70378.69307,75168.07199,80305.29243,85866.24394
OECD ENV-Growth 2025,SSP4,1,Mexico,MEX,USD_2010/yr,GDP|PPP [per capita],ANNUAL,18172.01766,19870.03257,21917.1886,24373.8217,27358.95348,30710.85624,34274.76256,37861.26549,41524.34273,45298.85567,49163.16078,53022.27112,56810.71742,60473.63163,63961.35652,67328.83701
OECD ENV-Growth 2025,SSP4,1,Mexico,MEX,USD_2015/yr,GDP|PPP [per capita],ANNUAL,20284.36092,22179.7557,24464.87629,27207.0722,30539.20029,34280.73337,38258.91364,42262.31718,46351.19615,50564.46427,54877.96216,59185.66141,63414.48253,67503.17952,71396.32291,75155.24451
OECD ENV-Growth 2025,SSP4,1,Mexico,MEX,USD_2017/yr,GDP|PPP [per capita],ANNUAL,21422.92513,23424.70869,25838.09344,28734.20921,32253.37015,36204.91604,40406.39216,44634.50734,48952.8957,53402.65519,57958.27035,62507.7614,66973.94689,71292.14304,75403.80915,79373.71959
OECD ENV-Growth 2025,SSP4,1,Micronesia,FSM,USD_2010/yr,GDP|PPP [per capita],ANNUAL,2751.938646,2820.47901,3083.655013,3496.741232,4059.138572,4853.052286,5928.762377,7298.359107,9001.660584,11112.66719,13780.76843,17153.57253,21321.2313,26333.97207,32194.63127,39000.27824
OECD ENV-Growth 2025,SSP4,1,Micronesia,FSM,USD_2015/yr,GDP|PPP [per capita],ANNUAL,2993.814347,3068.378918,3354.686207,3804.079747,4415.907786,5279.60083,6449.858136,7939.832612,9792.842092,12089.39106,14991.9993,18661.24872,23195.21486,28648.53964,35024.30883,42428.12342
OECD ENV-Growth 2025,SSP4,1,Micronesia,FSM,USD_2017/yr,GDP|PPP [per capita],ANNUAL,3086.015224,3162.87617,3458.0009,3921.234469,4551.905053,5442.197361,6648.495228,8184.356635,10094.43348,12461.70956,15453.70978,19235.96155,23909.56081,29530.83232,36102.95687,43734.78767
OECD ENV-Growth 2025,SSP4,1,Moldova,MDA,USD_2010/yr,GDP|PPP [per capita],ANNUAL,9355.339371,12525.03012,16254.00093,19912.87086,23241.96655,26141.30138,28801.38214,31426.175,34087.68933,36647.31844,39049.56984,41333.52378,43598.50739,45930.53467,48384.56485,50963.34657
OECD ENV-Growth 2025,SSP4,1,Moldova,MDA,USD_2015/yr,GDP|PPP [per capita],ANNUAL,11169.71166,14954.13148,19406.298,23774.7683,27749.50802,31211.13915,34387.11534,37520.95991,40698.64769,43754.69067,46622.83413,49349.73755,52053.99155,54838.29164,57768.25585,60847.1659
OECD ENV-Growth 2025,SSP4,1,Moldova,MDA,USD_2017/yr,GDP|PPP [per capita],ANNUAL,12361.67369,16549.94321,21477.21719,26311.86342,30710.76259,34541.79743,38056.69401,41524.96294,45041.75376,48423.9186,51598.13245,54616.03402,57608.86915,60690.29239,63932.92413,67340.39627
OECD ENV-Growth 2025,SSP4,1,Mongolia,MNG,USD_2010/yr,GDP|PPP [per capita],ANNUAL,13551.76305,15201.69311,16921.39766,18332.83935,19540.06059,20838.48853,22437.4948,24379.56245,26632.63375,29092.39707,31729.24289,34543.44151,37526.54054,40726.49118,44184.49552,47974.91613
OECD ENV-Growth 2025,SSP4,1,Mongolia,MNG,USD_2015/yr,GDP|PPP [per capita],ANNUAL,12910.12196,14481.93208,16120.21305,17464.82661,18614.88903,19851.83976,21375.13719,23225.25294,25371.64711,27714.94698,30226.94494,32907.89849,35749.75547,38798.19668,42092.47342,45703.42737
OECD ENV-Growth 2025,SSP4,1,Mongolia,MNG,USD_2017/yr,GDP|PPP [per capita],ANNUAL,13348.33443,14973.49701,16667.38668,18057.6409,19246.74027,20525.67721,22100.68043,24013.59526,26232.84519,28655.68444,31252.94797,34024.902,36963.22106,40115.1365,43521.23194,47254.75368
OECD ENV-Growth 2025,SSP4,1,Montenegro,MNE,USD_2010/yr,GDP|PPP [per capita],ANNUAL,19263.70189,22624.97453,25861.14243,28628.91155,30969.39555,32994.0625,34897.91592,36822.45296,38835.1086,40885.79189,42944.43706,45035.9797,47167.73509,49409.58228,51794.19652,54350.61197
OECD ENV-Growth 2025,SSP4,1,Montenegro,MNE,USD_2015/yr,GDP|PPP [per capita],ANNUAL,20994.41529,24657.67555,28184.59126,31201.02573,33751.78639,35958.35599,38033.25776,40130.70144,42324.18059,44559.10391,46802.70443,49082.15805,51405.43724,53848.69925,56447.55496,59233.64706
OECD ENV-Growth 2025,SSP4,1,Montenegro,MNE,USD_2017/yr,GDP|PPP [per capita],ANNUAL,23494.69751,27594.22543,31541.17116,34916.84103,37771.37874,40240.73474,42562.74223,44909.9762,47364.68277,49865.7692,52376.56623,54927.4862,57527.45106,60261.6878,63170.04833,66287.94375
OECD ENV-Growth 2025,SSP4,1,Morocco,MAR,USD_2010/yr,GDP|PPP [per capita],ANNUAL,8848.309671,9993.210875,11374.03252,12775.06583,14233.23627,15887.54988,17800.99326,19970.67886,22385.58488,24997.18612,27879.29394,31110.28918,34694.98023,38687.39029,43135.44034,48106.74588
OECD ENV-Growth 2025,SSP4,1,Morocco,MAR,USD_2015/yr,GDP|PPP [per capita],ANNUAL,8741.521857,9872.605563,11236.76245,12620.88708,14061.45925,15695.80742,17586.15797,19729.65823,22115.41942,24695.50196,27542.82641,30734.82766,34276.25606,38220.48283,42614.85058,47526.1588
OECD ENV-Growth 2025,SSP4,1,Morocco,MAR,USD_2017/yr,GDP|PPP [per capita],ANNUAL,8761.717616,9895.414494,11262.72302,12650.04543,14093.9458,15732.06984,17626.78772,19775.24016,22166.51323,24752.5566,27606.4593,30805.83511,34355.44536,38308.78458,42713.30475,47635.95969
OECD ENV-Growth 2025,SSP4,1,Mozambique,MOZ,USD_2010/yr,GDP|PPP [per capita],ANNUAL,1287.838649,1832.077269,2426.032573,2869.105387,3181.766273,3453.469754,3716.372797,3972.75818,4238.713065,4511.051388,4809.919209,5120.784191,5440.454738,5748.208022,6040.505468,6322.665395
OECD ENV-Growth 2025,SSP4,1,Mozambique,MOZ,USD_2015/yr,GDP|PPP [per capita],ANNUAL,1410.672676,2006.820766,2657.427516,3142.760607,3485.243082,3782.861637,4070.840367,4351.679783,4643.00144,4941.315388,5268.689217,5609.204495,5959.365212,6296.472,6616.64877,6925.721106
OECD ENV-Growth 2025,SSP4,1,Mozambique,MOZ,USD_2017/yr,GDP|PPP [per capita],ANNUAL,1379.320716,1962.219516,2598.366642,3072.913288,3407.784149,3698.788182,3980.366634,4254.964442,4539.811524,4831.495496,5151.593496,5484.540881,5826.919336,6156.533982,6469.594879,6771.798135
OECD ENV-Growth 2025,SSP4,1,Myanmar,MMR,USD_2010/yr,GDP|PPP [per capita],ANNUAL,4336.1415,4917.43142,5632.439876,6335.040614,7023.086232,7762.140316,8590.509522,9494.824031,10501.32444,11613.47517,12817.06271,14104.73865,15487.7771,16974.97653,18593.40759,20361.34986
OECD ENV-Growth 2025,SSP4,1,Myanmar,MMR,USD_2015/yr,GDP|PPP [per capita],ANNUAL,4689.324314,5317.960846,6091.207415,6851.035645,7595.123228,8394.373964,9290.214622,10268.1864,11356.66722,12559.40368,13861.02455,15253.58291,16749.27115,18357.60438,20107.85817,22019.80101
OECD ENV-Growth 2025,SSP4,1,Myanmar,MMR,USD_2017/yr,GDP|PPP [per capita],ANNUAL,4345.314459,4927.834078,5644.35511,6348.442175,7037.943331,7778.560858,8608.68245,9514.910006,10523.53964,11638.04308,12844.17677,14134.57674,15520.54096,17010.88652,18632.7413,20404.4236
OECD ENV-Growth 2025,SSP4,1,Namibia,NAM,USD_2010/yr,GDP|PPP [per capita],ANNUAL,9149.125839,9701.962861,10627.53674,11898.62756,13513.61244,15417.72261,17636.16974,20182.57131,23058.09874,26249.53586,29655.75921,33250.42368,37033.66334,41072.25578,45454.85259,50182.26254
OECD ENV-Growth 2025,SSP4,1,Namibia,NAM,USD_2015/yr,GDP|PPP [per capita],ANNUAL,9835.368709,10429.67204,11424.66986,12791.10062,14527.21968,16574.15027,18958.9951,21696.39306,24787.60341,28218.41869,31880.13055,35744.41782,39811.42461,44152.93727,48864.25684,53946.25272
OECD ENV-Growth 2025,SSP4,1,Namibia,NAM,USD_2017/yr,GDP|PPP [per capita],ANNUAL,9861.936767,10457.84547,11455.53107,12825.65293,14566.46173,16618.92165,19010.20861,21755.00103,24854.5616,28294.64446,31966.24762,35840.9734,39918.96631,44272.2066,48996.25274,54091.97651
OECD ENV-Growth 2025,SSP4,1,Nepal,NPL,USD_2010/yr,GDP|PPP [per capita],ANNUAL,3568.899403,4353.06713,5240.323402,6154.54393,7099.199429,8139.916834,9319.344409,10676.80995,12276.97903,14145.96479,16309.111,18738.85972,21456.93123,24505.96571,27934.62343,31774.50648
OECD ENV-Growth 2025,SSP4,1,Nepal,NPL,USD_2015/yr,GDP|PPP [per capita],ANNUAL,3998.632592,4877.222397,5871.313696,6895.616034,7954.018033,9120.048808,10441.49192,11962.41065,13755.25699,15849.28839,18272.90025,20995.21638,24040.57242,27456.74285,31298.24718,35600.49271
OECD ENV-Growth 2025,SSP4,1,Nepal,NPL,USD_2017/yr,GDP|PPP [per capita],ANNUAL,4446.650407,5423.679835,6529.151863,7668.219857,8845.208133,10141.88421,11611.38545,13302.7121,15296.43389,17625.08634,20320.24635,23347.57828,26734.1444,30533.07199,34804.98905,39589.27003
OECD ENV-Growth 2025,SSP4,1,Netherlands,NLD,USD_2010/yr,GDP|PPP [per capita],ANNUAL,52561.21279,57427.23265,61844.73015,66281.11534,70425.09183,73924.17649,76975.96614,79844.04419,82578.36009,84988.13577,87023.94237,88699.84803,90071.94474,91173.37235,92012.50074,92562.1377
OECD ENV-Growth 2025,SSP4,1,Netherlands,NLD,USD_2015/yr,GDP|PPP [per capita],ANNUAL,57671.61348,63010.74478,67857.74497,72725.46925,77272.35463,81111.64691,84460.15474,87607.08915,90607.25602,93251.32842,95485.07161,97323.92156,98829.42394,100037.9407,100958.6556,101561.7324
OECD ENV-Growth 2025,SSP4,1,Netherlands,NLD,USD_2017/yr,GDP|PPP [per capita],ANNUAL,60775.15768,66401.60936,71509.44636,76639.12269,81430.69448,85476.59469,89005.29936,92321.58312,95483.20118,98269.56187,100623.5119,102561.3178,104147.8374,105421.3894,106391.6516,107027.1825
OECD ENV-Growth 2025,SSP4,1,New Caledonia,NCL,USD_2017/yr,GDP|PPP [per capita],ANNUAL,39551.02436,48135.40579,57106.82385,65993.83348,74149.09428,81379.58893,87996.59137,94544.62993,101218.635,107823.5479,114302.2158,120819.8813,127487.0364,134510.9913,141977.4107,149964.9061
OECD ENV-Growth 2025,SSP4,1,New Zealand,NZL,USD_2010/yr,GDP|PPP [per capita],ANNUAL,39145.86296,43377.96941,48089.7006,53141.38079,58410.07473,63223.22162,67599.41032,71851.82838,76031.16752,79876.45763,83301.25073,86352.27205,89082.40353,91536.18584,93704.93362,95549.42495
OECD ENV-Growth 2025,SSP4,1,New Zealand,NZL,USD_2015/yr,GDP|PPP [per capita],ANNUAL,43112.64711,47773.60738,52962.7944,58526.37862,64328.96733,69629.84685,74449.48972,79132.81983,83735.6657,87970.61221,91742.4513,95102.64305,98109.42808,100811.8605,103200.375,105231.7749
OECD ENV-Growth 2025,SSP4,1,New Zealand,NZL,USD_2017/yr,GDP|PPP [per capita],ANNUAL,46776.46012,51833.51964,57463.69584,63500.08638,69795.79258,75547.15316,80776.3805,85857.7109,90851.71731,95446.55943,99538.93817,103184.6868,106446.9954,109379.0869,111970.5828,114174.6159
OECD ENV-Growth 2025,SSP4,1,Nicaragua,NIC,USD_2010/yr,GDP|PPP [per capita],ANNUAL,5370.085023,5990.310848,6776.604903,7719.308569,8823.685543,10133.08618,11654.08358,13375.54398,15356.37552,17597.08599,20124.37027,22901.52599,25920.36995,29210.10624,32807.65861,36761.19232
OECD ENV-Growth 2025,SSP4,1,Nicaragua,NIC,USD_2015/yr,GDP|PPP [per capita],ANNUAL,5848.842104,6524.362678,7380.756898,8407.505053,9610.340114,11036.47723,12693.07552,14568.00859,16725.43643,19165.91209,21918.51035,24943.25674,28231.23851,31814.26337,35732.54691,40038.54846
OECD ENV-Growth 2025,SSP4,1,Nicaragua,NIC,USD_2017/yr,GDP|PPP [per capita],ANNUAL,6220.4519,6938.892092,7849.697847,8941.681081,10220.93901,11737.68663,13499.53791,15493.59602,17788.09737,20383.63015,23311.11645,26528.04196,30024.92769,33835.60225,38002.83636,42582.42237
OECD ENV-Growth 2025,SSP4,1,Niger,NER,USD_2010/yr,GDP|PPP [per capita],ANNUAL,1472.997407,1662.423153,1958.308486,2228.079364,2486.35346,2757.172314,3059.916632,3396.191248,3786.287454,4238.375278,4762.183063,5364.527541,6036.685609,6802.290353,7678.477169,8721.961206
OECD ENV-Growth 2025,SSP4,1,Niger,NER,USD_2015/yr,GDP|PPP [per capita],ANNUAL,1456.488752,1643.791504,1936.360695,2203.108109,2458.487592,2726.271237,3025.62254,3358.12835,3743.852543,4190.873582,4708.810778,5304.404465,5969.029305,6726.053515,7592.420445,8624.209609
OECD ENV-Growth 2025,SSP4,1,Niger,NER,USD_2017/yr,GDP|PPP [per capita],ANNUAL,1439.038965,1624.097696,1913.161696,2176.713284,2429.033136,2693.60854,2989.373399,3317.895549,3698.998487,4140.663892,4652.395826,5240.853871,5897.516026,6645.47054,7501.457768,8520.885354
OECD ENV-Growth 2025,SSP4,1,Nigeria,NGA,USD_2010/yr,GDP|PPP [per capita],ANNUAL,4856.623797,5097.308631,5652.760894,6156.208399,6668.958571,7246.401634,7928.927913,8703.552406,9587.164497,10580.32879,11691.92099,12929.5027,14319.76938,15869.05337,17619.14882,19582.6399
OECD ENV-Growth 2025,SSP4,1,Nigeria,NGA,USD_2015/yr,GDP|PPP [per capita],ANNUAL,5023.301582,5272.246643,5846.761851,6367.487515,6897.835109,7495.095835,8201.046199,9002.255558,9916.192935,10943.44231,12093.184,13373.23912,14811.21931,16413.67423,18223.83241,20254.70988
OECD ENV-Growth 2025,SSP4,1,Nigeria,NGA,USD_2017/yr,GDP|PPP [per capita],ANNUAL,5105.142115,5358.143034,5942.018347,6471.227767,7010.21588,7617.207285,8334.659119,9148.921926,10077.74933,11121.73484,12290.20833,13591.11834,15052.52636,16681.08877,18520.73837,20584.70326
OECD ENV-Growth 2025,SSP4,1,North Korea,PRK,USD_2017/yr,GDP|PPP [per capita],ANNUAL,2212.819409,2848.317933,3615.852473,4426.369948,5177.289753,5948.479298,6798.774307,7796.472146,8991.900512,10385.7036,11928.80398,13644.10896,15560.74681,17744.02475,20267.64079,23162.27617
OECD ENV-Growth 2025,SSP4,1,North Macedonia,MKD,USD_2010/yr,GDP|PPP [per capita],ANNUAL,15271.76444,18144.33714,20952.31702,23923.52098,27050.48706,30249.94172,33559.90095,37017.20801,41049.47304,45793.97426,51005.39061,56479.90323,62097.01373,67848.27798,73753.36336,79874.56335
OECD ENV-Growth 2025,SSP4,1,North Macedonia,MKD,USD_2015/yr,GDP|PPP [per capita],ANNUAL,16896.58688,20074.78376,23181.51554,26468.83746,29928.49363,33468.35072,37130.46939,40955.61279,45416.88619,50666.17335,56432.05256,62489.01988,68703.75663,75066.92026,81600.27065,88372.72892
OECD ENV-Growth 2025,SSP4,1,North Macedonia,MKD,USD_2017/yr,GDP|PPP [per capita],ANNUAL,18342.78726,21793.01006,25165.65096,28734.33895,32490.11149,36332.94945,40308.51352,44461.05581,49304.17528,55002.75562,61262.14376,67837.53463,74584.1986,81491.99351,88584.54167,95936.66326
OECD ENV-Growth 2025,SSP4,1,Norway,NOR,USD_2010/yr,GDP|PPP [per capita],ANNUAL,65378.16564,70385.01977,75980.07511,81742.32055,87133.25962,91759.83949,96028.91869,100301.0314,104692.0505,108734.1611,112326.6197,115529.1759,118480.0079,121258.1769,123821.9431,126098.7355
OECD ENV-Growth 2025,SSP4,1,Norway,NOR,USD_2015/yr,GDP|PPP [per capita],ANNUAL,66369.44583,71452.21514,77132.10412,82981.71817,88454.39601,93151.12525,97484.9333,101821.8208,106279.4177,110382.8158,114029.7442,117280.8583,120276.4316,123096.7239,125699.3625,128010.6762
OECD ENV-Growth 2025,SSP4,1,Norway,NOR,USD_2017/yr,GDP|PPP [per capita],ANNUAL,69247.65538,74550.84652,80477.05232,86580.34357,92290.35221,97190.76209,101712.5122,106237.4753,110888.3824,115169.7304,118974.8133,122366.9168,125492.3976,128434.9961,131150.502,133562.0492
OECD ENV-Growth 2025,SSP4,1,Oman,OMN,USD_2010/yr,GDP|PPP [per capita],ANNUAL,45182.36995,48983.30529,54085.48267,59927.80213,66061.10271,72120.04452,78921.94617,86684.6547,95520.19647,104857.3903,114539.0392,124222.1881,134027.2262,144313.7197,155501.2428,167753.9873
OECD ENV-Growth 2025,SSP4,1,Oman,OMN,USD_2015/yr,GDP|PPP [per capita],ANNUAL,35926.58332,38948.88207,43005.8583,47651.35559,52528.22536,57345.96905,62754.47433,68926.96141,75952.50761,83376.94045,91075.26543,98774.78311,106571.2205,114750.4852,123646.2001,133388.9216
OECD ENV-Growth 2025,SSP4,1,Oman,OMN,USD_2017/yr,GDP|PPP [per capita],ANNUAL,34676.12749,37593.23251,41509.00218,45992.8089,50699.935,55349.99295,60570.25052,66527.89885,73308.91483,80474.93386,87905.31198,95336.84128,102861.9169,110756.4952,119342.5871,128746.2047
OECD ENV-Growth 2025,SSP4,1,Pakistan,PAK,USD_2010/yr,GDP|PPP [per capita],ANNUAL,5019.724709,5733.306761,6536.238575,7475.405448,8564.438139,9801.22373,11184.4228,12672.92705,14334.29197,16168.20707,18229.63953,20490.99294,22904.82746,25454.99689,28158.16873,31073.28251
OECD ENV-Growth 2025,SSP4,1,Pakistan,PAK,USD_2015/yr,GDP|PPP [per capita],ANNUAL,5439.880794,6213.190392,7083.32842,8101.104519,9281.290359,10621.59617,12120.57042,13733.66399,15534.08684,17521.50252,19755.47898,22206.10998,24821.98491,27585.60613,30515.03621,33674.14799
OECD ENV-Growth 2025,SSP4,1,Pakistan,PAK,USD_2017/yr,GDP|PPP [per capita],ANNUAL,5470.070111,6247.67129,7122.63826,8146.062639,9332.798071,10680.54208,12187.83508,13809.88072,15620.29525,17618.74034,19865.11455,22329.34564,24959.73771,27738.696,30684.38332,33861.027
OECD ENV-Growth 2025,SSP4,1,Panama,PAN,USD_2010/yr,GDP|PPP [per capita],ANNUAL,26286.89605,30015.37306,33735.85458,37336.63019,41043.3426,44786.96059,48515.1063,52255.37606,56110.10395,60093.71312,64418.33844,69013.20048,73934.60782,79128.34494,84662.92232,90567.88839
OECD ENV-Growth 2025,SSP4,1,Panama,PAN,USD_2015/yr,GDP|PPP [per capita],ANNUAL,32970.5758,37647.05162,42313.49903,46829.80423,51478.98161,56174.44814,60850.50843,65541.77542,70376.60254,75373.08017,80797.28038,86560.42742,92733.14684,99247.43834,106189.2318,113595.5886
OECD ENV-Growth 2025,SSP4,1,Panama,PAN,USD_2017/yr,GDP|PPP [per capita],ANNUAL,37034.64684,42287.56179,47529.21219,52602.21331,57824.46492,63098.71144,68351.15964,73620.68896,79051.47416,84663.83549,90756.642,97230.17515,104163.766,111481.0324,119278.4961,127597.7869
OECD ENV-Growth 2025,SSP4,1,Papua New Guinea,PNG,USD_2010/yr,GDP|PPP [per capita],ANNUAL,3096.664157,3319.712409,3756.171798,4267.906732,4847.501256,5544.237394,6401.095274,7420.016388,8630.884251,10007.42659,11559.79839,13299.69182,15270.77463,17510.40953,20053.77764,22916.27644
OECD ENV-Growth 2025,SSP4,1,Papua New Guinea,PNG,USD_2015/yr,GDP|PPP [per capita],ANNUAL,3371.026742,3613.836935,4088.966364,4646.040707,5276.986957,6035.453498,6968.228472,8077.425386,9395.575413,10894.07858,12583.98959,14478.03653,16623.75609,19061.8213,21830.53029,24946.64477
OECD ENV-Growth 2025,SSP4,1,Papua New Guinea,PNG,USD_2017/yr,GDP|PPP [per capita],ANNUAL,3468.641244,3718.482469,4207.370175,4780.575667,5429.792168,6210.221553,7170.006803,8311.322627,9667.6422,11209.53738,12948.38299,14897.27566,17105.12862,19613.79265,22462.67489,25669.0224
OECD ENV-Growth 2025,SSP4,1,Paraguay,PRY,USD_2010/yr,GDP|PPP [per capita],ANNUAL,14163.01534,15765.57355,17620.09986,19679.21211,22157.70052,24974.7937,28192.35473,31770.9796,35731.34098,39956.13513,44493.10466,49337.20075,54506.69523,60032.45452,65894.81353,72135.9005
OECD ENV-Growth 2025,SSP4,1,Paraguay,PRY,USD_2015/yr,GDP|PPP [per capita],ANNUAL,14321.92333,15942.46212,17817.79608,19900.01142,22406.30828,25255.00904,28508.67087,32127.44764,36132.24399,40404.44002,44992.31401,49890.7605,55118.25633,60706.01423,66634.14847,72945.25998
OECD ENV-Growth 2025,SSP4,1,Paraguay,PRY,USD_2017/yr,GDP|PPP [per capita],ANNUAL,14747.84098,16416.57274,18347.67699,20491.81504,23072.64631,26006.06417,29356.48619,33082.88125,37206.77567,41606.02193,46330.33405,51374.45476,56757.41034,62511.34178,68615.77197,75114.56872
OECD ENV-Growth 2025,SSP4,1,Peru,PER,USD_2010/yr,GDP|PPP [per capita],ANNUAL,12924.45825,14316.68035,16013.84368,18157.40921,20790.05186,23830.70921,27212.30154,30891.66468,34916.07744,39289.16288,44043.90314,49149.25721,54584.10347,60319.30679,66374.72909,72799.67895
OECD ENV-Growth 2025,SSP4,1,Peru,PER,USD_2015/yr,GDP|PPP [per capita],ANNUAL,12999.82329,14400.16371,16107.22353,18263.28861,20911.28271,23969.67073,27370.98178,31071.8,35119.6799,39518.26565,44300.73173,49435.85612,54902.39402,60671.04044,66761.77309,73224.18808
OECD ENV-Growth 2025,SSP4,1,Peru,PER,USD_2017/yr,GDP|PPP [per capita],ANNUAL,13737.70278,15217.52755,17021.48134,19299.92625,22098.22243,25330.20679,28924.57876,32835.45813,37113.09866,41761.35136,46815.27371,52241.87152,58018.69412,64114.77313,70551.22023,77380.44663
OECD ENV-Growth 2025,SSP4,1,Philippines,PHL,USD_2010/yr,GDP|PPP [per capita],ANNUAL,9315.279942,11741.53838,14068.99234,15965.82792,17652.87648,19345.45952,21136.87093,23039.04351,25030.41281,27048.66806,29119.68718,31274.04646,33586.35362,36064.95462,38703.96773,41467.33109
OECD ENV-Growth 2025,SSP4,1,Philippines,PHL,USD_2015/yr,GDP|PPP [per capita],ANNUAL,9645.652031,12157.9592,14567.95774,16532.06576,18278.94652,20031.55805,21886.50296,23856.13726,25918.13168,28007.96558,30152.43466,32383.19961,34777.51415,37344.02025,40076.62757,42937.9953
OECD ENV-Growth 2025,SSP4,1,Philippines,PHL,USD_2017/yr,GDP|PPP [per capita],ANNUAL,9797.8021,12349.73829,14797.75203,16792.8418,18567.27778,20347.53492,22231.73964,24232.44286,26326.96309,28449.76193,30628.05777,32894.0107,35326.09305,37933.0831,40708.79444,43615.29725
OECD ENV-Growth 2025,SSP4,1,Poland,POL,USD_2010/yr,GDP|PPP [per capita],ANNUAL,33286.62967,40200.83886,46710.94347,52756.55387,57209.74514,60530.44244,63203.78499,65743.06569,68298.40338,70739.00825,72939.31154,74839.61233,76494.49179,77985.82856,79390.85746,80714.12839
OECD ENV-Growth 2025,SSP4,1,Poland,POL,USD_2015/yr,GDP|PPP [per capita],ANNUAL,36599.26303,44201.56352,51359.54356,58006.80366,62903.16957,66554.33748,69493.7269,72285.71284,75095.35375,77778.8438,80198.11784,82287.53359,84107.10407,85746.85634,87291.71152,88746.67231
OECD ENV-Growth 2025,SSP4,1,Poland,POL,USD_2017/yr,GDP|PPP [per capita],ANNUAL,37734.46673,45572.56868,52952.56864,59806.0076,64854.24466,68618.66128,71649.22209,74527.8074,77424.59527,80191.31945,82685.63241,84839.85581,86715.86413,88406.47679,89999.24893,91499.33841
OECD ENV-Growth 2025,SSP4,1,Portugal,PRT,USD_2010/yr,GDP|PPP [per capita],ANNUAL,33026.06307,37118.93861,41474.93607,46245.08283,50891.28109,55209.93197,59269.83125,63158.57433,66922.72784,70344.5502,73356.63446,75904.625,78054.66164,79919.46806,81596.35411,83113.82297
OECD ENV-Growth 2025,SSP4,1,Portugal,PRT,USD_2015/yr,GDP|PPP [per capita],ANNUAL,36718.56845,41269.05121,46112.07445,51415.55128,56581.22146,61382.72255,65896.54212,70220.06922,74405.07692,78209.47886,81558.33162,84391.20228,86781.62548,88854.92807,90719.29971,92406.43038
OECD ENV-Growth 2025,SSP4,1,Portugal,PRT,USD_2017/yr,GDP|PPP [per capita],ANNUAL,38523.38924,43297.54101,48378.61244,53942.77006,59362.34743,64399.8558,69135.54227,73671.58288,78062.29547,82053.69445,85567.15272,88539.26693,91047.18615,93222.39739,95178.40813,96948.46602
OECD ENV-Growth 2025,SSP4,1,Puerto Rico,PRI,USD_2010/yr,GDP|PPP [per capita],ANNUAL,32469.61707,35898.54239,39502.61069,42991.31518,46429.32352,49618.32046,52805.86251,55946.60229,59107.73727,62212.81512,65263.58469,68318.00513,71512.95177,74918.60667,78575.60509,82509.02388
OECD ENV-Growth 2025,SSP4,1,Puerto Rico,PRI,USD_2015/yr,GDP|PPP [per capita],ANNUAL,34313.46539,37937.10869,41745.8408,45432.65794,49065.90005,52435.99018,55804.54281,59123.63541,62464.28139,65745.68693,68969.70019,72197.57165,75573.94934,79173.00076,83037.66873,87194.45411
OECD ENV-Growth 2025,SSP4,1,Puerto Rico,PRI,USD_2017/yr,GDP|PPP [per capita],ANNUAL,34623.65875,38280.05975,42123.22275,45843.36868,49509.45525,52910.01097,56309.01527,59658.11244,63028.95782,66340.02723,69593.18554,72850.23692,76257.13704,79888.72384,83788.32837,87982.69104
OECD ENV-Growth 2025,SSP4,1,Qatar,QAT,USD_2010/yr,GDP|PPP [per capita],ANNUAL,125125.3801,137051.6802,142912.7507,144402.0074,144609.3132,145681.7198,147923.6905,152250.8488,158644.0253,165223.5009,171685.488,178327.7274,185269.5906,192607.2217,200510.558,209140.8559
OECD ENV-Growth 2025,SSP4,1,Qatar,QAT,USD_2015/yr,GDP|PPP [per capita],ANNUAL,88043.15953,96434.97537,100559.056,101606.9559,101752.8244,102507.412,104084.9512,107129.7107,111628.2022,116257.7811,120804.6905,125478.4325,130363.0016,135526.0486,141087.1482,147159.7667
OECD ENV-Growth 2025,SSP4,1,Qatar,QAT,USD_2017/yr,GDP|PPP [per capita],ANNUAL,90873.31815,99534.88998,103791.5397,104873.1245,105023.6819,105802.5259,107430.7752,110573.4089,115216.505,119994.9023,124687.9727,129511.9527,134553.5369,139882.5508,145622.4126,151890.2362
OECD ENV-Growth 2025,SSP4,1,Romania,ROU,USD_2010/yr,GDP|PPP [per capita],ANNUAL,30177.31086,35478.70978,41091.85387,46615.78675,51705.3352,56161.21823,60307.76114,64478.70418,68791.52763,72968.57041,76957.93582,80695.47561,84210.32892,87554.34651,90814.85732,94023.89081
OECD ENV-Growth 2025,SSP4,1,Romania,ROU,USD_2015/yr,GDP|PPP [per capita],ANNUAL,32073.20772,37707.66831,43673.45954,49544.43483,54953.7354,59689.56036,64096.61083,68529.59438,73113.372,77552.83851,81792.83677,85765.1884,89500.86322,93054.96952,96520.32272,99930.96452
OECD ENV-Growth 2025,SSP4,1,Romania,ROU,USD_2017/yr,GDP|PPP [per capita],ANNUAL,35497.03914,41732.98128,48335.6238,54833.32872,60820.0749,66061.45161,70938.95699,75845.16381,80918.26205,85831.64389,90524.26414,94920.66635,99055.12638,102988.6354,106823.9168,110598.6464
OECD ENV-Growth 2025,SSP4,1,Russian Federation,RUS,USD_2010/yr,GDP|PPP [per capita],ANNUAL,26251.75698,28766.11588,32355.48466,36132.85247,39889.65297,43528.17941,47427.79365,51927.44916,56784.2579,61962.64972,67290.01395,72742.29999,78400.00927,84395.67658,90805.64307,97623.80253
OECD ENV-Growth 2025,SSP4,1,Russian Federation,RUS,USD_2015/yr,GDP|PPP [per capita],ANNUAL,27031.59292,29620.64347,33316.63821,37206.21669,41074.61688,44821.22956,48836.68592,53470.00842,58471.09375,63803.31511,69288.93428,74903.18619,80728.96364,86902.73853,93503.11979,100523.8198
OECD ENV-Growth 2025,SSP4,1,Russian Federation,RUS,USD_2017/yr,GDP|PPP [per capita],ANNUAL,28625.18563,31366.8684,35280.75302,39399.6337,43496.08757,47463.5742,51715.75364,56622.22426,61918.13843,67564.71009,73373.7228,79318.95154,85488.17588,92025.91314,99015.40648,106449.9976
OECD ENV-Growth 2025,SSP4,1,Rwanda,RWA,USD_2010/yr,GDP|PPP [per capita],ANNUAL,2434.192751,3076.562437,3700.565283,4245.496194,4723.395006,5178.354309,5638.872952,6093.600459,6558.944828,7026.713795,7523.892632,8031.028602,8520.271733,8978.703966,9413.950367,9850.248935
OECD ENV-Growth 2025,SSP4,1,Rwanda,RWA,USD_2015/yr,GDP|PPP [per capita],ANNUAL,2596.409756,3281.58759,3947.174602,4528.420246,5038.166705,5523.444944,6014.653004,6499.684,6996.039376,7494.980929,8025.292253,8566.224264,9088.07104,9577.053649,10041.3053,10506.67923
OECD ENV-Growth 2025,SSP4,1,Rwanda,RWA,USD_2017/yr,GDP|PPP [per capita],ANNUAL,2717.931177,3435.177826,4131.91673,4740.366785,5273.971233,5781.962259,6296.160643,6803.892854,7323.479467,7845.773299,8400.905122,8967.154719,9513.425822,10025.2946,10511.27491,10998.43004
OECD ENV-Growth 2025,SSP4,1,Saint Lucia,LCA,USD_2010/yr,GDP|PPP [per capita],ANNUAL,14461.40056,15348.30975,16529.81996,18377.17982,20942.81007,24073.26718,27695.08258,31795.42394,36471.27349,41696.66516,47485.90625,53785.8959,60549.26344,67770.54758,75470.19228,83700.90226
OECD ENV-Growth 2025,SSP4,1,Saint Lucia,LCA,USD_2015/yr,GDP|PPP [per capita],ANNUAL,15718.17786,16682.16446,17966.35458,19974.26043,22762.85842,26165.36992,30101.94151,34558.62566,39640.83293,45320.3406,51612.69941,58460.19371,65811.33604,73660.19052,82028.97778,90974.98289
OECD ENV-Growth 2025,SSP4,1,Saint Lucia,LCA,USD_2017/yr,GDP|PPP [per capita],ANNUAL,16319.45174,17320.31412,18653.62888,20738.34398,23633.61535,27166.2845,31253.44338,35880.61089,41157.2299,47053.99811,53587.06109,60696.49538,68328.84397,76477.94389,85166.86578,94455.08609
OECD ENV-Growth 2025,SSP4,1,Saint Vincent and the Grenadines,VCT,USD_2010/yr,GDP|PPP [per capita],ANNUAL,15862.98173,18260.85292,20952.45855,24142.09017,27923.3548,32234.91215,37142.5296,42592.63354,48483.92791,54762.84347,61432.37803,68459.39988,75918.79151,83832.19975,92223.47942,101113.355
OECD ENV-Growth 2025,SSP4,1,Saint Vincent and the Grenadines,VCT,USD_2015/yr,GDP|PPP [per capita],ANNUAL,16896.83448,19450.98433,22318.01246,25715.52489,29743.22936,34335.78781,39563.25395,45368.56255,51643.81568,58331.95279,65436.16708,72921.16751,80866.71695,89295.87305,98234.04533,107703.309
OECD ENV-Growth 2025,SSP4,1,Saint Vincent and the Grenadines,VCT,USD_2017/yr,GDP|PPP [per capita],ANNUAL,17304.42285,19920.18436,22856.37144,26335.83924,30460.70071,35164.04165,40517.60563,46462.95089,52889.57677,59739.04628,67014.62967,74680.18458,82817.39794,91449.88361,100603.664,110301.3469
OECD ENV-Growth 2025,SSP4,1,Samoa,WSM,USD_2010/yr,GDP|PPP [per capita],ANNUAL,4561.574946,4871.345747,5331.728879,5902.209358,6564.240783,7406.39624,8499.25108,9850.568928,11500.10148,13481.49292,15829.63412,18562.13669,21703.18197,25290.73638,29370.89149,34028.51724
OECD ENV-Growth 2025,SSP4,1,Samoa,WSM,USD_2015/yr,GDP|PPP [per capita],ANNUAL,4968.841345,5306.269093,5807.756137,6429.170238,7150.309133,8067.653889,9258.080961,10730.04713,12526.8532,14685.14717,17242.93504,20219.40083,23640.88481,27548.74316,31993.18255,37066.6503
OECD ENV-Growth 2025,SSP4,1,Samoa,WSM,USD_2017/yr,GDP|PPP [per capita],ANNUAL,5114.612928,5461.93984,5978.139079,6617.783691,7360.078737,8304.335762,9529.686558,11044.836,12894.35522,15115.96736,17748.7934,20812.58018,24334.44071,28356.94443,32931.77095,38154.07973
OECD ENV-Growth 2025,SSP4,1,Sao Tome and Principe,STP,USD_2010/yr,GDP|PPP [per capita],ANNUAL,3330.646061,3633.101023,4012.972532,4454.47527,4980.804973,5623.406026,6407.914876,7328.706087,8406.585807,9651.091828,11093.31843,12717.70764,14511.93968,16503.79661,18732.0195,21237.25798
OECD ENV-Growth 2025,SSP4,1,Sao Tome and Principe,STP,USD_2015/yr,GDP|PPP [per capita],ANNUAL,3432.280917,3743.96531,4135.42862,4590.40384,5132.794524,5795.004585,6603.452768,7552.341976,8663.113257,9945.595452,11431.83168,13105.78922,14954.77236,17007.41092,19303.62816,21885.31413
OECD ENV-Growth 2025,SSP4,1,Sao Tome and Principe,STP,USD_2017/yr,GDP|PPP [per capita],ANNUAL,3494.407997,3811.734131,4210.283246,4673.493888,5225.702285,5899.898888,6722.980641,7689.045516,8819.922662,10125.61883,11638.75715,13343.01468,15225.46591,17315.25891,19653.03955,22281.45614
OECD ENV-Growth 2025,SSP4,1,Saudi Arabia,SAU,USD_2010/yr,GDP|PPP [per capita],ANNUAL,58116.78809,67195.84043,75224.25073,81967.46844,87417.69274,91658.47469,95232.05814,98142.58105,100859.0199,103451.1173,106025.7836,108737.4707,111578.7257,114507.3439,117540.0052,120631.2984
OECD ENV-Growth 2025,SSP4,1,Saudi Arabia,SAU,USD_2015/yr,GDP|PPP [per capita],ANNUAL,49511.81509,57246.59149,64086.28754,69831.08108,74474.32629,78087.20337,81131.66967,83611.25048,85925.48402,88133.7865,90327.23872,92637.42409,95057.99302,97552.98985,100136.6248,102770.2104
OECD ENV-Growth 2025,SSP4,1,Saudi Arabia,SAU,USD_2017/yr,GDP|PPP [per capita],ANNUAL,49880.43148,57672.79344,64563.41115,70350.97478,75028.78904,78668.56405,81735.69647,84233.7378,86565.20085,88789.94419,90999.7267,93327.11144,95765.70156,98279.27368,100882.1438,103535.3365
OECD ENV-Growth 2025,SSP4,1,Senegal,SEN,USD_2010/yr,GDP|PPP [per capita],ANNUAL,3971.709699,4597.017942,5428.242775,6155.431004,6873.640059,7680.811732,8630.146011,9723.764594,10983.19622,12392.0384,14009.16625,15880.39963,18033.41489,20455.49486,23134.93345,26091.95766
OECD ENV-Growth 2025,SSP4,1,Senegal,SEN,USD_2015/yr,GDP|PPP [per capita],ANNUAL,4194.112814,4854.43633,5732.20711,6500.115568,7258.542047,8110.912766,9113.406747,10268.26449,11598.22029,13085.95314,14793.63502,16769.65152,19043.22879,21600.93754,24430.41616,27553.02433
OECD ENV-Growth 2025,SSP4,1,Senegal,SEN,USD_2017/yr,GDP|PPP [per capita],ANNUAL,4187.199747,4846.434866,5722.758836,6489.401566,7246.577946,8097.543722,9098.385312,10251.33953,11579.10319,13064.38385,14769.25099,16742.01046,19011.84024,21565.33317,24390.14802,27507.60927
OECD ENV-Growth 2025,SSP4,1,Serbia,SRB,USD_2010/yr,GDP|PPP [per capita],ANNUAL,19176.37558,23776.79819,28632.03902,33365.04604,37902.78753,42126.5906,46117.51962,50058.09409,54108.67233,58233.34588,62387.73653,66605.37863,70888.03023,75334.02577,80028.74666,85054.86212
OECD ENV-Growth 2025,SSP4,1,Serbia,SRB,USD_2015/yr,GDP|PPP [per capita],ANNUAL,20369.79834,25256.5237,30413.92564,35441.48667,40261.63002,44748.29729,48987.59783,53173.41005,57476.07203,61857.44056,66270.37559,70750.49848,75299.67667,80022.36433,85009.25654,90348.16732
OECD ENV-Growth 2025,SSP4,1,Serbia,SRB,USD_2017/yr,GDP|PPP [per capita],ANNUAL,21264.03611,26365.28959,31749.10239,36997.37425,42029.12274,46712.75551,51138.1621,55507.73222,59999.28183,64572.99321,69179.65688,73856.45796,78605.34588,83535.36038,88741.17804,94314.46796
OECD ENV-Growth 2025,SSP4,1,Seychelles,SYC,USD_2010/yr,GDP|PPP [per capita],ANNUAL,32157.61664,37155.82818,42282.55524,47330.75564,52527.76094,57826.9875,63223.28324,68564.63193,74098.90112,79805.26243,85720.65337,91917.5751,98441.99777,105337.4581,112662.0375,120460.8981
OECD ENV-Growth 2025,SSP4,1,Seychelles,SYC,USD_2015/yr,GDP|PPP [per capita],ANNUAL,33020.9036,38153.29458,43417.65114,48601.37295,53937.8944,59379.38129,64920.54324,70405.28305,76088.1224,81947.67378,88021.86629,94385.14741,101084.7214,108165.2938,115686.5051,123694.7298
OECD ENV-Growth 2025,SSP4,1,Seychelles,SYC,USD_2017/yr,GDP|PPP [per capita],ANNUAL,33744.5556,38989.42275,44369.14751,49666.47041,55119.94155,60680.67844,66343.27477,71948.21247,77755.59105,83743.5543,89950.86254,96453.59475,103299.9897,110535.7325,118221.771,126405.4957
OECD ENV-Growth 2025,SSP4,1,Sierra Leone,SLE,USD_2010/yr,GDP|PPP [per capita],ANNUAL,1423.26104,1608.688843,1866.93721,2175.416477,2499.419042,2833.327431,3174.056474,3510.741941,3844.869272,4176.545394,4508.251557,4821.728518,5108.203551,5370.720228,5619.180474,5863.682323
OECD ENV-Growth 2025,SSP4,1,Sierra Leone,SLE,USD_2015/yr,GDP|PPP [per capita],ANNUAL,1825.608126,2063.455221,2394.708802,2790.393248,3205.989333,3634.291557,4071.342592,4503.206955,4931.790014,5357.228923,5782.706365,6184.801322,6552.261074,6888.98959,7207.68801,7521.309018
OECD ENV-Growth 2025,SSP4,1,Sierra Leone,SLE,USD_2017/yr,GDP|PPP [per capita],ANNUAL,1764.540894,1994.431921,2314.604954,2697.053617,3098.747867,3512.723232,3935.154756,4352.573105,4766.819911,5178.027739,5589.272812,5977.917552,6333.085646,6658.550475,6966.588322,7269.718597
OECD ENV-Growth 2025,SSP4,1,Singapore,SGP,USD_2010/yr,GDP|PPP [per capita],ANNUAL,101705.0983,112427.2003,122259.9919,128172.0578,130936.0265,131221.5352,131058.1702,130692.32,130451.2234,129943.4007,128962.8068,127599.6168,125988.7459,124260.4766,122516.4555,120813.2645
OECD ENV-Growth 2025,SSP4,1,Singapore,SGP,USD_2015/yr,GDP|PPP [per capita],ANNUAL,102712.1776,113540.4493,123470.6048,129441.2118,132232.5491,132520.8849,132355.9023,131986.4294,131742.9456,131230.0944,130239.7907,128863.1025,127236.2808,125490.8983,123729.608,122009.552
OECD ENV-Growth 2025,SSP4,1,Singapore,SGP,USD_2017/yr,GDP|PPP [per capita],ANNUAL,105442.2894,116558.3789,126752.48,132881.787,135747.3187,136043.3186,135873.9506,135494.6571,135244.7014,134718.2185,133701.5923,132288.3114,130618.2485,128826.4733,127018.3675,125252.5921
OECD ENV-Growth 2025,SSP4,1,Slovakia,SVK,USD_2010/yr,GDP|PPP [per capita],ANNUAL,34196.49345,38416.47698,43169.12261,48102.28101,52474.92918,56436.1668,60150.81349,63783.0445,67531.55448,71348.76441,74988.17352,78325.27878,81320.13168,84022.30859,86512.64853,88843.53101
OECD ENV-Growth 2025,SSP4,1,Slovakia,SVK,USD_2015/yr,GDP|PPP [per capita],ANNUAL,36000.13342,40442.69331,45446.00972,50639.35975,55242.63634,59412.80316,63323.37303,67147.18032,71093.39952,75111.94216,78943.30614,82456.42174,85609.23342,88453.93238,91075.62136,93529.44255
OECD ENV-Growth 2025,SSP4,1,Slovakia,SVK,USD_2017/yr,GDP|PPP [per capita],ANNUAL,34504.23674,38762.19702,43557.61296,48535.16615,52947.16495,56944.05079,60692.12657,64357.04499,68139.28879,71990.85081,75663.01192,79030.14868,82051.95305,84778.44757,87291.19873,89643.05744
OECD ENV-Growth 2025,SSP4,1,Slovenia,SVN,USD_2010/yr,GDP|PPP [per capita],ANNUAL,36201.94717,41241.54744,45680.74477,49420.09599,52199.71846,54641.00485,56943.80147,59321.98824,61628.59762,63774.54573,65673.68596,67302.37329,68708.25994,69947.23622,71051.26781,72024.98415
OECD ENV-Growth 2025,SSP4,1,Slovenia,SVN,USD_2015/yr,GDP|PPP [per capita],ANNUAL,40602.85028,46255.09142,51233.94142,55427.86826,58545.39656,61283.45884,63866.19578,66533.4877,69120.5009,71527.32199,73657.3319,75484.01121,77060.805,78450.39789,79688.64149,80780.72801
OECD ENV-Growth 2025,SSP4,1,Slovenia,SVN,USD_2017/yr,GDP|PPP [per capita],ANNUAL,43390.28562,49430.56002,54751.21417,59233.05922,62564.60965,65490.64325,68250.68824,71101.09301,73865.70784,76437.76014,78713.99784,80666.08092,82351.12353,83836.11366,85159.3642,86326.4238
OECD ENV-Growth 2025,SSP4,1,Solomon Islands,SLB,USD_2010/yr,GDP|PPP [per capita],ANNUAL,1786.438317,1862.653284,2099.36847,2446.723537,2885.657285,3458.717049,4206.760304,5160.841942,6367.450111,7891.007128,9786.434169,12125.54837,14939.44686,18287.23703,22231.82908,26889.02342
OECD ENV-Growth 2025,SSP4,1,Solomon Islands,SLB,USD_2015/yr,GDP|PPP [per capita],ANNUAL,1944.571007,2027.532403,2285.201242,2663.303629,3141.091097,3764.877204,4579.136062,5617.671497,6931.086709,8589.50658,10652.71382,13198.88271,16261.86304,19905.99429,24199.75538,29269.19718
OECD ENV-Growth 2025,SSP4,1,Solomon Islands,SLB,USD_2017/yr,GDP|PPP [per capita],ANNUAL,2001.223648,2086.602019,2351.777717,2740.895644,3232.602852,3874.562185,4712.543455,5781.335318,7133.015238,8839.751094,10963.06729,13583.41562,16735.63204,20485.93049,24904.78493,30121.91857
OECD ENV-Growth 2025,SSP4,1,Somalia,SOM,USD_2017/yr,GDP|PPP [per capita],ANNUAL,1484.397509,1564.138549,1754.706252,2044.517763,2425.715943,2889.914656,3427.699264,4035.500799,4732.534362,5536.014564,6468.379585,7532.505944,8745.87562,10139.26738,11782.2652,13702.8428
OECD ENV-Growth 2025,SSP4,1,South Africa,ZAF,USD_2010/yr,GDP|PPP [per capita],ANNUAL,12960.15318,13523.89388,14899.4067,16976.06524,19700.93502,22965.68041,26739.34992,30981.1328,35673.02922,40836.31735,46485.06664,52669.04082,59358.37092,66562.56012,74263.99661,82484.98826
OECD ENV-Growth 2025,SSP4,1,South Africa,ZAF,USD_2015/yr,GDP|PPP [per capita],ANNUAL,13367.2372,13948.68523,15367.4035,17509.29079,20319.7499,23687.04236,27579.24446,31954.26357,36793.53449,42119.00373,47945.18267,54323.39816,61222.843,68653.3189,76596.66083,85075.87739
OECD ENV-Growth 2025,SSP4,1,South Africa,ZAF,USD_2017/yr,GDP|PPP [per capita],ANNUAL,13667.87579,14262.401,15713.02725,17903.08709,20776.75541,24219.78065,28199.52113,32672.9375,37621.04704,43066.28984,49023.50366,55545.16971,62599.78794,70197.38048,78319.37378,86989.29389
OECD ENV-Growth 2025,SSP4,1,South Korea,KOR,USD_2010/yr,GDP|PPP [per capita],ANNUAL,44602.54562,49728.47964,54524.78014,59245.92068,63796.58106,67736.37445,71296.93309,74673.42877,78040.78211,81145.38641,83858.09714,86127.49849,87952.52039,89442.13218,90713.6863,91754.40927
OECD ENV-Growth 2025,SSP4,1,South Korea,KOR,USD_2015/yr,GDP|PPP [per capita],ANNUAL,47184.7082,52607.39647,57681.36784,62675.82804,67489.93851,71657.81725,75424.5063,78996.4765,82558.77508,85843.11335,88712.87028,91113.65344,93044.33082,94620.18028,95965.34812,97066.32138
OECD ENV-Growth 2025,SSP4,1,South Korea,KOR,USD_2017/yr,GDP|PPP [per capita],ANNUAL,48337.90561,53893.12474,59091.10432,64207.62945,69139.39711,73409.13908,77267.88627,80927.15565,84576.51704,87941.12477,90881.01874,93340.47721,95318.34047,96932.70379,98310.74763,99438.62874
OECD ENV-Growth 2025,SSP4,1,South Sudan,SSD,USD_2010/yr,GDP|PPP [per capita],ANNUAL,19794.0123,23827.97882,26644.87805,28203.21717,29640.28103,31760.94634,34394.28784,36827.99879,38983.03919,41158.44727,43742.46111,46621.57463,49461.54128,51978.63979,54189.27487,56401.89402
OECD ENV-Growth 2025,SSP4,1,South Sudan,SSD,USD_2015/yr,GDP|PPP [per capita],ANNUAL,1370.760125,1650.117355,1845.191152,1953.108086,2052.626558,2199.485284,2381.847479,2550.385008,2699.624253,2850.273985,3029.220178,3228.602392,3425.273637,3599.585859,3752.675105,3905.90175
OECD ENV-Growth 2025,SSP4,1,South Sudan,SSD,USD_2017/yr,GDP|PPP [per capita],ANNUAL,578.3871208,696.2608619,778.5715228,824.1066707,866.0981184,928.0646103,1005.011658,1076.12544,1139.096382,1202.662474,1278.168153,1362.296735,1445.281433,1518.831824,1583.427261,1648.080672
OECD ENV-Growth 2025,SSP4,1,Spain,ESP,USD_2010/yr,GDP|PPP [per capita],ANNUAL,36307.97898,38866.30637,42564.92968,47051.91645,51829.42228,56427.18519,61103.57124,65940.38213,70780.41481,75222.28208,79178.30928,82600.2697,85526.98169,88114.25783,90510.00138,92764.96571
OECD ENV-Growth 2025,SSP4,1,Spain,ESP,USD_2015/yr,GDP|PPP [per capita],ANNUAL,39938.33208,42752.46087,46820.9012,51756.53168,57011.72956,62069.21243,67213.17981,72533.61253,77857.58919,82743.58876,87095.17022,90859.28476,94078.6321,96924.60416,99559.89271,102040.3258
OECD ENV-Growth 2025,SSP4,1,Spain,ESP,USD_2017/yr,GDP|PPP [per capita],ANNUAL,42768.90663,45782.48294,50139.2684,55424.70492,61052.35775,66468.28279,71976.8218,77674.33291,83375.63911,88607.92721,93267.92103,97298.81204,100746.3262,103794.0026,106616.0637,109272.2941
OECD ENV-Growth 2025,SSP4,1,Sri Lanka,LKA,USD_2010/yr,GDP|PPP [per capita],ANNUAL,11056.62223,12664.13761,14229.19149,15592.13039,16823.48922,18137.88947,19628.44356,21230.38692,22926.48206,24726.98812,26708.87008,28894.20824,31276.70373,33827.24921,36539.99603,39456.20586
OECD ENV-Growth 2025,SSP4,1,Sri Lanka,LKA,USD_2015/yr,GDP|PPP [per capita],ANNUAL,12093.88538,13852.2078,15564.08525,17054.88655,18401.76376,19839.47282,21469.86137,23222.08904,25077.30122,27046.71949,29214.52923,31604.88215,34210.88847,37000.71016,39967.94993,43157.74033
OECD ENV-Growth 2025,SSP4,1,Sri Lanka,LKA,USD_2017/yr,GDP|PPP [per capita],ANNUAL,12304.42642,14093.35927,15835.03859,17351.79308,18722.11792,20184.85589,21843.62769,23626.35968,25513.86903,27517.57268,29723.12156,32155.08786,34806.46183,37644.85121,40663.74731,43909.0684
OECD ENV-Growth 2025,SSP4,1,Sudan,SDN,USD_2010/yr,GDP|PPP [per capita],ANNUAL,2587.369012,2916.926019,3166.665675,3296.282911,3311.635417,3300.154654,3302.145695,3335.235323,3396.828981,3474.905611,3566.77349,3663.644251,3768.704092,3878.443487,3995.440767,4118.909639
OECD ENV-Growth 2025,SSP4,1,Sudan,SDN,USD_2015/yr,GDP|PPP [per capita],ANNUAL,2856.441187,3220.270313,3495.981522,3639.07824,3656.027322,3643.352622,3645.55072,3682.081489,3750.080548,3836.27672,3937.698354,4044.643142,4160.62863,4281.78032,4410.944674,4547.253632
OECD ENV-Growth 2025,SSP4,1,Sudan,SDN,USD_2017/yr,GDP|PPP [per capita],ANNUAL,3045.249714,3433.127661,3727.063165,3879.618464,3897.687867,3884.175379,3886.518771,3925.464194,3997.957939,4089.851609,4197.977134,4311.99089,4435.642927,4564.802649,4702.504666,4847.823539
OECD ENV-Growth 2025,SSP4,1,Suriname,SUR,USD_2010/yr,GDP|PPP [per capita],ANNUAL,12041.14002,13268.35434,14721.60339,16611.53291,18960.70774,21639.27117,24571.89973,27721.465,31040.19708,34485.26357,38102.57668,41890.53316,45835.21696,49993.63022,54354.21862,58980.91917
OECD ENV-Growth 2025,SSP4,1,Suriname,SUR,USD_2015/yr,GDP|PPP [per capita],ANNUAL,13933.56113,15353.64807,17035.29404,19222.25045,21940.62853,25040.16291,28433.69202,32078.25227,35918.56608,39905.06939,44090.8901,48474.173,53038.81495,57850.77672,62896.68807,68250.53452
OECD ENV-Growth 2025,SSP4,1,Suriname,SUR,USD_2017/yr,GDP|PPP [per capita],ANNUAL,15639.32687,17233.26281,19120.7782,21575.46483,24626.6305,28105.61413,31914.58376,36005.31609,40315.76641,44790.30294,49488.55759,54408.44802,59531.89972,64932.94848,70596.58724,76605.85895
OECD ENV-Growth 2025,SSP4,1,Sweden,SWE,USD_2010/yr,GDP|PPP [per capita],ANNUAL,49887.03829,55946.30954,61344.7919,66206.88366,70265.52663,73369.92301,76157.43508,79101.42069,82265.5195,85290.99325,87994.92493,90430.37951,92710.91823,94905.32731,96983.25097,98870.53426
OECD ENV-Growth 2025,SSP4,1,Sweden,SWE,USD_2015/yr,GDP|PPP [per capita],ANNUAL,54420.67923,61030.60575,66919.69211,72223.64168,76651.12656,80037.64469,83078.48065,86290.01018,89741.65638,93042.07955,95991.73949,98648.52363,101136.3135,103530.1463,105796.9078,107855.7039
OECD ENV-Growth 2025,SSP4,1,Sweden,SWE,USD_2017/yr,GDP|PPP [per capita],ANNUAL,56438.40878,63293.40839,69400.8416,74901.44318,79493.0838,83005.16224,86158.74183,89489.34371,93068.96495,96491.75633,99550.77941,102306.0679,104886.0963,107368.6842,109719.4893,111854.6184
OECD ENV-Growth 2025,SSP4,1,Switzerland,CHE,USD_2010/yr,GDP|PPP [per capita],ANNUAL,61693.28896,64252.75387,67144.15169,69763.43714,72021.25343,73811.7436,75502.98338,77419.45643,79656.76474,81925.79877,84068.82001,86014.87153,87769.38705,89366.32976,90845.37653,92239.87874
OECD ENV-Growth 2025,SSP4,1,Switzerland,CHE,USD_2015/yr,GDP|PPP [per capita],ANNUAL,71779.47976,74757.38972,78121.50005,81169.01057,83795.9556,85879.1717,87846.91103,90076.70686,92679.79108,95319.78783,97813.17005,100077.3801,102118.7401,103976.7658,105697.6208,107320.1092
OECD ENV-Growth 2025,SSP4,1,Switzerland,CHE,USD_2017/yr,GDP|PPP [per capita],ANNUAL,73952.72859,77020.79997,80486.7646,83626.54381,86333.02418,88479.31328,90506.62935,92803.93613,95485.83326,98205.76052,100774.6342,103107.3972,105210.5629,107124.8436,108897.8005,110569.4125
OECD ENV-Growth 2025,SSP4,1,Taiwan,TWN,USD_2010/yr,GDP|PPP [per capita],ANNUAL,58808.37869,67297.25821,73753.975,76648.83619,77027.90737,76098.10497,74877.16184,73762.78158,72909.61373,72315.33052,71970.30593,71806.54947,71817.88747,72023.49357,72458.85194,73164.67974
OECD ENV-Growth 2025,SSP4,1,Taiwan,TWN,USD_2015/yr,GDP|PPP [per capita],ANNUAL,63135.66065,72249.17523,79180.99498,82288.868,82695.83227,81697.61246,80386.82899,79190.44956,78274.50329,77636.49108,77266.07864,77090.27252,77102.4448,77323.17997,77790.5732,78548.33775
OECD ENV-Growth 2025,SSP4,1,Taiwan,TWN,USD_2017/yr,GDP|PPP [per capita],ANNUAL,62054.1194,71011.51553,77824.59019,80879.224,81279.2168,80298.09693,79009.76775,77833.88282,76933.6271,76306.54432,75942.47721,75769.68272,75781.64649,75998.60037,76457.98694,77202.77066
OECD ENV-Growth 2025,SSP4,1,Tajikistan,TJK,USD_2010/yr,GDP|PPP [per capita],ANNUAL,4485.901699,5107.458029,5782.20534,6444.335474,7098.800559,7847.635966,8727.664793,9738.120783,10876.89802,12140.50992,13528.28093,15049.68779,16712.61476,18559.05485,20588.8244,22810.92526
OECD ENV-Growth 2025,SSP4,1,Tajikistan,TJK,USD_2015/yr,GDP|PPP [per capita],ANNUAL,4629.562694,5271.024364,5967.380456,6650.715307,7326.139635,8098.956495,9007.168244,10049.98409,11225.23067,12529.30973,13961.52411,15531.65402,17247.83622,19153.40855,21248.18147,23541.44511
OECD ENV-Growth 2025,SSP4,1,Tajikistan,TJK,USD_2017/yr,GDP|PPP [per capita],ANNUAL,4611.021775,5249.914458,5943.481716,6624.079882,7296.799206,8066.521014,8971.095469,10009.73494,11180.27478,12479.13114,13905.60965,15469.45135,17178.76042,19076.70113,21163.0847,23447.16406
OECD ENV-Growth 2025,SSP4,1,Tanzania,TZA,USD_2010/yr,GDP|PPP [per capita],ANNUAL,3099.182723,3773.40931,4448.173348,5008.935224,5521.571611,6059.892362,6681.723127,7389.685799,8215.953547,9168.480819,10259.60751,11524.14206,12993.75106,14688.53324,16592.76231,18675.9838
OECD ENV-Growth 2025,SSP4,1,Tanzania,TZA,USD_2015/yr,GDP|PPP [per capita],ANNUAL,2978.184595,3626.088064,4274.507999,4813.37664,5305.998704,5823.302365,6420.855647,7101.178077,7895.186724,8810.525477,9859.052458,11074.21711,12486.44972,14115.0643,15944.94856,17946.83703
OECD ENV-Growth 2025,SSP4,1,Tanzania,TZA,USD_2017/yr,GDP|PPP [per capita],ANNUAL,2983.262107,3632.270188,4281.795615,4821.582974,5315.044911,5833.230524,6431.802575,7113.284888,7908.647241,8825.546557,9875.861174,11093.09756,12507.73789,14139.1291,15972.13313,17977.43463
OECD ENV-Growth 2025,SSP4,1,Thailand,THA,USD_2010/yr,GDP|PPP [per capita],ANNUAL,17456.2403,20176.4147,23089.05076,26104.81195,29294.44298,32639.78929,36034.06168,39484.97009,42996.80192,46461.92096,50020.56654,53665.63981,57448.01353,61334.68094,65358.27592,69534.17882
OECD ENV-Growth 2025,SSP4,1,Thailand,THA,USD_2015/yr,GDP|PPP [per capita],ANNUAL,18504.23979,21387.72206,24475.22058,27672.03543,31053.15854,34599.34541,38197.39569,41855.48218,45578.14967,49251.29993,53023.59167,56887.49987,60896.95145,65016.95807,69282.11283,73708.71943
OECD ENV-Growth 2025,SSP4,1,Thailand,THA,USD_2017/yr,GDP|PPP [per capita],ANNUAL,19045.53288,22013.36388,25191.17909,28481.50838,31961.5374,35611.45868,39314.7605,43079.85473,46911.41912,50692.01776,54574.65803,58551.59474,62678.33233,66918.85896,71308.77966,75864.87505
OECD ENV-Growth 2025,SSP4,1,Timor-Leste,TLS,USD_2010/yr,GDP|PPP [per capita],ANNUAL,2010.470553,2165.665329,2422.503095,2745.256058,3143.448251,3659.553763,4318.127322,5129.501311,6137.268896,7377.380372,8893.357243,10710.86981,12849.04179,15347.07366,18238.58687,21552.66267
OECD ENV-Growth 2025,SSP4,1,Timor-Leste,TLS,USD_2015/yr,GDP|PPP [per capita],ANNUAL,2683.247243,2890.375846,3233.160885,3663.918749,4195.360556,4884.173775,5763.130038,6846.019323,8191.022657,9846.120611,11869.39857,14295.11706,17148.79929,20482.76362,24341.88249,28764.96879
OECD ENV-Growth 2025,SSP4,1,Timor-Leste,TLS,USD_2017/yr,GDP|PPP [per capita],ANNUAL,3000.962102,3232.616151,3615.989287,4097.751833,4692.119991,5462.493415,6445.524122,7656.634919,9160.895863,11011.96876,13274.81669,15987.75686,19179.33462,22908.06317,27224.12816,32170.93819
OECD ENV-Growth 2025,SSP4,1,Togo,TGO,USD_2010/yr,GDP|PPP [per capita],ANNUAL,2371.023657,2784.828588,3276.38476,3736.51258,4180.86041,4646.492628,5147.648041,5686.480286,6265.794369,6911.768546,7623.933779,8408.452275,9246.853023,10141.51747,11110.08527,12182.59481
OECD ENV-Growth 2025,SSP4,1,Togo,TGO,USD_2015/yr,GDP|PPP [per capita],ANNUAL,2433.917969,2858.699583,3363.294885,3835.62816,4291.762862,4769.746545,5284.195721,5837.321153,6432.002252,7095.111686,7826.167976,8631.496788,9492.137144,10410.53366,11404.79391,12505.75308
OECD ENV-Growth 2025,SSP4,1,Togo,TGO,USD_2017/yr,GDP|PPP [per capita],ANNUAL,2430.79197,2855.028017,3358.975243,3830.701878,4286.250743,4763.620529,5277.408973,5829.823999,6423.741321,7085.999091,7816.11645,8620.41094,9479.945934,10397.16291,11390.14619,12489.69134
OECD ENV-Growth 2025,SSP4,1,Tonga,TON,USD_2010/yr,GDP|PPP [per capita],ANNUAL,5029.654749,5250.171585,5823.629618,6724.468777,8045.393137,9823.585072,12150.33093,15072.40217,18593.22726,22669.83887,27291.99268,32502.71418,38338.49124,44869.00015,52049.09767,59829.96188
OECD ENV-Growth 2025,SSP4,1,Tonga,TON,USD_2015/yr,GDP|PPP [per capita],ANNUAL,5473.684667,5713.669256,6337.753532,7318.120921,8755.659634,10690.83459,13222.99113,16403.02978,20234.68171,24671.18632,29701.39489,35372.13131,41723.1047,48830.14251,56644.11616,65111.89363
OECD ENV-Growth 2025,SSP4,1,Tonga,TON,USD_2017/yr,GDP|PPP [per capita],ANNUAL,5635.39805,5882.472692,6524.994782,7534.325938,9014.33499,11006.68235,13613.64838,16887.63743,20832.49087,25400.06663,30578.88662,36417.15808,42955.76328,50272.76992,58317.59795,67035.54565
OECD ENV-Growth 2025,SSP4,1,Trinidad and Tobago,TTO,USD_2010/yr,GDP|PPP [per capita],ANNUAL,25966.61158,27740.22444,29936.43574,33003.50611,36851.64768,41280.93435,46313.01541,51967.70015,58092.98998,64551.99885,71416.70541,78803.77935,86715.31112,95161.7772,104167.264,113728.1217
OECD ENV-Growth 2025,SSP4,1,Trinidad and Tobago,TTO,USD_2015/yr,GDP|PPP [per capita],ANNUAL,22465.56026,24000.03874,25900.13714,28553.67759,31882.97822,35715.06876,40068.67955,44960.94901,50260.37236,55848.51976,61787.66505,68178.74746,75023.57561,82331.21342,90122.49981,98394.2769
OECD ENV-Growth 2025,SSP4,1,Trinidad and Tobago,TTO,USD_2017/yr,GDP|PPP [per capita],ANNUAL,24454.14704,26124.45314,28192.74279,31081.16702,34705.16776,38876.46393,43615.44382,48940.7629,54709.27597,60792.07011,67256.93146,74213.73411,81664.44675,89618.93565,98099.8843,107103.8553
OECD ENV-Growth 2025,SSP4,1,Tunisia,TUN,USD_2010/yr,GDP|PPP [per capita],ANNUAL,9977.429637,10908.6664,12031.65617,13266.05342,14503.41175,15781.00925,17190.8265,18751.04246,20459.95128,22288.81709,24193.0074,26159.08072,28225.24823,30439.35983,32842.09495,35445.32462
OECD ENV-Growth 2025,SSP4,1,Tunisia,TUN,USD_2015/yr,GDP|PPP [per capita],ANNUAL,10833.97767,11845.15978,13064.55661,14404.92509,15748.50886,17135.78628,18666.63432,20360.79257,22216.40876,24202.28009,26269.9424,28404.8003,30648.34533,33052.53523,35661.54172,38488.25493
OECD ENV-Growth 2025,SSP4,1,Tunisia,TUN,USD_2017/yr,GDP|PPP [per capita],ANNUAL,11170.13161,12212.68842,13469.92039,14851.87749,16237.14964,17667.47115,19245.81796,20992.54214,22905.73392,24953.22236,27085.03958,29286.13732,31599.2945,34078.081,36768.03909,39682.45884
OECD ENV-Growth 2025,SSP4,1,Turkey,TUR,USD_2010/yr,GDP|PPP [per capita],ANNUAL,31406.82715,37030.8141,42812.60144,48219.07703,53303.18708,57931.86266,62331.71661,66659.34155,70772.54814,74508.88554,77933.88208,81087.80888,84098.23041,87081.55176,90111.43843,93203.72558
OECD ENV-Growth 2025,SSP4,1,Turkey,TUR,USD_2015/yr,GDP|PPP [per capita],ANNUAL,35575.10261,41945.49819,48494.63724,54618.65362,60377.5205,65620.50821,70604.30536,75506.28736,80165.39367,84397.61317,88277.17104,91849.68312,95259.6441,98638.90818,102070.9177,105573.6094
OECD ENV-Growth 2025,SSP4,1,Turkey,TUR,USD_2017/yr,GDP|PPP [per capita],ANNUAL,35858.60071,42279.76199,48881.09115,55053.90983,60858.66914,66143.43823,71166.95128,76107.99719,80804.23193,85070.178,88980.65208,92581.63352,96018.76848,99424.96193,102884.3211,106414.9258
OECD ENV-Growth 2025,SSP4,1,Turkmenistan,TKM,USD_2010/yr,GDP|PPP [per capita],ANNUAL,16179.56946,16771.95589,18016.38917,19091.79883,20122.51391,21285.1371,22599.49003,24198.61479,26073.80762,28060.85492,30118.22527,32353.96921,34877.32424,37783.35453,41074.79862,44716.40652
OECD ENV-Growth 2025,SSP4,1,Turkmenistan,TKM,USD_2015/yr,GDP|PPP [per capita],ANNUAL,15531.1763,16099.82295,17294.38581,18326.69863,19316.108,20432.13929,21693.81978,23228.85991,25028.90475,26936.32151,28911.24313,31057.39006,33479.62211,36269.1938,39428.73389,42924.40505
OECD ENV-Growth 2025,SSP4,1,Turkmenistan,TKM,USD_2017/yr,GDP|PPP [per capita],ANNUAL,15976.57115,16561.52515,17790.34505,18852.26199,19870.04512,21018.08136,22315.94365,23895.00486,25746.67042,27708.78707,29740.34445,31948.03745,34439.73299,37309.30254,40559.45024,44155.36841
OECD ENV-Growth 2025,SSP4,1,Uganda,UGA,USD_2010/yr,GDP|PPP [per capita],ANNUAL,3049.779846,3654.006845,4271.812085,4744.228228,5114.833066,5440.840274,5765.857154,6081.808981,6413.678447,6738.047909,7084.443548,7448.807578,7841.829182,8253.572943,8662.1977,9054.00489
OECD ENV-Growth 2025,SSP4,1,Uganda,UGA,USD_2015/yr,GDP|PPP [per capita],ANNUAL,2712.51768,3249.925789,3799.410578,4219.584231,4549.205458,4839.160917,5128.235565,5409.247625,5704.41706,5992.915884,6301.005105,6625.075668,6974.634687,7340.845459,7704.282143,8052.761045
OECD ENV-Growth 2025,SSP4,1,Uganda,UGA,USD_2017/yr,GDP|PPP [per capita],ANNUAL,2653.727011,3179.487424,3717.062769,4128.129647,4450.606717,4734.277728,5017.087019,5292.008469,5580.78045,5863.026397,6164.438142,6481.484853,6823.467586,7181.741165,7537.300782,7878.226809
OECD ENV-Growth 2025,SSP4,1,Ukraine,UKR,USD_2010/yr,GDP|PPP [per capita],ANNUAL,8207.812578,10090.24811,11953.54073,13649.01201,15140.74193,16668.87551,18331.34353,20174.17387,22158.41498,24252.10418,26416.53997,28658.20147,31028.78513,33566.96726,36286.59344,39222.4246
OECD ENV-Growth 2025,SSP4,1,Ukraine,UKR,USD_2015/yr,GDP|PPP [per capita],ANNUAL,10606.32122,13038.84703,15446.63593,17637.56231,19565.20947,21539.89828,23688.17709,26069.52417,28633.60545,31339.11804,34136.05095,37032.77669,40096.09856,43375.99498,46890.35749,50684.10497
OECD ENV-Growth 2025,SSP4,1,Ukraine,UKR,USD_2017/yr,GDP|PPP [per capita],ANNUAL,11713.29818,14399.70561,17058.79435,19478.38672,21607.22155,23788.00774,26160.50144,28790.38864,31622.08193,34609.96764,37698.81518,40897.87088,44280.91026,47903.12799,51784.28293,55973.98213
OECD ENV-Growth 2025,SSP4,1,United Arab Emirates,ARE,USD_2010/yr,GDP|PPP [per capita],ANNUAL,96821.54531,114154.001,131125.4734,143209.844,150654.5358,154191.458,156209.0759,158520.8375,161730.4577,165317.0648,168975.0023,172932.0857,176990.1093,181275.6978,186174.6507,192206.732
OECD ENV-Growth 2025,SSP4,1,United Arab Emirates,ARE,USD_2015/yr,GDP|PPP [per capita],ANNUAL,82832.26324,97660.43532,112179.7808,122518.1385,128887.1824,131913.0716,133639.1735,135616.9198,138362.7972,141431.1927,144560.6122,147945.9556,151417.6548,155084.0391,159275.1657,164435.7004
OECD ENV-Growth 2025,SSP4,1,United Arab Emirates,ARE,USD_2017/yr,GDP|PPP [per capita],ANNUAL,80896.57011,95378.22515,109558.2705,119655.0329,125875.2396,128830.4174,130516.1823,132447.7109,135129.4205,138126.1111,141182.3998,144488.6316,147879.2013,151459.9064,155553.0914,160593.0304
OECD ENV-Growth 2025,SSP4,1,United Kingdom,GBR,USD_2010/yr,GDP|PPP [per capita],ANNUAL,41778.19552,45205.35052,49593.64548,55223.17329,61643.71204,67950.39595,74146.31357,80456.40616,86808.13008,92801.08707,98256.76113,103212.4675,107782.8857,112034.9057,115942.1938,119429.7263
OECD ENV-Growth 2025,SSP4,1,United Kingdom,GBR,USD_2015/yr,GDP|PPP [per capita],ANNUAL,45781.49454,49537.04874,54345.84192,60514.80623,67550.57825,74461.58558,81251.21267,88165.95531,95126.31849,101693.5367,107671.9881,113102.5636,118110.9316,122770.3915,127052.0866,130873.8038
OECD ENV-Growth 2025,SSP4,1,United Kingdom,GBR,USD_2017/yr,GDP|PPP [per capita],ANNUAL,48099.80914,52045.53966,57097.8438,63579.19633,70971.25059,78232.22222,85365.6671,92630.56319,99943.39,106843.1635,113124.3558,118829.9285,124091.9136,128987.3225,133485.8369,137501.0809
OECD ENV-Growth 2025,SSP4,1,United States,USA,USD_2010/yr,GDP|PPP [per capita],ANNUAL,60483.86936,65371.52765,70490.75277,75631.23012,80342.03249,84316.7022,87931.76892,91442.3419,94969.94763,98390.87084,101726.6797,105085.5175,108549.6827,112154.5214,115871.2866,119638.0962
OECD ENV-Growth 2025,SSP4,1,United States,USA,USD_2015/yr,GDP|PPP [per capita],ANNUAL,65669.05513,70975.72458,76533.81271,82114.97499,87229.62695,91545.03876,95470.0194,99281.5482,103111.5699,106825.7635,110447.5459,114094.3315,117855.4741,121769.3498,125804.7475,129894.4796
OECD ENV-Growth 2025,SSP4,1,United States,USA,USD_2017/yr,GDP|PPP [per capita],ANNUAL,67480.29369,72933.32804,78644.71552,84379.81357,89635.53433,94069.97085,98103.20759,102019.8633,105955.5221,109772.1579,113493.8339,117241.2026,121106.0824,125127.908,129274.6072,133477.1395
OECD ENV-Growth 2025,SSP4,1,United States Virgin Islands,VIR,USD_2017/yr,GDP|PPP [per capita],ANNUAL,33012.2321,36069.7947,39004.43387,42777.82509,47161.43685,51815.73472,56674.31609,61828.35939,67339.12699,73037.17609,78894.55526,84975.87253,91430.58152,98359.97509,105842.5886,113911.3635
OECD ENV-Growth 2025,SSP4,1,Uruguay,URY,USD_2010/yr,GDP|PPP [per capita],ANNUAL,24744.98369,27784.39462,30859.15325,34038.67188,37449.97048,40984.58714,44706.57016,48508.02184,52412.61084,56257.10222,60123.17673,64058.39429,68155.54594,72444.19825,76921.10443,81572.51466
OECD ENV-Growth 2025,SSP4,1,Uruguay,URY,USD_2015/yr,GDP|PPP [per capita],ANNUAL,25589.50237,28732.64499,31912.34171,35200.37375,38728.09618,42383.34535,46232.35551,50163.54648,54201.39475,58177.09433,62175.11365,66244.63579,70481.61865,74916.63788,79546.33587,84356.49354
OECD ENV-Growth 2025,SSP4,1,Uruguay,URY,USD_2017/yr,GDP|PPP [per capita],ANNUAL,26301.61869,29532.23012,32800.41289,36179.94579,39805.83928,43562.80839,47518.93055,51559.5205,55709.73585,59796.07301,63905.35103,68088.12168,72443.01323,77001.45219,81759.98753,86704.00447
OECD ENV-Growth 2025,SSP4,1,Uzbekistan,UZB,USD_2010/yr,GDP|PPP [per capita],ANNUAL,10346.38685,12520.13694,14639.36475,16418.06298,17898.20931,19353.05372,21018.59579,22988.65851,25297.43771,27880.4082,30706.65159,33800.46358,37260.22258,41147.76071,45467.16263,50241.7651
OECD ENV-Growth 2025,SSP4,1,Uzbekistan,UZB,USD_2015/yr,GDP|PPP [per capita],ANNUAL,9778.827187,11833.3344,13836.31021,15517.43647,16916.38814,18291.42584,19865.60322,21727.59651,23909.72571,26351.0052,29022.21266,31946.31101,35216.28205,38890.56604,42973.02357,47485.71125
OECD ENV-Growth 2025,SSP4,1,Uzbekistan,UZB,USD_2017/yr,GDP|PPP [per capita],ANNUAL,9370.309791,11338.98852,13258.2886,14869.18462,16209.69411,17527.28864,19035.70365,20819.91086,22910.88007,25250.17339,27809.78927,30611.73136,33745.09706,37265.88524,41177.79523,45501.96221
OECD ENV-Growth 2025,SSP4,1,Vanuatu,VUT,USD_2010/yr,GDP|PPP [per capita],ANNUAL,2210.782315,2334.178978,2707.112384,3150.617162,3657.194079,4317.523195,5209.628936,6389.480952,7952.108529,9979.799336,12606.95956,15930.37637,20067.89862,25148.27448,31342.44926,38867.39486
OECD ENV-Growth 2025,SSP4,1,Vanuatu,VUT,USD_2015/yr,GDP|PPP [per capita],ANNUAL,2406.762465,2541.097923,2947.090914,3429.911246,3981.394899,4700.260488,5671.449103,6955.891956,8657.042436,10864.4828,13724.53401,17342.56314,21846.86607,27377.60414,34120.87653,42312.88916
OECD ENV-Growth 2025,SSP4,1,Vanuatu,VUT,USD_2017/yr,GDP|PPP [per capita],ANNUAL,2477.061469,2615.320725,3033.172345,3530.095352,4097.687264,4837.550162,5837.106176,7159.066256,8909.905556,11181.82294,14125.41323,17849.1212,22484.99009,28177.27521,35117.51151,43548.80422
OECD ENV-Growth 2025,SSP4,1,Viet Nam,VNM,USD_2010/yr,GDP|PPP [per capita],ANNUAL,11321.37528,15179.44018,19057.9633,22353.7932,25322.19794,28230.08388,31232.50612,34282.84239,37401.43509,40572.04306,43713.71296,46829.32977,49971.86041,53200.49303,56584.33264,60189.93254
OECD ENV-Growth 2025,SSP4,1,Viet Nam,VNM,USD_2015/yr,GDP|PPP [per capita],ANNUAL,12468.21134,16717.09165,20988.50257,24618.19443,27887.29352,31089.74336,34396.30586,37755.63601,41190.13685,44681.92201,48141.83773,51573.06122,55033.92487,58589.61248,62316.22929,66287.07032
OECD ENV-Growth 2025,SSP4,1,Viet Nam,VNM,USD_2017/yr,GDP|PPP [per capita],ANNUAL,13281.40522,17807.40335,22357.40155,26223.82691,29706.14113,33117.45915,36639.6802,40218.11048,43876.61418,47596.13837,51281.71455,54936.72715,58623.31309,62410.90753,66380.5794,70610.40415
OECD ENV-Growth 2025,SSP4,1,Western Sahara,ESH,USD_2017/yr,GDP|PPP [per capita],ANNUAL,1922.033785,1972.663672,2166.955983,2449.521383,2832.056973,3335.158252,3997.81637,4857.231029,5967.749588,7366.854826,9117.731107,11291.92115,13961.28889,17206.40697,21117.39415,25789.66166
OECD ENV-Growth 2025,SSP4,1,Yemen,YEM,USD_2010/yr,GDP|PPP [per capita],ANNUAL,1604.797924,1890.106893,2195.440203,2553.38627,2918.470346,3299.486444,3692.606586,4093.607626,4506.97211,4932.497942,5357.500916,5765.345582,6141.455528,6490.485998,6824.376374,7157.198022
OECD ENV-Growth 2025,SSP4,1,Yemen,YEM,USD_2015/yr,GDP|PPP [per capita],ANNUAL,1696.131677,1997.678415,2320.389139,2698.706965,3084.569046,3487.269887,3902.763648,4326.586832,4763.4771,5213.220855,5662.411993,6093.468294,6490.983759,6859.878576,7212.771631,7564.535135
OECD ENV-Growth 2025,SSP4,1,Yemen,YEM,USD_2017/yr,GDP|PPP [per capita],ANNUAL,1745.675699,2056.03062,2388.167727,2777.53622,3174.669336,3589.133072,4016.76341,4452.966473,4902.61831,5365.499084,5827.8111,6271.458559,6680.585455,7060.255693,7423.456757,7785.495276
OECD ENV-Growth 2025,SSP4,1,Zambia,ZMB,USD_2010/yr,GDP|PPP [per capita],ANNUAL,3556.691466,4024.783885,4521.890647,4921.933148,5256.188218,5589.924501,5947.328533,6312.556713,6704.360922,7112.749613,7568.903256,8052.095686,8539.580481,9016.884684,9483.634544,9956.049217
OECD ENV-Growth 2025,SSP4,1,Zambia,ZMB,USD_2015/yr,GDP|PPP [per capita],ANNUAL,3483.095127,3941.50161,4428.322059,4820.086737,5147.425281,5474.255773,5824.264272,6181.93502,6565.631875,6965.57004,7412.284788,7885.478827,8362.87641,8830.304064,9287.395768,9750.035066
OECD ENV-Growth 2025,SSP4,1,Zambia,ZMB,USD_2017/yr,GDP|PPP [per capita],ANNUAL,3495.598884,3955.650973,4444.219031,4837.390082,5165.903718,5493.90748,5845.172454,6204.127182,6589.201449,6990.575328,7438.893711,7913.786441,8392.897806,8862.00345,9320.736041,9785.03614
OECD ENV-Growth 2025,SSP4,1,Zimbabwe,ZWE,USD_2010/yr,GDP|PPP [per capita],ANNUAL,2398.653522,2616.209186,2903.621381,3120.510841,3296.117977,3489.444817,3724.452727,4012.610818,4369.864182,4810.008695,5343.233599,5984.60221,6754.280973,7693.464702,8835.905702,10223.4685
OECD ENV-Growth 2025,SSP4,1,Zimbabwe,ZWE,USD_2015/yr,GDP|PPP [per capita],ANNUAL,2699.588072,2944.438223,3267.909089,3512.009454,3709.648224,3927.229806,4191.721757,4516.032101,4918.106394,5413.471342,6013.594527,6735.429104,7601.671598,8658.685114,9944.456513,11506.10264
OECD ENV-Growth 2025,SSP4,1,Zimbabwe,ZWE,USD_2017/yr,GDP|PPP [per capita],ANNUAL,2294.040679,2502.108055,2776.985297,2984.415524,3152.36388,3337.259126,3562.0176,3837.608209,4179.280627,4600.229049,5110.198335,5723.594838,6459.705483,7357.928449,8450.543994,9777.590804
OECD ENV-Growth 2025,SSP5,1,Albania,ALB,USD_2010/yr,GDP|PPP [per capita],ANNUAL,15432.88624,19648.11358,25670.13478,33194.72109,41028.94654,48166.56417,55074.96192,62332.04741,70184.63747,78644.5856,87176.62275,95859.13142,104886.6997,114516.2709,124844.726,135854.1645
OECD ENV-Growth 2025,SSP5,1,Albania,ALB,USD_2015/yr,GDP|PPP [per capita],ANNUAL,16746.84149,21320.9531,27855.68891,36020.91816,44522.14922,52267.46329,59764.04172,67638.99514,76160.15438,85340.38211,94598.83652,104020.5736,113816.7487,124266.181,135474.0004,147420.782
OECD ENV-Growth 2025,SSP5,1,Albania,ALB,USD_2017/yr,GDP|PPP [per capita],ANNUAL,17481.41035,22256.1568,29077.52657,37600.90833,46475.02998,54560.07776,62385.47957,70605.85309,79500.77703,89083.67827,98748.23746,108583.2414,118809.1074,129716.8845,141416.3139,153887.1187
OECD ENV-Growth 2025,SSP5,1,Algeria,DZA,USD_2010/yr,GDP|PPP [per capita],ANNUAL,14116.87245,14658.36059,16093.97287,18537.67047,22146.24843,26586.16845,32069.17438,39000.69772,47659.28663,57888.63407,69721.80569,83256.78269,98775.24894,116688.8558,137346.7949,160944.1157
OECD ENV-Growth 2025,SSP5,1,Algeria,DZA,USD_2015/yr,GDP|PPP [per capita],ANNUAL,12147.03898,12612.96921,13848.2597,15950.96978,19056.0157,22876.40026,27594.32111,33558.63682,41009.02766,49810.99726,59992.99738,71639.33717,84992.39502,100406.3815,118181.7629,138486.3719
OECD ENV-Growth 2025,SSP5,1,Algeria,DZA,USD_2017/yr,GDP|PPP [per capita],ANNUAL,11625.13995,12071.05142,13253.26751,15265.63439,18237.27163,21893.51289,26408.72769,32116.78584,39247.06971,47670.8616,57415.39083,68561.34418,81340.68625,96092.40888,113104.0688,132536.2878
OECD ENV-Growth 2025,SSP5,1,Angola,AGO,USD_2010/yr,GDP|PPP [per capita],ANNUAL,5073.527339,5385.014422,6057.072804,7174.195438,8863.127468,11075.99937,13882.07426,17422.39455,21825.36728,27185.46146,33618.35404,41237.50546,50217.22585,60824.86546,73217.46808,87592.55356
OECD ENV-Growth 2025,SSP5,1,Angola,AGO,USD_2015/yr,GDP|PPP [per capita],ANNUAL,5408.311571,5740.352592,6456.757743,7647.595372,9447.974089,11806.86563,14798.10354,18572.03711,23265.54653,28979.33448,35836.71103,43958.62347,53530.88403,64838.48449,78048.83138,93372.47822
OECD ENV-Growth 2025,SSP5,1,Angola,AGO,USD_2017/yr,GDP|PPP [per capita],ANNUAL,5918.575652,6281.944122,7065.940759,8369.131692,10339.37277,12920.82132,16194.27693,20324.27408,25460.60733,31713.48049,39217.83768,48106.03737,58581.42282,70955.87423,85412.59264,102181.9969
OECD ENV-Growth 2025,SSP5,1,Antigua and Barbuda,ATG,USD_2010/yr,GDP|PPP [per capita],ANNUAL,27660.99698,30801.24217,35658.86375,42738.72806,51805.13573,61901.40974,73226.07927,86301.81431,101626.0144,118935.1571,138347.9459,159942.2486,184043.621,210934.6636,240930.4828,274277.1258
OECD ENV-Growth 2025,SSP5,1,Antigua and Barbuda,ATG,USD_2015/yr,GDP|PPP [per capita],ANNUAL,24844.80687,27665.34097,32028.40388,38387.46106,46530.80989,55599.17348,65770.86858,77515.35168,91279.38167,106826.2655,124262.6215,143658.3895,165305.9802,189459.2224,216401.1412,246352.7336
OECD ENV-Growth 2025,SSP5,1,Antigua and Barbuda,ATG,USD_2017/yr,GDP|PPP [per capita],ANNUAL,24433.15704,27206.95814,31497.73012,37751.42505,45759.84797,54677.95923,64681.12105,76231.0116,89766.98747,105056.2774,122203.733,141278.1354,162567.0505,186320.1013,212815.6236,242270.9526
OECD ENV-Growth 2025,SSP5,1,Argentina,ARG,USD_2010/yr,GDP|PPP [per capita],ANNUAL,17109.79652,19034.76443,21501.87485,25025.85492,29514.05255,34613.81828,40379.47343,46958.17872,54471.28329,62894.38505,72127.88117,82155.52562,93020.66938,104773.2588,117420.2986,130966.5109
OECD ENV-Growth 2025,SSP5,1,Argentina,ARG,USD_2015/yr,GDP|PPP [per capita],ANNUAL,18714.96921,20820.52991,23519.09476,27373.68055,32282.94293,37861.14829,44167.71415,51363.60726,59581.56125,68794.88474,78894.63053,89863.02848,101747.4966,114602.6669,128436.2014,143253.2652
OECD ENV-Growth 2025,SSP5,1,Argentina,ARG,USD_2017/yr,GDP|PPP [per capita],ANNUAL,22278.90305,24785.43043,27997.88908,32586.51234,38430.65664,45071.13224,52578.67168,61144.89496,70927.81248,81895.64997,93918.71315,106975.8479,121123.5021,136426.7115,152894.5972,170533.3079
OECD ENV-Growth 2025,SSP5,1,Armenia,ARM,USD_2010/yr,GDP|PPP [per capita],ANNUAL,15363.65144,20082.39011,26364.91498,33306.51244,39825.55768,45570.29254,51168.43293,57287.06106,64140.14109,71353.41798,78458.66233,85917.01865,93961.66614,102768.5111,112385.0465,122805.7475
OECD ENV-Growth 2025,SSP5,1,Armenia,ARM,USD_2015/yr,GDP|PPP [per capita],ANNUAL,16717.88371,21852.55659,28688.85593,36242.32196,43335.9898,49587.09551,55678.68517,62336.64105,69793.78725,77642.87995,85374.41755,93490.19225,102243.9369,111827.063,122291.2499,133630.4858
OECD ENV-Growth 2025,SSP5,1,Armenia,ARM,USD_2017/yr,GDP|PPP [per capita],ANNUAL,18982.25832,24812.40338,32574.65381,41151.20847,49205.687,56303.48152,63220.15413,70779.90516,79247.09383,88159.31668,96938.06203,106153.088,116092.4945,126973.6191,138855.1408,151730.2337
OECD ENV-Growth 2025,SSP5,1,Aruba,ABW,USD_2010/yr,GDP|PPP [per capita],ANNUAL,41107.66664,42032.68711,45136.31583,49927.64554,55926.81257,62554.52827,69967.49969,78542.31326,88452.12181,99385.3061,111394.7046,124603.2299,139168.1812,155308.412,173220.2238,193046.3477
OECD ENV-Growth 2025,SSP5,1,Aruba,ABW,USD_2015/yr,GDP|PPP [per capita],ANNUAL,41361.76992,42292.50832,45415.32184,50236.26871,56272.51904,62941.20335,70399.99738,79027.81538,88998.8805,99999.64727,112083.2807,125373.4533,140028.4366,156268.4367,174290.9688,194239.6461
OECD ENV-Growth 2025,SSP5,1,Aruba,ABW,USD_2017/yr,GDP|PPP [per capita],ANNUAL,42301.19485,43253.07255,46446.81265,51377.25479,57550.60283,64370.74895,71998.95006,80822.72649,91020.2584,102270.8789,114628.9607,128220.9849,143208.818,159817.6674,178249.5345,198651.294
OECD ENV-Growth 2025,SSP5,1,Australia,AUS,USD_2010/yr,GDP|PPP [per capita],ANNUAL,48635.86039,52894.36978,59514.75336,68687.36546,79554.40089,90419.62158,101461.3006,113314.0803,126317.7359,140228.1117,154854.6291,170165.9752,186322.5411,203483.3015,221578.6362,240321.7592
OECD ENV-Growth 2025,SSP5,1,Australia,AUS,USD_2015/yr,GDP|PPP [per capita],ANNUAL,52086.2088,56646.8274,63736.87738,73560.21732,85198.18716,96834.21352,108659.2166,121352.8618,135279.029,150176.2414,165840.4001,182237.971,199540.7237,217918.9109,237297.9735,257370.7801
OECD ENV-Growth 2025,SSP5,1,Australia,AUS,USD_2017/yr,GDP|PPP [per capita],ANNUAL,54339.61844,59097.54343,66494.33079,76742.65863,88884.12285,101023.5595,113360.1486,126602.96,141131.616,156673.3276,173015.166,190122.1463,208173.4693,227346.7535,247564.2139,268505.4318
OECD ENV-Growth 2025,SSP5,1,Austria,AUT,USD_2010/yr,GDP|PPP [per capita],ANNUAL,46126.58719,49959.78903,54126.07552,59518.9261,65436.11457,71161.29345,77154.55938,83845.63274,91388.1131,99476.08606,107949.4331,116750.3018,126052.4606,135874.8278,146193.5082,156884.6704
OECD ENV-Growth 2025,SSP5,1,Austria,AUT,USD_2015/yr,GDP|PPP [per capita],ANNUAL,53629.70439,58086.42868,62930.41836,69200.48949,76080.1892,82736.64634,89704.79854,97484.26605,106253.6335,115657.2253,125508.8775,135741.3274,146556.6089,157976.7179,169973.8721,182404.0972
OECD ENV-Growth 2025,SSP5,1,Austria,AUT,USD_2017/yr,GDP|PPP [per capita],ANNUAL,56849.54915,61573.8483,66708.66366,73355.18018,80647.92646,87704.02702,95090.53634,103337.0711,112632.9378,122601.1068,133044.237,143891.0274,155355.6418,167461.3964,180178.8413,193355.358
OECD ENV-Growth 2025,SSP5,1,Azerbaijan,AZE,USD_2010/yr,GDP|PPP [per capita],ANNUAL,16359.28773,18121.71027,20379.25282,23774.23822,28466.04767,34024.51567,40347.96726,47587.07207,55826.37426,65104.46896,75484.5527,87096.30455,100109.9771,114642.4476,130646.9233,148179.3688
OECD ENV-Growth 2025,SSP5,1,Azerbaijan,AZE,USD_2015/yr,GDP|PPP [per capita],ANNUAL,15808.61285,17511.70996,19693.26069,22973.96647,27507.84352,32879.20626,38989.80225,45985.22939,53947.18596,62912.96793,72943.64457,84164.52976,96740.14522,110783.4339,126249.1781,143191.4587
OECD ENV-Growth 2025,SSP5,1,Azerbaijan,AZE,USD_2017/yr,GDP|PPP [per capita],ANNUAL,15723.23568,17417.13491,19586.9038,22849.89155,27359.28261,32701.63637,38779.23103,45736.87814,53655.83478,62573.19548,72549.6997,83709.98454,96217.6832,110185.1286,125567.3474,142418.1283
OECD ENV-Growth 2025,SSP5,1,Bahamas,BHS,USD_2010/yr,GDP|PPP [per capita],ANNUAL,31362.93138,33109.62326,36067.98412,40371.58275,45641.1517,51246.3787,57297.25734,64035.23387,71587.61181,79999.29167,89279.84227,99490.28072,110725.187,123026.6559,136524.3541,151333.6137
OECD ENV-Growth 2025,SSP5,1,Bahamas,BHS,USD_2015/yr,GDP|PPP [per capita],ANNUAL,34441.8791,36360.04644,39608.83418,44334.92377,50121.8145,56277.31534,62922.21815,70321.6723,78615.47893,87852.94647,98044.58315,109257.3962,121595.2507,135104.3739,149927.1621,166190.2698
OECD ENV-Growth 2025,SSP5,1,Bahamas,BHS,USD_2017/yr,GDP|PPP [per capita],ANNUAL,36916.06779,38972.02982,42454.19954,47519.79551,53722.39699,60320.0883,67442.33856,75373.3446,84262.95039,94164.00652,105087.7761,117106.0799,130330.2443,144809.8175,160697.4249,178128.8195
OECD ENV-Growth 2025,SSP5,1,Bahrain,BHR,USD_2010/yr,GDP|PPP [per capita],ANNUAL,54258.24458,56741.44116,61877.28829,68069.17075,75081.97532,82255.38496,90248.2045,99486.77241,110302.3556,121848.4902,134326.0813,147825.4899,162460.1879,178332.1134,195423.6384,213745.1746
OECD ENV-Growth 2025,SSP5,1,Bahrain,BHR,USD_2015/yr,GDP|PPP [per capita],ANNUAL,48770.82399,51002.88189,55619.31389,61184.97883,67488.54173,73936.46686,81120.93068,89425.1538,99146.90041,109525.3139,120740.9809,132875.1235,146029.7378,160296.4523,175659.4218,192128.005
OECD ENV-Growth 2025,SSP5,1,Bahrain,BHR,USD_2017/yr,GDP|PPP [per capita],ANNUAL,51588.04726,53949.03891,58832.13688,64719.29979,71386.98498,78207.37141,85806.84234,94590.75493,104874.0736,115851.9912,127715.5257,140550.5913,154465.0756,169555.9,185806.3041,203226.1871
OECD ENV-Growth 2025,SSP5,1,Bangladesh,BGD,USD_2010/yr,GDP|PPP [per capita],ANNUAL,6697.592934,9161.237525,12713.87731,17379.23857,22863.16696,28586.87188,34598.28611,41193.95127,48591.90844,56628.88506,65412.85499,74756.94229,84581.41797,95001.96107,106156.7269,118090.1709
OECD ENV-Growth 2025,SSP5,1,Bangladesh,BGD,USD_2015/yr,GDP|PPP [per capita],ANNUAL,7595.976295,10390.08249,14419.25653,19710.40723,25929.92378,32421.37934,39239.13617,46719.51258,55109.79665,64224.81521,74187.02522,84784.48408,95926.76835,107745.0737,120396.0869,133930.2266
OECD ENV-Growth 2025,SSP5,1,Bangladesh,BGD,USD_2017/yr,GDP|PPP [per capita],ANNUAL,7813.45603,10687.56004,14832.09301,20274.73418,26672.32116,33349.63302,40362.58846,48057.13487,56687.64043,66063.63029,76311.06747,87211.94126,98673.23929,110829.9135,123843.1368,137764.7712
OECD ENV-Growth 2025,SSP5,1,Barbados,BRB,USD_2010/yr,GDP|PPP [per capita],ANNUAL,17346.48194,19224.61596,22309.74633,27129.50692,33292.92338,40110.51874,47539.25373,55849.60801,65236.88432,75548.65779,86753.99003,98859.71869,112018.237,126381.4191,142110.3403,159437.7705
OECD ENV-Growth 2025,SSP5,1,Barbados,BRB,USD_2015/yr,GDP|PPP [per capita],ANNUAL,16945.73808,18780.48286,21794.33957,26502.75255,32523.77983,39183.87296,46440.98699,54559.35286,63729.76138,73803.30902,84749.77216,96575.83048,109430.3566,123461.7159,138827.2627,155754.3891
OECD ENV-Growth 2025,SSP5,1,Barbados,BRB,USD_2017/yr,GDP|PPP [per capita],ANNUAL,16785.78632,18603.21284,21588.6216,26252.59161,32216.78608,38814.01422,46002.62795,54044.36411,63128.21264,73106.67551,83949.81438,95664.24588,108397.4374,122296.354,137516.8645,154284.2148
OECD ENV-Growth 2025,SSP5,1,Belarus,BLR,USD_2010/yr,GDP|PPP [per capita],ANNUAL,17368.73841,18336.97547,20122.45364,22953.10875,26617.74738,30617.17747,35149.63525,40449.25414,46645.62323,53637.53715,61384.0552,69967.93405,79532.92998,90250.19071,102219.2552,115513.7666
OECD ENV-Growth 2025,SSP5,1,Belarus,BLR,USD_2015/yr,GDP|PPP [per capita],ANNUAL,19323.72474,20400.9444,22387.392,25536.65931,29613.78147,34063.37846,39105.99956,45002.13169,51895.95022,59674.85832,68293.30711,77843.36816,88484.97863,100408.5502,113724.8258,128515.7378
OECD ENV-Growth 2025,SSP5,1,Belarus,BLR,USD_2017/yr,GDP|PPP [per capita],ANNUAL,19604.56007,20697.43516,22712.75218,25907.78838,30044.16412,34558.42794,39674.3344,45656.15612,52650.16381,60542.12425,69285.82657,78974.68046,89770.94745,101867.8066,115377.6101,130383.4811
OECD ENV-Growth 2025,SSP5,1,Belgium,BEL,USD_2010/yr,GDP|PPP [per capita],ANNUAL,46065.85622,48987.34227,52387.97998,56589.59894,61258.52133,66050.57518,71271.43576,77211.18103,83888.00659,90936.08879,98226.54348,105782.3817,113745.9671,122235.1414,131134.7629,140367.8313
OECD ENV-Growth 2025,SSP5,1,Belgium,BEL,USD_2015/yr,GDP|PPP [per capita],ANNUAL,51820.45484,55106.89622,58932.34542,63658.83534,68911.00478,74301.68739,80174.74375,86856.48868,94367.39082,102295.9274,110497.1139,118996.8359,127955.2413,137504.8929,147516.2651,157902.7388
OECD ENV-Growth 2025,SSP5,1,Belgium,BEL,USD_2017/yr,GDP|PPP [per capita],ANNUAL,55471.89214,58989.90684,63084.90959,68144.44333,73766.69765,79537.22524,85824.1162,92976.67855,101016.8232,109504.0302,118283.0989,127381.7389,136971.3826,147193.9336,157910.7396,169029.0778
OECD ENV-Growth 2025,SSP5,1,Belize,BLZ,USD_2010/yr,GDP|PPP [per capita],ANNUAL,10961.08033,11720.38271,13644.90363,16994.95412,21766.23319,27577.14602,34445.2352,42597.76461,52224.67143,63238.7847,75667.1309,89420.76,104561.2982,121191.3171,139422.1592,159364.8992
OECD ENV-Growth 2025,SSP5,1,Belize,BLZ,USD_2015/yr,GDP|PPP [per capita],ANNUAL,10160.26281,10864.09049,12648.00574,15753.30123,20175.99023,25562.35724,31928.66321,39485.56809,48409.13222,58618.55338,70138.88349,82887.6712,96922.04029,112337.0685,129235.9637,147721.6853
OECD ENV-Growth 2025,SSP5,1,Belize,BLZ,USD_2017/yr,GDP|PPP [per capita],ANNUAL,10241.55,10951.00865,12749.19611,15879.33552,20337.40824,25766.86888,32184.10847,39801.47237,48796.42948,59087.53111,70700.02962,83550.81401,97697.46507,113235.8212,130269.916,148903.5326
OECD ENV-Growth 2025,SSP5,1,Benin,BEN,USD_2010/yr,GDP|PPP [per capita],ANNUAL,3336.307073,4059.972461,5199.497372,6745.34428,8754.358245,11159.03392,14055.28845,17637.1303,22006.52587,27240.94841,33405.4452,40624.33471,49015.18925,58835.1832,70231.47587,83373.08352
OECD ENV-Growth 2025,SSP5,1,Benin,BEN,USD_2015/yr,GDP|PPP [per capita],ANNUAL,3739.916059,4551.126702,5828.505379,7561.360764,9813.414734,12508.99549,15755.62375,19770.77811,24668.76031,30536.41592,37446.6613,45538.85432,54944.79057,65952.75605,78727.71262,93459.12326
OECD ENV-Growth 2025,SSP5,1,Benin,BEN,USD_2017/yr,GDP|PPP [per capita],ANNUAL,3816.525169,4644.352795,5947.897526,7716.24903,10014.43448,12765.232,16078.36477,20175.76626,25174.07961,31161.92932,38213.72541,46471.68036,56070.28949,67303.7441,80340.38518,95373.55666
OECD ENV-Growth 2025,SSP5,1,Bhutan,BTN,USD_2010/yr,GDP|PPP [per capita],ANNUAL,9746.056243,11533.73879,13780.45453,16814.40232,20604.88636,24804.79891,29565.73376,35096.01303,41571.13031,48779.13807,56672.87445,65169.98497,74141.84484,83744.75466,94038.36007,105125.682
OECD ENV-Growth 2025,SSP5,1,Bhutan,BTN,USD_2015/yr,GDP|PPP [per capita],ANNUAL,11481.98457,13588.08195,16234.97365,19809.31602,24274.94583,29222.92991,34831.86332,41347.17368,48975.6128,57467.48191,66767.21886,76777.80052,87347.69198,98661.03347,110788.0945,123850.2456
OECD ENV-Growth 2025,SSP5,1,Bhutan,BTN,USD_2017/yr,GDP|PPP [per capita],ANNUAL,12103.21858,14323.26657,17113.36864,20881.10118,25588.34437,30804.03966,36716.44501,43584.26693,51625.44357,60576.76617,70379.66637,80931.87163,92073.64819,103999.0992,116782.2962,130551.1763
OECD ENV-Growth 2025,SSP5,1,Bolivia,BOL,USD_2010/yr,GDP|PPP [per capita],ANNUAL,6594.784831,7037.387941,8050.044376,10025.11783,12999.27456,16794.85659,21429.84133,27016.96236,33627.34827,41243.64829,49884.41607,59635.41422,70603.73363,82902.92572,96617.41924,111858.6922
OECD ENV-Growth 2025,SSP5,1,Bolivia,BOL,USD_2015/yr,GDP|PPP [per capita],ANNUAL,7538.845026,8044.807896,9202.428671,11460.23891,14860.15372,19199.08296,24497.57754,30884.50913,38441.18857,47147.78128,57025.4969,68172.37521,80710.83739,94770.69006,110448.4482,127871.548
OECD ENV-Growth 2025,SSP5,1,Bolivia,BOL,USD_2017/yr,GDP|PPP [per capita],ANNUAL,8438.451459,9004.790614,10300.54967,12827.78322,16633.40809,21490.09948,27420.86065,34569.94145,43028.35549,52773.90136,63830.31962,76307.34908,90342.01939,106079.6269,123628.2037,143130.393
OECD ENV-Growth 2025,SSP5,1,Bosnia and Herzegovina,BIH,USD_2010/yr,GDP|PPP [per capita],ANNUAL,16102.76824,19953.7878,24672.37568,29388.52447,33559.42187,37082.58192,40359.93551,43777.10522,47458.47849,51188.91865,55064.21066,59062.95326,63269.82609,67793.07987,72714.57103,78083.38303
OECD ENV-Growth 2025,SSP5,1,Bosnia and Herzegovina,BIH,USD_2015/yr,GDP|PPP [per capita],ANNUAL,17499.83322,21684.96455,26812.93383,31938.25241,36471.01397,40299.84094,43861.53545,47575.17641,51575.94307,55630.03363,59841.54328,64187.21401,68759.07219,73674.76033,79023.23663,84857.84303
OECD ENV-Growth 2025,SSP5,1,Bosnia and Herzegovina,BIH,USD_2017/yr,GDP|PPP [per capita],ANNUAL,18529.20465,22960.51288,28390.11847,33816.91745,38616.30413,42670.34954,46441.54927,50373.63324,54609.73213,58902.29153,63361.5297,67962.82054,72803.60359,78008.44127,83671.52451,89849.33287
OECD ENV-Growth 2025,SSP5,1,Botswana,BWA,USD_2010/yr,GDP|PPP [per capita],ANNUAL,16499.10325,18726.53388,21595.22278,25160.85431,29445.4011,34241.99673,39717.68564,46047.08731,53233.06219,61245.93459,70157.76917,80149.91211,91340.26631,103944.2089,118061.3176,133886.0696
OECD ENV-Growth 2025,SSP5,1,Botswana,BWA,USD_2015/yr,GDP|PPP [per capita],ANNUAL,16523.54592,18754.27639,21627.21511,25198.12896,29489.02312,34292.72468,39776.52558,46115.30397,53311.92453,61336.66764,70261.70469,80268.65054,91475.58274,104098.1975,118236.22,134084.4157
OECD ENV-Growth 2025,SSP5,1,Botswana,BWA,USD_2017/yr,GDP|PPP [per capita],ANNUAL,16845.39401,19119.57499,22048.47324,25688.94189,30063.41472,34960.6835,40551.29869,47013.54475,54350.34217,62531.39242,71630.27268,81832.13531,93257.35782,106125.8377,120539.2428,136696.132
OECD ENV-Growth 2025,SSP5,1,Brazil,BRA,USD_2010/yr,GDP|PPP [per capita],ANNUAL,15402.68303,16488.80863,19055.38543,23213.93861,28989.91625,35950.2873,44050.72152,53345.42975,64005.42725,75866.32619,88950.04748,103081.5831,118214.7601,134330.2547,151413.1264,169504.1273
OECD ENV-Growth 2025,SSP5,1,Brazil,BRA,USD_2015/yr,GDP|PPP [per capita],ANNUAL,15674.09454,16779.35881,19391.1614,23622.99267,29500.74912,36583.76925,44826.94166,54285.43244,65133.27033,77203.17081,90517.44105,104897.9893,120297.8288,136697.2954,154081.1852,172490.9687
OECD ENV-Growth 2025,SSP5,1,Brazil,BRA,USD_2017/yr,GDP|PPP [per capita],ANNUAL,15999.26357,17127.45725,19793.44334,24113.06664,30112.76087,37342.72274,45756.90499,55411.61817,66484.50134,78804.79956,92395.28278,107074.1646,122793.4835,139533.1675,157277.6971,176069.4032
OECD ENV-Growth 2025,SSP5,1,Brunei Darussalam,BRN,USD_2010/yr,GDP|PPP [per capita],ANNUAL,71470.6687,80333.06439,89755.69507,97308.69404,103058.6853,107861.5495,112838.7738,118721.4769,125894.1191,133443.4021,141595.2578,150237.0402,159577.26,169921.7609,181578.6696,194737.5537
OECD ENV-Growth 2025,SSP5,1,Brunei Darussalam,BRN,USD_2015/yr,GDP|PPP [per capita],ANNUAL,59751.35627,67160.55185,75038.11859,81352.62412,86159.76785,90175.08849,94336.17874,99254.27302,105250.7903,111562.1892,118377.3546,125602.1117,133410.7808,142059.0552,151804.5371,162805.7099
OECD ENV-Growth 2025,SSP5,1,Brunei Darussalam,BRN,USD_2017/yr,GDP|PPP [per capita],ANNUAL,60299.41768,67776.57312,75726.3958,82098.82029,86950.05692,91002.20756,95201.46486,100164.6697,106216.1892,112585.4786,119463.1553,126754.1805,134634.4736,143362.0731,153196.9442,164299.0237
OECD ENV-Growth 2025,SSP5,1,Bulgaria,BGR,USD_2010/yr,GDP|PPP [per capita],ANNUAL,23196.70483,27802.44674,33594.0528,40296.52458,47210.91244,53817.98144,60574.98587,67777.58538,75545.79828,83847.67636,92741.98966,102289.5593,112567.8621,123704.102,135808.8732,149195.0386
OECD ENV-Growth 2025,SSP5,1,Bulgaria,BGR,USD_2015/yr,GDP|PPP [per capita],ANNUAL,25792.56595,30913.72014,37353.44433,44805.966,52494.11853,59840.56124,67353.71812,75362.33504,83999.86115,93230.77302,103120.4174,113736.4218,125164.9331,137547.3902,151006.7635,165890.9273
OECD ENV-Growth 2025,SSP5,1,Bulgaria,BGR,USD_2017/yr,GDP|PPP [per capita],ANNUAL,28138.50091,33725.44414,40750.88649,48881.24421,57268.66434,65283.29481,73479.80275,82216.83477,91639.97773,101710.4772,112499.6235,124081.1951,136549.1743,150057.8644,164741.4204,180979.3573
OECD ENV-Growth 2025,SSP5,1,Burkina Faso,BFA,USD_2010/yr,GDP|PPP [per capita],ANNUAL,2082.494085,2515.052112,3290.668218,4362.97409,5827.706516,7663.71925,9967.254861,12891.18337,16536.84038,20918.25165,26129.13261,32241.00676,39394.61259,47798.44344,57626.30374,69004.05506
OECD ENV-Growth 2025,SSP5,1,Burkina Faso,BFA,USD_2015/yr,GDP|PPP [per capita],ANNUAL,2117.520213,2557.353572,3346.015011,4436.356336,5925.72456,7792.617776,10134.89728,13108.00427,16814.97875,21270.08236,26568.60678,32783.27848,40057.20308,48602.38062,58595.53883,70164.65615
OECD ENV-Growth 2025,SSP5,1,Burkina Faso,BFA,USD_2017/yr,GDP|PPP [per capita],ANNUAL,2391.678297,2888.457449,3779.227906,5010.737133,6692.93579,8801.538087,11447.07555,14805.11456,18992.03581,24023.94745,30008.4787,37027.77198,45243.46101,54894.99376,66181.97909,79248.96501
OECD ENV-Growth 2025,SSP5,1,Burundi,BDI,USD_2010/yr,GDP|PPP [per capita],ANNUAL,606.9587511,731.3725125,923.1956007,1230.868806,1697.210709,2328.577445,3169.87686,4296.434074,5771.938583,7646.244699,9995.340589,12893.66516,16426.44406,20699.74608,25850.49411,32034.40843
OECD ENV-Growth 2025,SSP5,1,Burundi,BDI,USD_2015/yr,GDP|PPP [per capita],ANNUAL,789.9262804,951.844532,1201.492631,1601.91383,2208.834357,3030.526401,4125.435267,5591.592808,7511.887699,9951.202818,13008.43294,16780.45657,21378.19059,26939.67819,33643.11763,41691.17103
OECD ENV-Growth 2025,SSP5,1,Burundi,BDI,USD_2017/yr,GDP|PPP [per capita],ANNUAL,774.4952373,933.2504501,1178.021727,1570.620781,2165.685244,2971.325708,4044.84576,5482.362223,7365.144559,9756.808172,12754.31595,16452.65389,20960.57215,26413.41727,32985.90643,40876.7428
OECD ENV-Growth 2025,SSP5,1,Cabo Verde,CPV,USD_2010/yr,GDP|PPP [per capita],ANNUAL,7512.431821,9273.532334,11626.01389,14413.10326,17482.82009,20582.15827,23871.9897,27537.93615,31737.08369,36396.64688,41471.23175,46866.29057,52591.39676,58717.57189,65285.50544,72310.324
OECD ENV-Growth 2025,SSP5,1,Cabo Verde,CPV,USD_2015/yr,GDP|PPP [per capita],ANNUAL,7830.062802,9665.623901,12117.57005,15022.49955,18222.00621,21452.38661,24881.31446,28702.25975,33078.95024,37935.5231,43224.66503,48847.83079,54814.99856,61200.19275,68045.82322,75367.65612
OECD ENV-Growth 2025,SSP5,1,Cabo Verde,CPV,USD_2017/yr,GDP|PPP [per capita],ANNUAL,8393.609761,10361.28026,12989.6984,16103.70211,19533.48435,22996.36238,26672.07776,30768.02495,35459.71554,40665.8267,46335.6399,52363.51734,58760.15539,65604.90614,72943.2318,80792.03323
OECD ENV-Growth 2025,SSP5,1,Cambodia,KHM,USD_2010/yr,GDP|PPP [per capita],ANNUAL,4683.777571,6150.065451,8358.03847,11567.42733,15873.8555,21089.2128,27227.01908,34790.91731,43880.36118,54224.65552,65767.69702,78512.51504,92541.87889,107875.5487,124615.616,142962.2732
OECD ENV-Growth 2025,SSP5,1,Cambodia,KHM,USD_2015/yr,GDP|PPP [per capita],ANNUAL,5012.53048,6581.736655,8944.686623,12379.3415,16988.03654,22569.45816,29138.07518,37232.88111,46960.31025,58030.66743,70383.91147,84023.28436,99037.36494,115447.3003,133362.3478,152996.7513
OECD ENV-Growth 2025,SSP5,1,Cambodia,KHM,USD_2017/yr,GDP|PPP [per capita],ANNUAL,5241.763272,6882.732304,9353.744581,12945.47292,17764.93257,23601.60349,30470.61617,38935.61336,49107.89679,60684.52299,73602.70496,87865.83296,103566.5367,120726.9304,139461.268,159993.591
OECD ENV-Growth 2025,SSP5,1,Cameroon,CMR,USD_2010/yr,GDP|PPP [per capita],ANNUAL,3489.407024,3988.120142,4890.644586,6230.806198,8071.431787,10347.36415,13125.49545,16551.81873,20739.1306,25737.4658,31663.44761,38578.39012,46627.83719,55946.98233,66686.96724,79032.61776
OECD ENV-Growth 2025,SSP5,1,Cameroon,CMR,USD_2015/yr,GDP|PPP [per capita],ANNUAL,3802.18139,4345.596854,5329.01943,6789.306954,8794.917738,11274.85419,14302.00438,18035.44749,22598.0907,28044.45364,34501.61315,42036.37923,50807.34165,60961.81202,72664.47969,86116.73743
OECD ENV-Growth 2025,SSP5,1,Cameroon,CMR,USD_2017/yr,GDP|PPP [per capita],ANNUAL,4000.081418,4571.781155,5606.389967,7142.684107,9252.68508,11861.69994,15046.41049,18974.17586,23774.30044,29504.14153,36297.39023,44224.33393,53451.81684,64134.81801,76446.59871,90599.03404
OECD ENV-Growth 2025,SSP5,1,Canada,CAN,USD_2010/yr,GDP|PPP [per capita],ANNUAL,45839.39052,49329.25667,54910.68133,62697.25779,71636.43452,80424.94794,89466.6407,99044.3492,109495.0095,120603.9536,132127.0825,144055.6538,156549.079,169842.3185,183938.6729,198690.6461
OECD ENV-Growth 2025,SSP5,1,Canada,CAN,USD_2015/yr,GDP|PPP [per capita],ANNUAL,48206.47111,51876.54896,57746.19041,65934.85455,75335.63758,84577.97726,94086.57012,104158.8578,115149.1752,126831.7693,138949.9361,151494.4818,164633.0496,178612.733,193437.003,208950.747
OECD ENV-Growth 2025,SSP5,1,Canada,CAN,USD_2017/yr,GDP|PPP [per capita],ANNUAL,51284.35283,55188.75743,61433.16313,70144.65624,80145.65948,89978.1031,100093.7996,110809.1816,122501.2077,134929.7108,147821.5971,161167.0856,175144.5233,190016.78,205787.5485,222291.8124
OECD ENV-Growth 2025,SSP5,1,Central African Republic,CAF,USD_2010/yr,GDP|PPP [per capita],ANNUAL,645.3767826,711.0200959,905.669702,1230.233101,1724.519452,2400.824399,3303.956369,4507.126796,6074.575768,8057.392588,10546.97995,13635.21312,17422.15601,22063.02352,27720.63305,34547.09567
OECD ENV-Growth 2025,SSP5,1,Central African Republic,CAF,USD_2015/yr,GDP|PPP [per capita],ANNUAL,746.1250195,822.0157546,1047.051648,1422.281868,1993.730089,2775.611394,3819.729151,5210.723656,7022.863365,9315.21301,12193.44394,15763.77386,20141.88741,25507.22972,32048.03524,39940.16073
OECD ENV-Growth 2025,SSP5,1,Central African Republic,CAF,USD_2017/yr,GDP|PPP [per capita],ANNUAL,808.4500508,890.6800619,1134.513568,1541.087376,2160.269592,3007.462709,4138.797314,5645.983843,7609.494517,10093.32784,13211.98206,17080.54742,21824.37189,27637.88993,34725.05953,43276.42704
OECD ENV-Growth 2025,SSP5,1,Chad,TCD,USD_2010/yr,GDP|PPP [per capita],ANNUAL,1538.998271,1646.125281,2101.293356,2798.208837,3772.920685,5017.493018,6588.627463,8587.680647,11105.54957,14241.36229,18073.27774,22685.5473,28164.63017,34716.52841,42557.41982,51931.0114
OECD ENV-Growth 2025,SSP5,1,Chad,TCD,USD_2015/yr,GDP|PPP [per capita],ANNUAL,1448.932543,1549.790234,1978.320823,2634.451203,3552.120666,4723.857756,6203.04579,8085.109772,10455.6272,13407.92493,17015.58785,21357.93676,26516.37106,32684.83711,40066.86147,48891.88886
OECD ENV-Growth 2025,SSP5,1,Chad,TCD,USD_2017/yr,GDP|PPP [per capita],ANNUAL,1470.316831,1572.663045,2007.518168,2673.332145,3604.545171,4793.575518,6294.594371,8204.435076,10609.93814,13605.8078,17266.71495,21673.15107,26907.71689,33167.22118,40658.19425,49613.46712
OECD ENV-Growth 2025,SSP5,1,Chile,CHL,USD_2010/yr,GDP|PPP [per capita],ANNUAL,22985.14184,24343.36611,27279.27991,31924.89324,38166.78,45127.50328,52521.28753,60403.94346,69054.10478,78422.09665,88218.01692,98229.02981,108371.7177,118607.5643,128855.3338,138944.4549
OECD ENV-Growth 2025,SSP5,1,Chile,CHL,USD_2015/yr,GDP|PPP [per capita],ANNUAL,25006.85463,26484.54475,29678.69383,34732.92312,41523.82987,49096.80012,57140.92224,65716.91591,75127.92272,85319.89859,95977.44232,106868.9977,117903.8098,129039.9745,140189.1111,151165.6447
OECD ENV-Growth 2025,SSP5,1,Chile,CHL,USD_2017/yr,GDP|PPP [per capita],ANNUAL,26950.06189,28542.57885,31984.93563,37431.91383,44750.52147,52911.9644,61581.17099,70823.57927,80965.88704,91949.85062,103435.5599,115173.4652,127065.7593,139067.2818,151082.7841,162912.2711
OECD ENV-Growth 2025,SSP5,1,China,CHN,USD_2010/yr,GDP|PPP [per capita],ANNUAL,21528.70175,26190.11693,31820.73278,38158.41461,45494.36545,53155.75419,61098.52325,69996.56308,79915.48867,90185.13443,100539.222,111160.8584,122218.4668,133747.3908,145566.692,157493.342
OECD ENV-Growth 2025,SSP5,1,China,CHN,USD_2015/yr,GDP|PPP [per capita],ANNUAL,21134.83804,25710.97347,31238.57821,37460.3133,44662.05424,52183.27926,59980.73679,68715.98859,78453.44923,88535.21367,98699.87513,109127.1905,119982.502,131300.5064,142903.5756,154612.0297
OECD ENV-Growth 2025,SSP5,1,China,CHN,USD_2017/yr,GDP|PPP [per capita],ANNUAL,20667.66612,25142.64903,30548.06965,36632.27731,43674.82842,51029.80162,58654.9014,67197.0661,76719.28648,86578.20004,96518.17823,106715.0045,117330.3664,128398.1937,139744.7845,151194.4308
OECD ENV-Growth 2025,SSP5,1,Colombia,COL,USD_2010/yr,GDP|PPP [per capita],ANNUAL,14728.5385,16641.56385,20153.31427,25574.57679,32625.61302,40524.10613,49148.61237,58609.30099,69011.886,80286.73771,92335.16003,104968.0259,118146.9362,131898.874,146196.2854,160936.3977
OECD ENV-Growth 2025,SSP5,1,Colombia,COL,USD_2015/yr,GDP|PPP [per capita],ANNUAL,15218.01222,17194.61317,20823.06964,26424.49705,33709.86046,41870.8443,50781.96888,60557.06469,71305.35895,82954.90796,95403.73567,108456.4297,122073.3149,136282.271,151054.8286,166284.7992
OECD ENV-Growth 2025,SSP5,1,Colombia,COL,USD_2017/yr,GDP|PPP [per capita],ANNUAL,16332.6678,18454.04648,22348.27217,28359.98065,36178.96638,44937.70807,54501.53515,64992.61573,76528.17748,89031.0071,102391.6592,116400.4084,131014.6734,146264.3759,162118.9613,178464.4635
OECD ENV-Growth 2025,SSP5,1,Comoros,COM,USD_2010/yr,GDP|PPP [per capita],ANNUAL,2681.551147,3112.922445,3992.427799,5797.184549,8546.338184,11941.49281,15880.47912,20437.36793,25661.82208,31547.27119,38112.56468,45379.08816,53379.64065,62222.4111,72019.87373,82934.56072
OECD ENV-Growth 2025,SSP5,1,Comoros,COM,USD_2015/yr,GDP|PPP [per capita],ANNUAL,3137.077884,3641.728098,4670.638846,6781.977461,9998.141762,13970.04605,18578.16506,23909.15236,30021.10723,36906.34313,44586.91153,53087.83091,62447.47199,72792.40226,84254.20241,97023.01467
OECD ENV-Growth 2025,SSP5,1,Comoros,COM,USD_2017/yr,GDP|PPP [per capita],ANNUAL,3426.455781,3977.657156,5101.479167,7407.576966,10920.41444,15258.7047,20291.89692,26114.638,32790.38653,40310.74696,48699.80485,57984.88651,68207.90216,79507.09442,92026.18155,105972.8453
OECD ENV-Growth 2025,SSP5,1,Congo,COG,USD_2010/yr,GDP|PPP [per capita],ANNUAL,3965.811923,4350.631312,4991.178356,5988.414591,7370.809918,9077.070534,11191.60882,13835.59108,17097.63019,21005.15022,25660.74248,31141.91128,37524.96433,44909.90695,53414.83463,63211.78134
OECD ENV-Growth 2025,SSP5,1,Congo,COG,USD_2015/yr,GDP|PPP [per capita],ANNUAL,3402.758552,3732.942508,4282.546719,5138.198523,6324.325756,7788.336914,9602.659777,11871.25784,14670.16301,18022.90576,22017.51184,26720.48171,32197.28918,38533.74112,45831.1662,54237.17356
OECD ENV-Growth 2025,SSP5,1,Congo,COG,USD_2017/yr,GDP|PPP [per capita],ANNUAL,3887.121044,4264.304727,4892.141837,5869.590599,7224.556006,8896.960467,10969.54143,13561.06097,16758.37367,20588.35947,25151.57402,30523.98375,36780.38228,44018.79056,52354.9608,61957.51344
OECD ENV-Growth 2025,SSP5,1,Costa Rica,CRI,USD_2010/yr,GDP|PPP [per capita],ANNUAL,19268.52937,21559.99024,25406.35512,30472.93757,36593.3613,43218.31029,50344.69078,58146.12908,66669.93333,75636.66938,84950.05838,94471.97457,104266.5225,114353.8033,124707.1853,135228.5979
OECD ENV-Growth 2025,SSP5,1,Costa Rica,CRI,USD_2015/yr,GDP|PPP [per capita],ANNUAL,22506.44497,25182.96671,29675.68112,35593.66048,42742.57036,50480.78674,58804.69602,67917.10094,77873.25937,88346.78061,99225.20692,110347.2017,121787.6417,133570.0058,145663.1874,157952.6356
OECD ENV-Growth 2025,SSP5,1,Costa Rica,CRI,USD_2017/yr,GDP|PPP [per capita],ANNUAL,24501.26441,27415.01499,32305.93329,38748.44242,46530.98344,54955.06312,64016.74755,73936.81457,84775.41972,96177.24322,108019.8599,120127.6332,132582.0766,145408.75,158573.7896,171952.4916
OECD ENV-Growth 2025,SSP5,1,Croatia,HRV,USD_2010/yr,GDP|PPP [per capita],ANNUAL,29903.78989,35500.28808,41359.57884,47228.43541,52546.76621,57036.95673,61197.46006,65521.70711,70275.33944,75470.72033,81087.75934,87111.02964,93626.17253,100755.173,108622.7333,117322.4384
OECD ENV-Growth 2025,SSP5,1,Croatia,HRV,USD_2015/yr,GDP|PPP [per capita],ANNUAL,33403.90139,39655.4459,46200.54175,52756.32303,58697.14185,63712.89008,68360.36264,73190.74443,78500.76922,84304.24736,90578.7369,97307.0054,104584.7181,112548.1377,121336.5625,131054.5311
OECD ENV-Growth 2025,SSP5,1,Croatia,HRV,USD_2017/yr,GDP|PPP [per capita],ANNUAL,35606.78645,42270.60119,49247.32607,56235.44106,62568.0387,67914.56017,72868.51933,78017.45001,83677.65468,89863.85444,96552.12737,103724.1046,111481.7601,119970.3429,129338.3375,139697.1763
OECD ENV-Growth 2025,SSP5,1,Cuba,CUB,USD_2017/yr,GDP|PPP [per capita],ANNUAL,7526.722415,9738.381914,12876.78307,17558.20122,23793.58888,31564.24312,40846.64008,51738.66605,64395.86528,78692.1307,94568.71512,111968.1943,130980.8195,151777.6911,174479.627,199004.7751
OECD ENV-Growth 2025,SSP5,1,Curaçao,CUW,USD_2010/yr,GDP|PPP [per capita],ANNUAL,17346.39561,19408.83242,22966.18311,28207.17432,34843.38743,42244.08843,50686.61011,60596.19891,72359.29562,85924.7965,101369.7528,118769.3866,138308.396,160258.1101,184905.6824,212415.0947
OECD ENV-Growth 2025,SSP5,1,Curaçao,CUW,USD_2015/yr,GDP|PPP [per capita],ANNUAL,17404.27746,19473.59625,23042.81719,28301.29666,34959.65364,42385.04947,50855.74235,60798.39769,72600.74577,86211.51232,101708.0058,119165.699,138769.9066,160792.863,185522.6799,213123.8863
OECD ENV-Growth 2025,SSP5,1,Curaçao,CUW,USD_2017/yr,GDP|PPP [per capita],ANNUAL,18398.5537,20586.08909,24359.21345,29918.10074,36956.83813,44806.43397,53761.04287,64271.7049,76748.30069,91136.62677,107518.408,125973.429,146697.5912,169978.6809,196121.2694,225299.2849
OECD ENV-Growth 2025,SSP5,1,Cyprus,CYP,USD_2010/yr,GDP|PPP [per capita],ANNUAL,29062.94966,32182.19316,36363.06555,41606.3774,47448.32074,53304.09305,59583.83078,66670.32098,74764.53337,83688.60944,93366.25326,103862.2881,115357.0534,128028.6166,141932.241,157043.7421
OECD ENV-Growth 2025,SSP5,1,Cyprus,CYP,USD_2015/yr,GDP|PPP [per capita],ANNUAL,30841.27718,34151.38349,38588.07853,44152.22242,50351.62737,56565.70745,63229.69491,70749.79906,79339.28673,88809.41647,99079.22386,110217.4987,122415.615,135862.5362,150616.907,166653.063
OECD ENV-Growth 2025,SSP5,1,Cyprus,CYP,USD_2017/yr,GDP|PPP [per capita],ANNUAL,33399.58521,36984.26742,41788.98978,47814.68375,54528.33418,61257.87706,68474.64748,76618.55015,85920.54253,96176.22692,107297.9229,119360.1263,132570.0859,147132.4397,163110.697,180477.0647
OECD ENV-Growth 2025,SSP5,1,Czechia,CZE,USD_2010/yr,GDP|PPP [per capita],ANNUAL,34758.39857,38107.32065,42705.10785,48537.22812,54737.61439,60489.40301,66361.37669,72639.33738,79654.32531,87212.88971,95047.6622,102964.0941,110909.7403,118947.5386,127151.0748,135521.2553
OECD ENV-Growth 2025,SSP5,1,Czechia,CZE,USD_2015/yr,GDP|PPP [per capita],ANNUAL,39124.67392,42894.28041,48069.63175,54634.37045,61613.63593,68087.95187,74697.55027,81764.1349,89660.33054,98168.38556,106987.3453,115898.2225,124841.9837,133889.4729,143123.5197,152545.1443
OECD ENV-Growth 2025,SSP5,1,Czechia,CZE,USD_2017/yr,GDP|PPP [per capita],ANNUAL,41740.599,45762.24613,51283.628,58287.29341,65733.20139,72640.39827,79691.92276,87230.98816,95655.13341,104732.0477,114140.6543,123647.3239,133189.0763,142841.492,152692.9388,162744.5051
OECD ENV-Growth 2025,SSP5,1,Côte d'Ivoire,CIV,USD_2010/yr,GDP|PPP [per capita],ANNUAL,6002.100471,7471.507084,9570.495377,12190.31866,15412.39489,19122.72987,23425.21009,28511.14064,34470.17024,41355.48334,49243.59499,58074.96774,67839.0477,78662.15758,90675.33281,104079.5033
OECD ENV-Growth 2025,SSP5,1,Côte d'Ivoire,CIV,USD_2015/yr,GDP|PPP [per capita],ANNUAL,6530.998626,8129.887652,10413.83637,13264.51545,16770.51732,20807.80273,25489.41252,31023.5094,37507.6418,44999.68073,53582.88366,63192.46677,73816.94617,85593.77599,98665.53833,113250.8688
OECD ENV-Growth 2025,SSP5,1,Côte d'Ivoire,CIV,USD_2017/yr,GDP|PPP [per capita],ANNUAL,6308.497905,7852.915328,10059.05355,12812.61453,16199.1725,20098.91403,24621.02883,29966.58785,36229.81619,43466.61328,51757.40016,61039.60007,71302.12038,82677.73237,95304.16059,109392.5921
OECD ENV-Growth 2025,SSP5,1,Democratic Republic of the Congo,COD,USD_2010/yr,GDP|PPP [per capita],ANNUAL,891.3565168,1016.961034,1247.088337,1659.925774,2289.09646,3132.791548,4225.109243,5632.565279,7414.717483,9627.408454,12333.10506,15609.50117,19559.7142,24331.75426,30071.44369,36948.69575
OECD ENV-Growth 2025,SSP5,1,Democratic Republic of the Congo,COD,USD_2015/yr,GDP|PPP [per capita],ANNUAL,1072.795769,1223.967598,1500.938251,1997.810432,2755.051374,3770.484037,5085.147451,6779.0969,8924.013449,11587.10669,14843.55886,18786.87875,23541.17375,29284.58201,36192.60862,44469.75338
OECD ENV-Growth 2025,SSP5,1,Democratic Republic of the Congo,COD,USD_2017/yr,GDP|PPP [per capita],ANNUAL,1263.742153,1441.820981,1768.089502,2353.399715,3245.421596,4441.590613,5990.250312,7985.70498,10512.39416,13649.49003,17485.55651,22130.74594,27731.25554,34496.93017,42634.513,52384.90263
OECD ENV-Growth 2025,SSP5,1,Denmark,DNK,USD_2010/yr,GDP|PPP [per capita],ANNUAL,52731.82447,55514.47886,59724.61917,65597.03171,72566.42251,79557.42786,86697.92713,94301.41626,102548.4615,110948.5685,119293.5131,127653.9973,136073.5398,144627.9902,153367.2949,162172.7822
OECD ENV-Growth 2025,SSP5,1,Denmark,DNK,USD_2015/yr,GDP|PPP [per capita],ANNUAL,57793.66178,60843.42894,65457.70936,71893.82697,79532.22406,87194.31053,95020.24115,103353.605,112392.3012,121598.7519,130744.745,139907.7695,149135.5214,158511.1313,168089.34,177740.0843
OECD ENV-Growth 2025,SSP5,1,Denmark,DNK,USD_2017/yr,GDP|PPP [per capita],ANNUAL,62327.15182,65616.15091,70592.38787,77533.37183,85770.94531,94034.06642,102473.884,111460.9393,121208.6552,131137.2846,141000.714,150882.5106,160834.1122,170945.1701,181274.7192,191682.4939
OECD ENV-Growth 2025,SSP5,1,Djibouti,DJI,USD_2010/yr,GDP|PPP [per capita],ANNUAL,5694.341379,7144.449123,9614.017996,12387.11543,15455.61059,18792.35935,22516.30676,26821.90609,31826.10036,37463.4081,43758.05612,50695.61423,58267.33814,66689.54815,76146.22565,86750.54401
OECD ENV-Growth 2025,SSP5,1,Djibouti,DJI,USD_2015/yr,GDP|PPP [per capita],ANNUAL,5792.490233,7267.592336,9779.727213,12600.62233,15722.00671,19116.26837,22904.40251,27284.21405,32374.66165,38109.1352,44512.27909,51569.4144,59271.64612,67839.0231,77458.69786,88245.79446
OECD ENV-Growth 2025,SSP5,1,Djibouti,DJI,USD_2017/yr,GDP|PPP [per capita],ANNUAL,5692.758792,7142.463518,9611.346042,12383.67277,15451.31512,18787.13652,22510.04896,26814.45167,31817.25516,37452.99616,43745.89476,50681.52476,58251.14432,66671.01361,76125.06289,86726.43406
OECD ENV-Growth 2025,SSP5,1,Dominican Republic,DOM,USD_2010/yr,GDP|PPP [per capita],ANNUAL,19130.08116,23758.97669,30006.33706,37761.6001,46475.02116,55345.56238,64539.87,74426.27297,85286.4063,97013.7265,109590.4997,122989.1039,137280.8028,152685.5247,169293.1884,187234.3217
OECD ENV-Growth 2025,SSP5,1,Dominican Republic,DOM,USD_2015/yr,GDP|PPP [per capita],ANNUAL,20606.40761,25592.52906,32322.01721,40675.77744,50061.63966,59616.74748,69520.60773,80169.97444,91868.21724,104500.5704,118047.9313,132480.5465,147875.1792,164468.7303,182358.0578,201683.7629
OECD ENV-Growth 2025,SSP5,1,Dominican Republic,DOM,USD_2017/yr,GDP|PPP [per capita],ANNUAL,21428.02227,26612.94938,33610.75436,42297.59409,52057.68757,61993.77479,72292.51982,83366.496,95531.16884,108667.1967,122754.7154,137762.7849,153771.2294,171026.3954,189629.0026,209725.2585
OECD ENV-Growth 2025,SSP5,1,Ecuador,ECU,USD_2010/yr,GDP|PPP [per capita],ANNUAL,9821.503514,10822.69317,12538.20126,15230.26236,18799.74705,22898.45818,27555.31755,32936.81319,39134.67484,46062.05088,53691.1094,61957.9773,70892.79569,80519.1886,90855.74315,101963.0016
OECD ENV-Growth 2025,SSP5,1,Ecuador,ECU,USD_2015/yr,GDP|PPP [per capita],ANNUAL,10388.08638,11447.03266,13261.50498,16108.86569,19884.2668,24219.42437,29144.92863,34836.87198,41392.27585,48719.27834,56788.44196,65532.20892,74982.45908,85164.17932,96097.029,107845.0429
OECD ENV-Growth 2025,SSP5,1,Ecuador,ECU,USD_2017/yr,GDP|PPP [per capita],ANNUAL,11174.98406,12314.14553,14266.06415,17329.11248,21390.50027,26054.04608,31352.65735,37475.76548,44527.74128,52409.7643,61090.16717,70496.27459,80662.38133,91615.367,103376.3802,116014.3063
OECD ENV-Growth 2025,SSP5,1,Egypt,EGY,USD_2010/yr,GDP|PPP [per capita],ANNUAL,12886.24717,16054.16094,21207.91312,28745.23274,38228.41971,48768.00315,60475.72543,73688.75119,88511.18348,104526.108,121917.6207,140808.762,161423.104,183953.8678,208723.2258,235887.0863
OECD ENV-Growth 2025,SSP5,1,Egypt,EGY,USD_2015/yr,GDP|PPP [per capita],ANNUAL,15117.72554,18834.21882,24880.43304,33722.97097,44848.3371,57213.03318,70948.1517,86449.24325,103838.4381,122626.626,143029.7824,165192.2542,189376.3289,215808.6873,244867.2915,276735.0481
OECD ENV-Growth 2025,SSP5,1,Egypt,EGY,USD_2017/yr,GDP|PPP [per capita],ANNUAL,13866.22904,17275.05842,22820.74656,30931.26926,41135.63992,52476.74459,65074.82351,79292.68222,95242.34066,112475.1788,131189.2928,151517.0801,173699.1153,197943.3135,224596.3481,253825.9839
OECD ENV-Growth 2025,SSP5,1,El Salvador,SLV,USD_2010/yr,GDP|PPP [per capita],ANNUAL,8310.460349,9401.204962,11157.24417,14028.04709,18077.517,23034.63814,28968.01968,36049.37961,44445.12985,54131.69642,65123.32789,77128.50894,90171.30484,104414.8998,119908.3692,136612.2811
OECD ENV-Growth 2025,SSP5,1,El Salvador,SLV,USD_2015/yr,GDP|PPP [per capita],ANNUAL,9271.100002,10487.92819,12446.95506,15649.60567,20167.17015,25697.30493,32316.54999,40216.4729,49582.72179,60388.99769,72651.1962,86044.10458,100594.5699,116484.6395,133769.0616,152403.846
OECD ENV-Growth 2025,SSP5,1,El Salvador,SLV,USD_2017/yr,GDP|PPP [per capita],ANNUAL,9934.123256,11237.97298,13337.09977,16768.78813,21609.4265,27535.04918,34627.66994,43092.55629,53128.63302,64707.72036,77846.85071,92197.55371,107788.5964,124815.0453,143335.5638,163303.0159
OECD ENV-Growth 2025,SSP5,1,Equatorial Guinea,GNQ,USD_2010/yr,GDP|PPP [per capita],ANNUAL,11139.07228,9636.268341,10688.14855,12549.94095,15142.31141,18304.71087,22143.1076,26851.98403,32535.589,39053.3243,46519.37967,55042.15596,64701.46452,75611.73939,87930.12714,101914.1568
OECD ENV-Growth 2025,SSP5,1,Equatorial Guinea,GNQ,USD_2015/yr,GDP|PPP [per capita],ANNUAL,9964.456999,8620.12375,9561.083176,11226.54955,13545.55452,16374.47893,19808.11669,24020.44205,29104.71082,34935.15087,41613.91063,49237.96007,57878.69445,67638.48073,78657.89437,91167.30799
OECD ENV-Growth 2025,SSP5,1,Equatorial Guinea,GNQ,USD_2017/yr,GDP|PPP [per capita],ANNUAL,11734.65285,10151.49744,11259.61926,13220.95742,15951.93597,19283.42165,23327.04863,28287.69785,34275.1921,41141.41572,49006.66389,57985.13342,68160.90299,79654.52516,92631.54877,107363.2723
OECD ENV-Growth 2025,SSP5,1,Eritrea,ERI,USD_2010/yr,GDP|PPP [per capita],ANNUAL,1631.713576,1838.62881,2290.34757,3108.1585,4386.338296,6117.553439,8354.278243,11207.37529,14783.25961,19161.0828,24479.14451,30754.24759,38039.33321,46464.02954,56225.52488,67512.436
OECD ENV-Growth 2025,SSP5,1,Eritrea,ERI,USD_2015/yr,GDP|PPP [per capita],ANNUAL,1786.12047,2012.615819,2507.080127,3402.279421,4801.411678,6696.449416,9144.832526,12267.91436,16182.17988,20974.27068,26795.57352,33664.4813,41638.94491,50860.85911,61546.07181,73901.04838
OECD ENV-Growth 2025,SSP5,1,Eritrea,ERI,USD_2017/yr,GDP|PPP [per capita],ANNUAL,1825.701682,2057.216267,2562.638121,3477.675424,4907.813065,6844.84567,9347.486023,12539.77672,16540.78408,21439.06972,27389.37518,34410.50096,42561.68218,51987.95804,62909.95974,75538.728
OECD ENV-Growth 2025,SSP5,1,Estonia,EST,USD_2010/yr,GDP|PPP [per capita],ANNUAL,31470.41259,38626.04898,45592.63035,52186.43416,57360.63231,61381.00737,65327.00441,69892.41999,74966.11629,80171.48606,85320.74791,90325.43837,95200.3142,100001.8242,104738.2641,109391.7764
OECD ENV-Growth 2025,SSP5,1,Estonia,EST,USD_2015/yr,GDP|PPP [per capita],ANNUAL,35591.0045,43683.5672,51562.32089,59019.48721,64871.1712,69417.95579,73880.62364,79043.81385,84781.83676,90668.77384,96492.25648,102152.2382,107665.408,113095.6057,118452.2135,123715.0353
OECD ENV-Growth 2025,SSP5,1,Estonia,EST,USD_2017/yr,GDP|PPP [per capita],ANNUAL,37980.95617,46616.93803,55024.7535,62982.67184,69227.29899,74079.40217,78841.74014,84351.64086,90474.97453,96757.22203,102971.7541,109011.8061,114895.1877,120690.0256,126406.3319,132022.5546
OECD ENV-Growth 2025,SSP5,1,Eswatini,SWZ,USD_2010/yr,GDP|PPP [per capita],ANNUAL,10157.01755,11474.22553,13518.43349,16444.7494,20264.49447,24802.96077,30166.79908,36601.24907,44165.86873,52550.74801,61816.37539,72126.20663,83625.57851,96445.8294,110697.4329,126448.9138
OECD ENV-Growth 2025,SSP5,1,Eswatini,SWZ,USD_2015/yr,GDP|PPP [per capita],ANNUAL,10341.62555,11682.77433,13764.13661,16743.63952,20632.81004,25253.76485,30715.09314,37266.49192,44968.60167,53505.87961,62939.91359,73437.13028,85145.50801,98198.77226,112709.4045,128747.1751
OECD ENV-Growth 2025,SSP5,1,Eswatini,SWZ,USD_2017/yr,GDP|PPP [per capita],ANNUAL,9748.534458,11012.76851,12974.76489,15783.39364,19449.52065,23805.46421,28953.58592,35129.26271,42389.65731,50437.32329,59330.31647,69225.51893,80262.42249,92567.08347,106245.5326,121363.5388
OECD ENV-Growth 2025,SSP5,1,Ethiopia,ETH,USD_2010/yr,GDP|PPP [per capita],ANNUAL,2238.816872,2853.977145,3814.452977,5228.878907,7168.963001,9550.000214,12439.93056,15986.03863,20370.83366,25636.74392,31922.05986,39266.22526,47702.33677,57386.35399,68523.86034,81319.14313
OECD ENV-Growth 2025,SSP5,1,Ethiopia,ETH,USD_2015/yr,GDP|PPP [per capita],ANNUAL,2566.864357,3272.162319,4373.373951,5995.051699,8219.410811,10949.33465,14262.7183,18328.42752,23355.71413,29393.22328,36599.50873,45019.79385,54692.02485,65795.01364,78564.46719,93234.60647
OECD ENV-Growth 2025,SSP5,1,Ethiopia,ETH,USD_2017/yr,GDP|PPP [per capita],ANNUAL,2775.711679,3538.394672,4729.203988,6482.826011,8888.165253,11840.2034,15423.17328,19819.68006,25256.00089,31784.73881,39577.34797,48682.73123,59141.92222,71148.28148,84956.69379,100820.437
OECD ENV-Growth 2025,SSP5,1,Fiji,FJI,USD_2010/yr,GDP|PPP [per capita],ANNUAL,11509.56296,13804.86264,17252.74988,22228.7171,28479.05462,35484.80977,43350.54153,52325.78397,62408.70781,73611.67599,85947.77367,99411.48965,114091.1226,129978.9007,147192.7554,165772.9647
OECD ENV-Growth 2025,SSP5,1,Fiji,FJI,USD_2015/yr,GDP|PPP [per capita],ANNUAL,13978.95373,16766.71276,20954.34841,26997.91547,34589.27053,43098.119,52651.4531,63552.34476,75798.57221,89405.15087,104387.9734,120740.346,138569.5122,157866.0325,178773.1407,201339.7566
OECD ENV-Growth 2025,SSP5,1,Fiji,FJI,USD_2017/yr,GDP|PPP [per capita],ANNUAL,14156.83435,16980.06731,21220.99015,27341.46093,35029.41513,43646.53774,53321.43695,64361.04124,76763.10056,90542.82142,105716.2986,122276.7534,140332.7937,159874.8601,181048.0089,203901.7825
OECD ENV-Growth 2025,SSP5,1,Finland,FIN,USD_2010/yr,GDP|PPP [per capita],ANNUAL,43234.5776,46454.20417,50442.28461,55973.95352,62364.99117,68619.98644,75288.59383,82643.05539,90679.25585,99006.47915,107500.2778,116240.5583,125496.434,135306.8148,145557.5281,156022.008
OECD ENV-Growth 2025,SSP5,1,Finland,FIN,USD_2015/yr,GDP|PPP [per capita],ANNUAL,48006.02699,51580.9776,56009.19012,62151.34441,69247.70901,76193.01734,83597.5848,91763.69858,100686.7892,109933.0206,119364.2109,129069.0852,139346.4568,150239.5297,161621.531,173240.8905
OECD ENV-Growth 2025,SSP5,1,Finland,FIN,USD_2017/yr,GDP|PPP [per capita],ANNUAL,50913.92489,54705.42314,59401.86843,65916.07513,73442.29208,80808.30275,88661.39151,97322.15621,106785.7506,116592.0595,126594.5309,136887.2644,147787.1734,159340.0789,171411.5291,183734.715
OECD ENV-Growth 2025,SSP5,1,France,FRA,USD_2010/yr,GDP|PPP [per capita],ANNUAL,41966.62452,44793.48435,48296.1522,53053.12664,58718.89356,64688.72093,71104.58131,78155.10626,85861.0228,94013.52315,102549.9645,111527.8908,121069.7629,131291.9417,142086.234,153330.3545
OECD ENV-Growth 2025,SSP5,1,France,FRA,USD_2015/yr,GDP|PPP [per capita],ANNUAL,46428.10992,49555.49413,53430.53173,58693.22167,64961.3181,71565.79974,78663.73231,86463.80084,94988.93586,104008.1312,113452.0844,123384.4569,133940.7285,145249.6305,157191.4674,169630.954
OECD ENV-Growth 2025,SSP5,1,France,FRA,USD_2017/yr,GDP|PPP [per capita],ANNUAL,49263.88705,52582.2884,56694.00897,62278.13813,68929.08289,75936.9589,83468.42527,91744.91329,100790.754,110360.8317,120381.611,130920.6418,142121.6787,154121.3158,166792.5468,179991.8233
OECD ENV-Growth 2025,SSP5,1,French Guiana,GUF,USD_2017/yr,GDP|PPP [per capita],ANNUAL,49664.63386,51900.03394,56167.36739,62413.07123,70187.90544,78852.05232,88606.41449,99927.87002,113083.0148,127751.6595,143917.8824,161289.1235,179953.2661,200190.3332,222427.6997,246869.3367
OECD ENV-Growth 2025,SSP5,1,French Polynesia,PYF,USD_2017/yr,GDP|PPP [per capita],ANNUAL,17543.61246,20210.15243,24260.79944,30129.22622,37464.08556,45386.8378,54085.6532,63936.05532,75054.93717,87365.62274,100888.4074,115813.6195,132279.6743,150449.5307,170395.0967,192212.6233
OECD ENV-Growth 2025,SSP5,1,Gabon,GAB,USD_2010/yr,GDP|PPP [per capita],ANNUAL,14751.1496,15754.05749,18125.50722,21173.15374,24778.47871,28683.42783,33041.35431,38120.08688,44074.92544,50792.43651,58240.82505,66351.91243,75156.78875,84773.20515,95371.98354,107092.3999
OECD ENV-Growth 2025,SSP5,1,Gabon,GAB,USD_2015/yr,GDP|PPP [per capita],ANNUAL,13581.48118,14504.86512,16688.2746,19494.26295,22813.70953,26409.02206,30421.39385,35097.41658,40580.0759,46764.93286,53622.71354,61090.64543,69197.3534,78051.2517,87809.6172,98600.68221
OECD ENV-Growth 2025,SSP5,1,Gabon,GAB,USD_2017/yr,GDP|PPP [per capita],ANNUAL,14330.65939,15304.97881,17608.82896,20569.60052,24072.15358,27865.78982,32099.49105,37033.45135,42818.54373,49344.56819,56580.63603,64460.51208,73014.40022,82356.695,92653.34897,104039.668
OECD ENV-Growth 2025,SSP5,1,Gambia,GMB,USD_2010/yr,GDP|PPP [per capita],ANNUAL,2512.906354,2993.454233,3815.719366,4963.772146,6515.984382,8444.13824,10802.47524,13720.60085,17288.83599,21583.59905,26688.88559,32643.31723,39503.73945,47404.24822,56488.64257,66955.52473
OECD ENV-Growth 2025,SSP5,1,Gambia,GMB,USD_2015/yr,GDP|PPP [per capita],ANNUAL,2431.327103,2896.274426,3691.845459,4802.627734,6304.448792,8170.006864,10451.78257,13275.17384,16727.56943,20882.90686,25822.45485,31583.58121,38221.28597,45865.31181,54654.78944,64781.87366
OECD ENV-Growth 2025,SSP5,1,Gambia,GMB,USD_2017/yr,GDP|PPP [per capita],ANNUAL,2421.611597,2884.701005,3677.092962,4783.436587,6279.256415,8137.359777,10410.01757,13222.12667,16660.7266,20799.45943,25719.26914,31457.37422,38068.55493,45682.03548,54436.39064,64523.00736
OECD ENV-Growth 2025,SSP5,1,Georgia,GEO,USD_2010/yr,GDP|PPP [per capita],ANNUAL,15905.68141,22726.63068,33028.01283,44320.07443,54096.40266,61621.23857,68164.82163,74734.04309,81428.51151,87886.54762,94219.58018,100617.8427,107328.3422,114514.716,122213.5392,130436.7521
OECD ENV-Growth 2025,SSP5,1,Georgia,GEO,USD_2015/yr,GDP|PPP [per capita],ANNUAL,19598.46661,28003.01987,40696.05005,54609.76342,66655.83913,75927.69876,83990.49033,92084.87271,100333.5804,108290.9637,116094.3218,123978.0541,132246.5148,141101.3322,150587.5735,160719.9506
OECD ENV-Growth 2025,SSP5,1,Georgia,GEO,USD_2017/yr,GDP|PPP [per capita],ANNUAL,20437.01789,29201.1732,42437.29468,56946.32821,69507.81425,79176.38501,87584.15582,96024.86912,104626.5107,112924.3633,121061.6003,129282.6505,137904.8903,147138.5751,157030.7001,167596.607
OECD ENV-Growth 2025,SSP5,1,Germany,DEU,USD_2010/yr,GDP|PPP [per capita],ANNUAL,45551.66878,47945.72748,51903.04156,57892.50599,65077.43023,72257.07763,79539.91183,87244.15104,95573.35288,104306.8437,113282.9793,122378.1563,131575.3921,140962.3017,150537.3844,160217.8908
OECD ENV-Growth 2025,SSP5,1,Germany,DEU,USD_2015/yr,GDP|PPP [per capita],ANNUAL,51153.07229,53841.52392,58285.46151,65011.43917,73079.88011,81142.39532,89320.78602,97972.40111,107325.8293,117133.2612,127213.1754,137426.7692,147754.972,158296.1723,169048.685,179919.5852
OECD ENV-Growth 2025,SSP5,1,Germany,DEU,USD_2017/yr,GDP|PPP [per capita],ANNUAL,54969.61248,57858.64998,62634.15058,69861.95468,78532.3835,87196.44445,95985.02641,105282.1401,115333.4293,125872.5955,136704.574,147680.2059,158778.9978,170106.6791,181661.4387,193343.4188
OECD ENV-Growth 2025,SSP5,1,Ghana,GHA,USD_2010/yr,GDP|PPP [per capita],ANNUAL,5918.909454,7029.736762,8706.304837,11051.43108,14106.00504,17706.46937,21983.47078,27141.75317,33360.33143,40557.76455,48837.30813,58274.97419,69007.39205,81215.81286,95086.61186,110795.7174
OECD ENV-Growth 2025,SSP5,1,Ghana,GHA,USD_2015/yr,GDP|PPP [per capita],ANNUAL,6145.071742,7298.343904,9038.973859,11473.70768,14644.9973,18383.03583,22823.46202,28178.84304,34635.03397,42107.48193,50703.38793,60501.66842,71644.17333,84319.07946,98719.88347,115029.2359
OECD ENV-Growth 2025,SSP5,1,Ghana,GHA,USD_2017/yr,GDP|PPP [per capita],ANNUAL,5649.819835,6710.145932,8310.492691,10549.00316,13464.70793,16901.48542,20984.04279,25907.81572,31843.68061,38713.89897,46617.03213,55625.63638,65870.12952,77523.52253,90763.71752,105758.6446
OECD ENV-Growth 2025,SSP5,1,Greece,GRC,USD_2010/yr,GDP|PPP [per capita],ANNUAL,28434.57085,31841.73481,35610.01442,40622.7133,46201.21388,51752.45662,57560.89038,63776.2945,70437.94579,77282.34671,84189.05472,91100.94587,98073.88849,105179.2999,112457.6745,119900.7844
OECD ENV-Growth 2025,SSP5,1,Greece,GRC,USD_2015/yr,GDP|PPP [per capita],ANNUAL,32502.45322,36397.04997,40704.42398,46434.24533,52810.8126,59156.22251,65795.61748,72900.20444,80514.87922,88338.448,96233.23759,104133.9518,112104.4516,120226.3714,128545.9986,137053.9284
OECD ENV-Growth 2025,SSP5,1,Greece,GRC,USD_2017/yr,GDP|PPP [per capita],ANNUAL,34324.3557,38437.26137,42986.08224,49037.08475,55771.08608,62472.18354,69483.74519,76986.57485,85028.08494,93290.19844,101627.525,109971.1083,118388.3889,126965.5773,135751.5554,144736.3913
OECD ENV-Growth 2025,SSP5,1,Grenada,GRD,USD_2010/yr,GDP|PPP [per capita],ANNUAL,12983.3636,15077.8527,18506.43977,23532.23556,29718.78869,36345.40278,43584.70871,51942.50222,61610.68036,72291.76622,83947.18154,96688.08848,110711.0597,126198.5667,143185.6881,161694.0636
OECD ENV-Growth 2025,SSP5,1,Grenada,GRD,USD_2015/yr,GDP|PPP [per capita],ANNUAL,14980.12843,17396.73761,21352.62118,27151.35474,34289.36329,41935.11159,50287.78012,59930.95303,71086.04,83409.81393,96857.76346,111558.1468,127737.7684,145607.1628,165206.8033,186561.6579
OECD ENV-Growth 2025,SSP5,1,Grenada,GRD,USD_2017/yr,GDP|PPP [per capita],ANNUAL,16030.03136,18616.01193,22849.14904,29054.29483,36692.58055,44874.19165,53812.26846,64131.29642,76068.20302,89255.70563,103646.1732,119376.8532,136690.4458,155812.2413,176785.5496,199637.0887
OECD ENV-Growth 2025,SSP5,1,Guam,GUM,USD_2017/yr,GDP|PPP [per capita],ANNUAL,37485.61137,45636.63427,55419.36802,66877.11707,79050.61468,91144.11677,103401.7218,116367.5998,130109.6736,144451.3123,159357.9636,175086.1158,191861.9969,210083.9323,229931.7468,251602.8879
OECD ENV-Growth 2025,SSP5,1,Guatemala,GTM,USD_2010/yr,GDP|PPP [per capita],ANNUAL,8664.850165,9917.781949,11835.84058,14656.41166,18362.15239,22712.90866,27733.41509,33537.97361,40155.02809,47462.17844,55531.60378,64307.68366,73768.7399,84035.59258,95186.27652,107265.0253
OECD ENV-Growth 2025,SSP5,1,Guatemala,GTM,USD_2015/yr,GDP|PPP [per capita],ANNUAL,9568.023608,10951.55369,13069.53956,16184.11053,20276.11605,25080.36978,30624.18453,37033.77637,44340.55402,52409.3591,61319.89427,71010.74153,81457.96309,92794.97261,105107.9388,118445.7059
OECD ENV-Growth 2025,SSP5,1,Guatemala,GTM,USD_2017/yr,GDP|PPP [per capita],ANNUAL,9487.813632,10859.74541,12959.97593,16048.43704,20106.13876,24870.11781,30367.45804,36723.31745,43968.84143,51970.00468,60805.84169,70415.44932,80775.09047,92017.06038,104226.8054,117452.7603
OECD ENV-Growth 2025,SSP5,1,Guinea,GIN,USD_2010/yr,GDP|PPP [per capita],ANNUAL,2686.135009,3260.703546,4249.014219,5764.642317,7906.687267,10630.63153,13984.88208,18124.15708,23202.65098,29261.74929,36448.95802,44752.15975,54309.19435,65246.49739,77773.73202,92089.57791
OECD ENV-Growth 2025,SSP5,1,Guinea,GIN,USD_2015/yr,GDP|PPP [per capita],ANNUAL,2647.601526,3213.92769,4188.060724,5681.946642,7793.263259,10478.13165,13784.26438,17864.16013,22869.80138,28841.97995,35926.08583,44110.17542,53530.11124,64310.5151,76658.04246,90768.52288
OECD ENV-Growth 2025,SSP5,1,Guinea,GIN,USD_2017/yr,GDP|PPP [per capita],ANNUAL,3038.438969,3688.365881,4806.299884,6520.712399,8943.700383,12024.90753,15819.08971,20501.25737,26245.82855,33099.61675,41229.47434,50621.69462,61432.19605,73803.99705,87974.25943,104167.721
OECD ENV-Growth 2025,SSP5,1,Guinea-Bissau,GNB,USD_2010/yr,GDP|PPP [per capita],ANNUAL,1765.962229,2064.7313,2518.062386,3209.560998,4199.751859,5473.866203,7087.07174,9134.239294,11702.33206,14861.28822,18685.12795,23234.64467,28573.39324,34830.77026,42154.46717,50711.80462
OECD ENV-Growth 2025,SSP5,1,Guinea-Bissau,GNB,USD_2015/yr,GDP|PPP [per capita],ANNUAL,2136.415583,2497.858704,3046.286966,3882.844162,5080.751541,6622.142231,8573.756706,11050.36724,14157.17967,17978.8034,22604.78614,28108.67419,34567.3546,42137.36802,50997.38776,61349.83402
OECD ENV-Growth 2025,SSP5,1,Guinea-Bissau,GNB,USD_2017/yr,GDP|PPP [per capita],ANNUAL,2432.072965,2843.536001,3467.86095,4420.188838,5783.873963,7538.576867,9760.274199,12579.62151,16116.38401,20466.88016,25733.05011,31998.61821,39351.11187,47968.73529,58054.88831,69840.00394
OECD ENV-Growth 2025,SSP5,1,Guyana,GUY,USD_2010/yr,GDP|PPP [per capita],ANNUAL,63082.16054,137211.4145,235539.8507,325945.2316,366776.8924,369769.2423,357127.1115,341510.5438,327210.1891,315327.7371,305748.3171,298281.6503,293155.2586,290402.2263,289825.2177,291126.875
OECD ENV-Growth 2025,SSP5,1,Guyana,GUY,USD_2015/yr,GDP|PPP [per capita],ANNUAL,73301.78414,159440.3458,273698.4775,378749.9795,426196.5723,429673.6977,414983.4789,396836.9496,380219.8664,366412.3981,355281.0643,346604.7605,340647.8678,337448.8306,336778.3437,338290.876
OECD ENV-Growth 2025,SSP5,1,Guyana,GUY,USD_2017/yr,GDP|PPP [per capita],ANNUAL,73717.10632,160343.7223,275249.2316,380895.9472,428611.3687,432108.1953,417334.7429,399085.3967,382374.1624,368488.4621,357294.0591,348568.596,342577.952,339360.7893,338686.5035,340207.6056
OECD ENV-Growth 2025,SSP5,1,Haiti,HTI,USD_2010/yr,GDP|PPP [per capita],ANNUAL,2493.960253,2665.421453,3348.971929,4622.335671,6681.406389,9538.05922,13361.71895,18441.03648,25068.65755,33291.66333,43312.25376,55249.0207,69280.12189,85696.81589,104808.4471,126833.7108
OECD ENV-Growth 2025,SSP5,1,Haiti,HTI,USD_2015/yr,GDP|PPP [per capita],ANNUAL,2546.020739,2721.061128,3418.880464,4718.825197,6820.878245,9737.162634,13640.63983,18825.98621,25591.95639,33986.61433,44216.38083,56402.32331,70726.31849,87485.70483,106996.2842,129481.3171
OECD ENV-Growth 2025,SSP5,1,Haiti,HTI,USD_2017/yr,GDP|PPP [per capita],ANNUAL,2724.966569,2912.309586,3659.174815,5050.485532,7300.280356,10421.53438,14599.36557,20149.1615,27390.6746,36375.347,47324.10766,60366.53318,75697.2834,93634.59505,114516.466,138581.8485
OECD ENV-Growth 2025,SSP5,1,Honduras,HND,USD_2010/yr,GDP|PPP [per capita],ANNUAL,4694.200725,5367.497866,6548.363331,8549.084029,11467.18872,15156.45423,19682.85595,25206.99753,31878.26082,39786.64217,48907.3815,59100.3867,70324.25056,82651.07923,96144.14324,110857.3845
OECD ENV-Growth 2025,SSP5,1,Honduras,HND,USD_2015/yr,GDP|PPP [per capita],ANNUAL,5519.643123,6311.334862,7699.847269,10052.38072,13483.61373,17821.6108,23143.94864,29639.47192,37483.83024,46782.8452,57507.40281,69492.77675,82690.27865,97184.69402,113050.419,130350.881
OECD ENV-Growth 2025,SSP5,1,Honduras,HND,USD_2017/yr,GDP|PPP [per capita],ANNUAL,6045.558334,6912.68298,8433.493758,11010.17814,14768.34128,19519.66554,25349.11922,32463.54021,41055.31413,51240.34532,62986.7458,76114.09402,90569.06254,106444.5153,123821.937,142770.7983
OECD ENV-Growth 2025,SSP5,1,Hong Kong,HKG,USD_2010/yr,GDP|PPP [per capita],ANNUAL,60348.37768,67236.45166,72884.58946,76194.92544,78101.55048,79292.26717,80651.14208,82681.67853,85769.20663,89522.9271,93783.84292,98310.57731,103228.3366,108720.5285,114904.8599,121793.1758
OECD ENV-Growth 2025,SSP5,1,Hong Kong,HKG,USD_2015/yr,GDP|PPP [per capita],ANNUAL,62123.12239,69213.76309,75028.00316,78435.69058,80398.38626,81624.11994,83022.95708,85113.20821,88291.53534,92155.64644,96541.86866,101201.7267,106264.1091,111917.8172,118284.0193,125374.9092
OECD ENV-Growth 2025,SSP5,1,Hong Kong,HKG,USD_2017/yr,GDP|PPP [per capita],ANNUAL,63014.65371,70207.05246,76104.73292,79561.32419,81552.1866,82795.51082,84214.42273,86334.67114,89558.61057,93478.17567,97927.34473,102654.0766,107789.1094,113523.9541,119981.5178,127174.1693
OECD ENV-Growth 2025,SSP5,1,Hungary,HUN,USD_2010/yr,GDP|PPP [per capita],ANNUAL,33014.34383,38258.7501,44377.11674,50913.18377,57217.09753,62953.23323,68512.48078,74317.20306,80565.49904,87119.81185,93796.16497,100431.7786,106969.0298,113447.913,119922.1413,126396.8644
OECD ENV-Growth 2025,SSP5,1,Hungary,HUN,USD_2015/yr,GDP|PPP [per capita],ANNUAL,36183.92955,41931.83197,48637.60049,55801.17127,62710.3006,68997.14158,75090.11205,81452.12436,88300.29626,95483.86452,102801.1898,110073.8642,117238.7328,124339.6299,131435.425,138531.7625
OECD ENV-Growth 2025,SSP5,1,Hungary,HUN,USD_2017/yr,GDP|PPP [per capita],ANNUAL,37162.45412,43065.79748,49952.91057,57310.20631,64406.17972,70863.03619,77120.77929,83654.83995,90688.20745,98066.04146,105581.2496,113050.5996,120409.2282,127702.1553,134989.8426,142278.0868
OECD ENV-Growth 2025,SSP5,1,Iceland,ISL,USD_2010/yr,GDP|PPP [per capita],ANNUAL,51732.92282,57673.25025,65528.49618,74890.16969,84248.16302,92413.09482,100085.7289,107995.6456,116400.6532,124986.8864,133572.3836,142123.7698,150759.3699,159600.2986,168441.8945,177009.3537
OECD ENV-Growth 2025,SSP5,1,Iceland,ISL,USD_2015/yr,GDP|PPP [per capita],ANNUAL,58245.36359,64933.49394,73777.60385,84317.77919,94853.81107,104046.5919,112685.1017,121590.7647,131053.8434,140720.9615,150387.251,160015.1353,169737.8349,179691.7111,189646.3385,199292.3192
OECD ENV-Growth 2025,SSP5,1,Iceland,ISL,USD_2017/yr,GDP|PPP [per capita],ANNUAL,61728.1262,68816.17113,78189.11172,89359.53342,100525.5639,110268.0241,119423.0707,128861.245,138890.1654,149135.3257,159379.6079,169583.1884,179887.2536,190436.3186,200986.1797,211208.9387
OECD ENV-Growth 2025,SSP5,1,India,IND,USD_2010/yr,GDP|PPP [per capita],ANNUAL,8054.975955,10415.74398,13515.90061,17606.08153,22514.94485,27855.84896,33719.58028,40328.86946,47794.17933,55961.59832,64854.47217,74351.27546,84446.3711,95182.09667,106592.253,118699.9313
OECD ENV-Growth 2025,SSP5,1,India,IND,USD_2015/yr,GDP|PPP [per capita],ANNUAL,8199.895515,10603.13685,13759.06935,17922.83798,22920.01818,28357.01214,34326.23965,41054.4386,48654.05916,56968.42071,66021.289,75688.95221,85965.67183,96894.54716,108509.9872,120835.4984
OECD ENV-Growth 2025,SSP5,1,India,IND,USD_2017/yr,GDP|PPP [per capita],ANNUAL,8172.770091,10568.06145,13713.55407,17863.54886,22844.19828,28263.20656,34212.68774,40918.62967,48493.11053,56779.968,65802.88921,75438.5716,85681.29561,96574.01799,108151.0339,120435.772
OECD ENV-Growth 2025,SSP5,1,Indonesia,IDN,USD_2010/yr,GDP|PPP [per capita],ANNUAL,14508.13303,17648.16849,21695.27138,26939.28283,32859.4837,38778.72553,44980.03352,51683.63839,58918.517,66656.47574,74858.24352,83463.08811,92478.49841,101908.0516,111752.1834,121989.4853
OECD ENV-Growth 2025,SSP5,1,Indonesia,IDN,USD_2015/yr,GDP|PPP [per capita],ANNUAL,14268.95979,17357.23032,21337.61486,26495.17637,32317.78001,38139.44042,44238.517,50831.60986,57947.21818,65557.61311,73624.17098,82087.16076,90953.94788,100228.0505,109909.8974,119978.4326
OECD ENV-Growth 2025,SSP5,1,Indonesia,IDN,USD_2017/yr,GDP|PPP [per capita],ANNUAL,14133.02832,17191.87883,21134.34473,26242.77338,32009.90871,37776.1098,43817.08428,50347.36887,57395.19123,64933.08668,72922.7995,81305.16766,90087.48643,99273.2405,108862.8544,118835.473
OECD ENV-Growth 2025,SSP5,1,Iran,IRN,USD_2010/yr,GDP|PPP [per capita],ANNUAL,19746.99388,21131.59627,23390.53376,26189.02309,29628.69035,33337.79564,37409.00339,42230.04979,47936.49991,54191.31486,60944.44269,68260.9046,76231.64044,84924.93342,94339.79784,104463.4251
OECD ENV-Growth 2025,SSP5,1,Iran,IRN,USD_2015/yr,GDP|PPP [per capita],ANNUAL,16038.71443,17163.30295,18998.03554,21270.99777,24064.7314,27077.30541,30383.98282,34299.687,38934.52532,44014.75128,49499.71215,55442.21884,61916.13365,68976.9169,76623.768,84846.28364
OECD ENV-Growth 2025,SSP5,1,Iran,IRN,USD_2017/yr,GDP|PPP [per capita],ANNUAL,16250.34265,17389.76992,19248.71151,21551.6651,24382.26159,27434.58602,30784.8945,34752.26576,39448.26001,44595.51872,50152.85275,56173.76985,62733.1069,69887.05603,77634.80608,85965.81646
OECD ENV-Growth 2025,SSP5,1,Iraq,IRQ,USD_2010/yr,GDP|PPP [per capita],ANNUAL,13393.80498,14272.72805,17680.46055,25587.33679,35669.99717,46676.40115,58473.11593,71401.58981,85688.84486,101169.2748,117762.4704,135319.6243,153975.5435,174020.4028,195722.6117,219515.3804
OECD ENV-Growth 2025,SSP5,1,Iraq,IRQ,USD_2015/yr,GDP|PPP [per capita],ANNUAL,9604.640771,10234.91277,12678.5833,18348.57073,25578.80375,33471.44938,41930.82353,51201.77734,61447.10736,72548.05802,84446.96829,97037.12891,110415.2094,124789.2931,140351.8551,157413.5486
OECD ENV-Growth 2025,SSP5,1,Iraq,IRQ,USD_2017/yr,GDP|PPP [per capita],ANNUAL,9469.501515,10090.90546,12500.19305,18090.4026,25218.90476,33000.49925,41340.84829,50481.35788,60582.53402,71527.29203,83258.78221,95671.7967,108861.6449,123033.4823,138377.0758,155198.7078
OECD ENV-Growth 2025,SSP5,1,Ireland,IRL,USD_2010/yr,GDP|PPP [per capita],ANNUAL,93914.73888,102251.7257,111887.3383,125259.8332,142617.8624,162267.2163,182687.9826,204005.6925,226064.4003,247715.9753,268441.2661,288325.5926,307935.8896,327640.2637,347310.9482,367079.636
OECD ENV-Growth 2025,SSP5,1,Ireland,IRL,USD_2015/yr,GDP|PPP [per capita],ANNUAL,114028.1008,124150.5884,135849.8235,152086.2547,173161.7868,197019.368,221813.572,247696.8147,274479.7519,300768.3623,325932.3097,350075.1867,373885.3463,397809.7311,421693.2112,445695.6836
OECD ENV-Growth 2025,SSP5,1,Ireland,IRL,USD_2017/yr,GDP|PPP [per capita],ANNUAL,116666.1559,127022.8286,138992.727,155604.7902,177167.9076,201577.437,226945.2582,253427.3131,280829.8771,307726.678,333472.7966,358174.2222,382535.233,407013.1116,431449.1392,456006.9119
OECD ENV-Growth 2025,SSP5,1,Israel,ISR,USD_2010/yr,GDP|PPP [per capita],ANNUAL,42090.95774,46990.02723,53212.01044,60915.13766,69222.13037,77008.36019,85159.80023,94177.81469,104141.1753,114709.0928,125702.9507,137005.6136,148684.4469,160876.3649,173657.7308,187027.9972
OECD ENV-Growth 2025,SSP5,1,Israel,ISR,USD_2015/yr,GDP|PPP [per capita],ANNUAL,46906.95252,52366.56743,59300.46218,67884.97159,77142.44002,85819.56053,94903.67816,104953.5226,116056.8785,127833.9638,140085.7252,152681.6247,165696.7355,179283.6375,193527.4314,208427.5069
OECD ENV-Growth 2025,SSP5,1,Israel,ISR,USD_2017/yr,GDP|PPP [per capita],ANNUAL,49218.13784,54946.75725,62222.29679,71229.77958,80943.37923,90048.03622,99579.74377,110124.7611,121775.1983,134132.5606,146987.9871,160204.508,173860.8955,188117.2472,203062.857,218697.0847
OECD ENV-Growth 2025,SSP5,1,Italy,ITA,USD_2010/yr,GDP|PPP [per capita],ANNUAL,37454.35656,39515.17098,43071.9961,47975.12641,53900.32221,60018.25503,66480.1461,73414.04129,80941.12322,88811.04632,96812.84248,104878.7031,113122.5635,121621.5166,130433.0326,139504.8015
OECD ENV-Growth 2025,SSP5,1,Italy,ITA,USD_2015/yr,GDP|PPP [per capita],ANNUAL,41671.39307,43964.23736,47921.53022,53376.71059,59969.03218,66775.7913,73965.2354,81679.82719,90054.39343,98810.40179,107713.131,116687.1378,125859.1855,135315.0471,145118.6636,155211.8352
OECD ENV-Growth 2025,SSP5,1,Italy,ITA,USD_2017/yr,GDP|PPP [per capita],ANNUAL,45451.99948,47952.86038,52269.17572,58219.27331,65409.67841,72833.97573,80675.67685,89090.16929,98224.51188,107774.9026,117485.3254,127273.4923,137277.6673,147591.405,158284.4474,169293.3145
OECD ENV-Growth 2025,SSP5,1,Jamaica,JAM,USD_2010/yr,GDP|PPP [per capita],ANNUAL,8865.992983,9657.57416,11097.16301,13675.45662,17351.38428,21750.5921,26942.41618,33166.62107,40535.57707,49036.56044,58681.96666,69411.31855,81286.92738,94357.88759,108660.1759,124305.7713
OECD ENV-Growth 2025,SSP5,1,Jamaica,JAM,USD_2015/yr,GDP|PPP [per capita],ANNUAL,9860.904101,10741.31378,12342.44833,15210.06914,19298.49671,24191.36844,29965.80109,36888.46476,45084.33955,54539.27393,65267.05433,77200.41703,90408.66568,104946.4039,120853.6456,138254.9357
OECD ENV-Growth 2025,SSP5,1,Jamaica,JAM,USD_2017/yr,GDP|PPP [per capita],ANNUAL,10645.31476,11595.75887,13324.25973,16419.99273,20833.64465,26115.73229,32349.50685,39822.85139,48670.68786,58877.739,70458.88795,83341.5203,97600.45263,113294.6322,130467.2558,149252.7758
OECD ENV-Growth 2025,SSP5,1,Japan,JPN,USD_2010/yr,GDP|PPP [per capita],ANNUAL,41068.04191,43806.14937,48646.92672,55322.39228,63371.43109,71571.97105,79751.06749,88104.11615,96934.54806,106289.1014,116145.8866,126423.6471,137035.6139,147913.0451,159022.8634,170450.5404
OECD ENV-Growth 2025,SSP5,1,Japan,JPN,USD_2015/yr,GDP|PPP [per capita],ANNUAL,44790.08873,47776.35421,53055.85713,60336.3283,69114.86133,78058.62624,86979.00419,96089.09985,105719.8446,115922.2126,126672.3302,137881.5767,149455.319,161318.5851,173435.2998,185898.6812
OECD ENV-Growth 2025,SSP5,1,Japan,JPN,USD_2017/yr,GDP|PPP [per capita],ANNUAL,44246.34539,47196.35817,52411.7689,59603.8565,68275.81978,77111.00905,85923.09527,94922.59607,104436.4254,114514.9385,125134.5517,136207.72,147640.9593,159360.2075,171329.8276,183641.9058
OECD ENV-Growth 2025,SSP5,1,Jordan,JOR,USD_2010/yr,GDP|PPP [per capita],ANNUAL,8019.131542,8578.211326,9701.755755,11656.08078,14370.6317,17644.84601,21490.06022,26014.83931,31199.87626,36988.54955,43342.635,50322.51894,58006.68547,66454.95814,75703.25899,85805.67735
OECD ENV-Growth 2025,SSP5,1,Jordan,JOR,USD_2015/yr,GDP|PPP [per capita],ANNUAL,8944.548097,9568.1463,10821.34899,13001.20525,16029.01833,19681.08055,23970.03669,29016.98024,34800.37613,41257.06865,48344.42252,56129.7927,64700.72045,74123.93303,84439.49792,95707.74642
OECD ENV-Growth 2025,SSP5,1,Jordan,JOR,USD_2017/yr,GDP|PPP [per capita],ANNUAL,9597.267883,10266.37256,11611.02651,13949.95569,17198.72051,21117.28845,25719.22704,31134.46644,37339.90007,44267.76351,51872.31021,60225.81028,69422.19323,79533.05568,90601.38899,102691.9271
OECD ENV-Growth 2025,SSP5,1,Kazakhstan,KAZ,USD_2010/yr,GDP|PPP [per capita],ANNUAL,27142.14185,30493.38548,35448.47409,41423.74316,47644.60037,53576.28732,59833.58879,67052.23886,75477.36501,84925.12558,95205.14027,106387.682,118732.3239,132463.0167,147742.2918,164689.7091
OECD ENV-Growth 2025,SSP5,1,Kazakhstan,KAZ,USD_2015/yr,GDP|PPP [per capita],ANNUAL,28008.92887,31467.19481,36580.52467,42746.61456,49166.13547,55287.25144,61744.38046,69193.55884,77887.74224,87637.218,98245.52599,109785.1833,122524.0526,136693.2365,152460.4567,169949.0915
OECD ENV-Growth 2025,SSP5,1,Kazakhstan,KAZ,USD_2017/yr,GDP|PPP [per capita],ANNUAL,29409.52825,33040.72636,38409.75064,44884.17869,51624.71069,58051.91588,64831.93661,72653.61458,81782.55463,92019.5574,103158.3387,115275.0419,128650.9242,143528.6446,160084.312,178447.474
OECD ENV-Growth 2025,SSP5,1,Kenya,KEN,USD_2010/yr,GDP|PPP [per capita],ANNUAL,3816.449382,4563.241865,5629.072904,7160.630273,9212.502073,11665.40015,14589.35357,18090.3874,22283.56627,27154.61259,32763.25929,39140.62277,46363.41318,54524.30051,63781.56594,74281.98148
OECD ENV-Growth 2025,SSP5,1,Kenya,KEN,USD_2015/yr,GDP|PPP [per capita],ANNUAL,4882.220903,5837.560671,7201.032856,9160.288869,11785.16094,14923.04881,18663.53771,23142.26094,28506.41581,34737.73759,41912.64008,50070.92916,59310.73683,69750.61189,81593.03668,95025.77038
OECD ENV-Growth 2025,SSP5,1,Kenya,KEN,USD_2017/yr,GDP|PPP [per capita],ANNUAL,5402.384048,6459.507933,7968.247609,10136.2473,13040.77934,16512.98507,20651.99433,25607.89113,31543.55551,38438.77677,46378.11002,55405.60215,65629.84038,77182.00395,90286.14818,105150.0365
OECD ENV-Growth 2025,SSP5,1,Kiribati,KIR,USD_2010/yr,GDP|PPP [per capita],ANNUAL,1654.545814,1811.258953,2384.454085,3578.064446,5643.944248,8666.840157,12973.27772,19169.4798,27880.30701,39624.24229,54878.02975,74036.11785,97737.16693,126968.1595,162633.0898,205468.9005
OECD ENV-Growth 2025,SSP5,1,Kiribati,KIR,USD_2015/yr,GDP|PPP [per capita],ANNUAL,1804.478125,1975.392359,2600.529523,3902.302957,6155.389502,9452.215431,14148.89552,20906.58758,30406.7761,43214.92812,59850.98955,80745.15313,106593.9536,138473.8123,177370.6418,224088.1656
OECD ENV-Growth 2025,SSP5,1,Kiribati,KIR,USD_2017/yr,GDP|PPP [per capita],ANNUAL,1858.88777,2034.955507,2678.94216,4019.967403,6340.990288,9737.223977,14575.52102,21536.97483,31323.61841,44517.96908,61655.65043,83179.82665,109808.0348,142649.153,182718.8217,230844.9987
OECD ENV-Growth 2025,SSP5,1,Kosovo,XKX,USD_2010/yr,GDP|PPP [per capita],ANNUAL,13171.62661,15483.59109,18355.72123,21668.64154,25074.00521,28334.15744,31710.17404,35388.74064,39512.03084,44136.4535,49154.89221,54600.14215,60568.80152,67204.06542,74583.36448,82819.67584
OECD ENV-Growth 2025,SSP5,1,Kosovo,XKX,USD_2015/yr,GDP|PPP [per capita],ANNUAL,13770.8329,16187.97374,19190.76341,22654.39575,26214.67691,29623.14064,33152.73968,36998.65237,41309.52012,46144.31794,51391.05647,57084.02282,63324.20965,70261.32632,77976.32594,86587.32523
OECD ENV-Growth 2025,SSP5,1,Kosovo,XKX,USD_2017/yr,GDP|PPP [per capita],ANNUAL,13900.44061,16340.33099,19371.38217,22867.61338,26461.40303,29901.94639,33464.76515,37346.87463,41698.31521,46578.61697,51874.73652,57621.28367,63920.20161,70922.60872,78710.22003,87402.26394
OECD ENV-Growth 2025,SSP5,1,Kuwait,KWT,USD_2010/yr,GDP|PPP [per capita],ANNUAL,59625.71066,63630.97689,70060.47227,78513.89073,87833.93568,97925.28259,108974.5253,121409.3765,134955.0289,148760.3425,163616.4845,179369.8525,196137.6312,214218.0372,233851.821,255410.6069
OECD ENV-Growth 2025,SSP5,1,Kuwait,KWT,USD_2015/yr,GDP|PPP [per capita],ANNUAL,41040.79478,43797.64761,48223.11437,54041.66158,60456.71387,67402.65872,75007.92994,83566.92525,92890.49276,102392.787,112618.3737,123461.5273,135002.907,147447.7772,160961.8483,175800.9118
OECD ENV-Growth 2025,SSP5,1,Kuwait,KWT,USD_2017/yr,GDP|PPP [per capita],ANNUAL,47704.27038,50908.73203,56052.72751,62815.9871,70272.6017,78346.30574,87186.38588,97135.03888,107972.4018,119017.5098,130903.3457,143507.0182,156922.2822,171387.7294,187095.9755,204344.3426
OECD ENV-Growth 2025,SSP5,1,Kyrgyzstan,KGZ,USD_2010/yr,GDP|PPP [per capita],ANNUAL,4266.896984,4969.513975,6078.306181,7666.422489,9669.441064,11954.2234,14599.32878,17722.63353,21382.02252,25561.57794,30250.68518,35496.29993,41388.55194,48053.15874,55535.43337,63875.7106
OECD ENV-Growth 2025,SSP5,1,Kyrgyzstan,KGZ,USD_2015/yr,GDP|PPP [per capita],ANNUAL,5022.433503,5849.462402,7154.587682,9023.910654,11381.60235,14070.94953,17184.4219,20860.76808,25168.12257,30087.74899,35607.15323,41781.60538,48717.19441,56561.89856,65369.05442,75186.13882
OECD ENV-Growth 2025,SSP5,1,Kyrgyzstan,KGZ,USD_2017/yr,GDP|PPP [per capita],ANNUAL,5725.756845,6668.599867,8156.49015,10287.58632,12975.4406,16041.39418,19590.86592,23782.03426,28692.57502,34301.12805,40593.44961,47632.54962,55539.37334,64482.62136,74523.09933,85714.93256
OECD ENV-Growth 2025,SSP5,1,Laos,LAO,USD_2010/yr,GDP|PPP [per capita],ANNUAL,6808.758339,8202.597001,10339.41772,13326.70874,17194.95997,21722.68124,26965.60302,33106.85292,40289.61312,48304.54563,57221.13119,66945.57987,77584.41142,89234.04097,102003.2317,115984.8186
OECD ENV-Growth 2025,SSP5,1,Laos,LAO,USD_2015/yr,GDP|PPP [per capita],ANNUAL,7966.17872,9596.955924,12097.01465,15592.11508,20117.93008,25415.31839,31549.48409,38734.68466,47138.4418,56515.83216,66948.1475,78325.65457,90772.9804,104402.9297,119342.7543,135701.0703
OECD ENV-Growth 2025,SSP5,1,Laos,LAO,USD_2017/yr,GDP|PPP [per capita],ANNUAL,8450.914739,10180.92352,12833.10895,16540.88362,21342.09109,26961.8215,33469.24661,41091.66126,50006.78073,59954.77828,71021.89222,83091.71209,96296.44838,110755.7699,126604.6716,143958.379
OECD ENV-Growth 2025,SSP5,1,Latvia,LVA,USD_2010/yr,GDP|PPP [per capita],ANNUAL,29519.10965,34835.24092,40931.51295,48157.23779,55960.64681,63773.57082,71491.12594,79741.7358,88690.25098,98142.93334,107885.3293,117870.3243,128158.9363,138834.3908,149914.4251,161349.5843
OECD ENV-Growth 2025,SSP5,1,Latvia,LVA,USD_2015/yr,GDP|PPP [per capita],ANNUAL,33103.69878,39065.38293,45901.94255,54005.10763,62756.10672,71517.77622,80172.49594,89425.00073,99460.15946,110060.7078,120986.1505,132183.6518,143721.639,155693.4442,168118.9586,180942.7216
OECD ENV-Growth 2025,SSP5,1,Latvia,LVA,USD_2017/yr,GDP|PPP [per capita],ANNUAL,35298.4129,41655.3457,48945.15661,57585.54658,66916.72075,76259.27277,85487.78442,95353.71321,106054.1844,117357.5296,129007.309,140947.1839,153250.1184,166015.6322,179264.9352,192938.89
OECD ENV-Growth 2025,SSP5,1,Lebanon,LBN,USD_2010/yr,GDP|PPP [per capita],ANNUAL,9065.113659,9814.957788,11173.46523,13436.59045,16596.47408,20349.61582,24711.99958,29758.72853,35537.00619,41963.77057,48996.03332,56639.84,65036.48145,74282.27,84395.65189,95476.40019
OECD ENV-Growth 2025,SSP5,1,Lebanon,LBN,USD_2015/yr,GDP|PPP [per capita],ANNUAL,10884.36911,11784.69763,13415.8406,16133.14687,19927.17982,24433.53037,29671.39024,35730.93486,42668.84091,50385.3769,58828.92723,68006.75075,78088.4936,89189.79681,101332.8085,114637.3251
OECD ENV-Growth 2025,SSP5,1,Lebanon,LBN,USD_2017/yr,GDP|PPP [per capita],ANNUAL,11742.13185,12713.4124,14473.1006,17404.54919,21497.57788,26359.05968,32009.69873,38546.77691,46031.43741,54356.08922,63465.04906,73366.14785,84242.40099,96218.56282,109318.5269,123671.5304
OECD ENV-Growth 2025,SSP5,1,Lesotho,LSO,USD_2010/yr,GDP|PPP [per capita],ANNUAL,2262.248967,2464.805757,2965.178067,3730.121078,4768.286084,6029.10345,7576.700152,9518.615992,11956.37774,14942.66293,18520.38129,22734.31134,27683.63192,33501.67758,40332.32777,48323.03567
OECD ENV-Growth 2025,SSP5,1,Lesotho,LSO,USD_2015/yr,GDP|PPP [per capita],ANNUAL,2790.054849,3039.870214,3656.984515,4600.396575,5880.776123,7435.755108,9344.42199,11739.40671,14745.92327,18428.93942,22841.37616,28038.45929,34142.50712,41317.96249,49742.27341,59597.29541
OECD ENV-Growth 2025,SSP5,1,Lesotho,LSO,USD_2017/yr,GDP|PPP [per capita],ANNUAL,2522.26132,2748.099043,3305.981814,4158.84381,5316.330663,6722.060501,8447.530755,10612.64135,13330.58807,16660.10297,20649.0276,25347.28712,30865.45955,37352.20426,44967.93755,53877.06018
OECD ENV-Growth 2025,SSP5,1,Liberia,LBR,USD_2010/yr,GDP|PPP [per capita],ANNUAL,1098.755281,1356.101635,1692.957572,2204.75344,2951.482756,3928.394628,5176.708466,6771.549898,8774.989612,11247.04147,14276.25646,17927.57729,22262.23681,27381.96732,33397.93426,40441.68133
OECD ENV-Growth 2025,SSP5,1,Liberia,LBR,USD_2015/yr,GDP|PPP [per capita],ANNUAL,1237.021381,1526.751904,1905.997405,2482.197076,3322.893949,4422.739288,5828.139503,7623.673946,9879.224207,12662.35623,16072.76415,20183.56298,25063.69107,30827.68258,37600.69188,45530.81597
OECD ENV-Growth 2025,SSP5,1,Liberia,LBR,USD_2017/yr,GDP|PPP [per capita],ANNUAL,1572.850028,1941.237081,2423.440789,3156.068115,4224.998791,5623.431993,7410.372624,9693.361779,12561.25262,16099.95401,20436.22521,25663.03063,31868.0241,39196.83373,47808.591,57891.59852
OECD ENV-Growth 2025,SSP5,1,Libya,LBY,USD_2010/yr,GDP|PPP [per capita],ANNUAL,21423.71941,23311.79196,24681.39987,28985.62054,36158.22072,45678.56324,57532.41537,71718.1168,88079.61068,106297.1694,126390.2734,148465.0355,172693.326,199355.0741,228672.3015,261095.3475
OECD ENV-Growth 2025,SSP5,1,Libya,LBY,USD_2015/yr,GDP|PPP [per capita],ANNUAL,25790.04249,28062.91913,29711.66394,34893.11875,43527.55144,54988.2149,69257.97564,86334.83497,106030.9304,127961.3714,152149.6086,178723.3813,207889.5886,239985.2114,275277.5212,314308.6397
OECD ENV-Growth 2025,SSP5,1,Libya,LBY,USD_2017/yr,GDP|PPP [per capita],ANNUAL,22226.24234,24185.04124,25605.95405,30071.4089,37512.69147,47389.66175,59687.55388,74404.64533,91379.03344,110279.0138,131124.7965,154026.4692,179162.3406,206822.8259,237238.2635,270875.8622
OECD ENV-Growth 2025,SSP5,1,Lithuania,LTU,USD_2010/yr,GDP|PPP [per capita],ANNUAL,36380.63803,44717.26382,52545.49854,61031.55116,69522.39033,76584.45885,83016.1853,89473.64184,96084.71903,102797.9723,109249.7392,115369.0674,121253.0955,127053.2159,132836.8051,138556.7299
OECD ENV-Growth 2025,SSP5,1,Lithuania,LTU,USD_2015/yr,GDP|PPP [per capita],ANNUAL,40645.5429,49959.47194,58705.4112,68186.28438,77672.50526,85562.46059,92748.1788,99962.64345,107348.7377,114848.9861,122057.0942,128893.7916,135467.6048,141947.6737,148409.2735,154799.7455
OECD ENV-Growth 2025,SSP5,1,Lithuania,LTU,USD_2017/yr,GDP|PPP [per capita],ANNUAL,43343.41012,53275.55563,62602.01075,72712.1814,82828.05469,91241.70956,98904.38323,106597.7114,114474.0612,122472.1421,130158.6918,137449.1783,144459.3314,151369.518,158260.0096,165074.6522
OECD ENV-Growth 2025,SSP5,1,Luxembourg,LUX,USD_2010/yr,GDP|PPP [per capita],ANNUAL,95908.15101,104522.0717,109708.3016,114035.6442,117606.5156,121342.0976,125563.6265,130592.3294,136787.6412,143565.899,150620.8346,157811.981,165253.011,173119.1215,181486.725,190261.8373
OECD ENV-Growth 2025,SSP5,1,Luxembourg,LUX,USD_2015/yr,GDP|PPP [per capita],ANNUAL,116068.1084,126492.681,132769.0599,138006.0128,142327.4838,146848.2876,151957.1847,158042.9243,165540.4948,173743.5469,182281.4346,190984.1649,199989.3043,209508.8765,219635.3559,230255.0026
OECD ENV-Growth 2025,SSP5,1,Luxembourg,LUX,USD_2017/yr,GDP|PPP [per capita],ANNUAL,121800.6563,132740.0935,139326.4597,144822.0632,149356.9696,154101.0537,159462.2768,165848.5881,173716.46,182324.6569,191284.2268,200416.7807,209866.6796,219856.4189,230483.0402,241627.1862
OECD ENV-Growth 2025,SSP5,1,Macao,MAC,USD_2010/yr,GDP|PPP [per capita],ANNUAL,99903.45468,114781.6679,131347.6021,146308.4601,157347.0889,164167.3785,168902.5568,172795.5933,176538.3592,178867.0083,179664.1425,179063.7097,177508.0495,175373.5534,172749.2591,169520.7215
OECD ENV-Growth 2025,SSP5,1,Macao,MAC,USD_2015/yr,GDP|PPP [per capita],ANNUAL,115365.4411,132546.3447,151676.1768,168952.5161,181699.5856,189575.4466,195043.4851,199539.044,203861.0751,206550.1275,207470.6336,206777.2724,204980.8436,202515.9932,199485.5387,195757.3226
OECD ENV-Growth 2025,SSP5,1,Macao,MAC,USD_2017/yr,GDP|PPP [per capita],ANNUAL,118446.3491,136086.0798,155726.7862,173464.5013,186551.9894,194638.1803,200252.2462,204867.862,209305.3156,212066.1809,213011.2697,212299.3918,210454.9883,207924.3125,204812.9278,200985.1473
OECD ENV-Growth 2025,SSP5,1,Madagascar,MDG,USD_2010/yr,GDP|PPP [per capita],ANNUAL,1603.179755,1852.284447,2308.654506,3028.021734,4071.053946,5426.698714,7163.381273,9395.854011,12244.89819,15795.16406,20156.52568,25369.90371,31526.35827,38775.11905,47287.67574,57261.19589
OECD ENV-Growth 2025,SSP5,1,Madagascar,MDG,USD_2015/yr,GDP|PPP [per capita],ANNUAL,1622.414096,1874.507452,2336.352865,3064.350788,4119.896904,5491.806183,7249.324799,9508.581896,12391.80782,15984.66844,20398.35602,25674.28218,31904.59954,39240.32819,47855.0153,57948.19395
OECD ENV-Growth 2025,SSP5,1,Madagascar,MDG,USD_2017/yr,GDP|PPP [per capita],ANNUAL,1622.329735,1874.409983,2336.231381,3064.19145,4119.68268,5491.520624,7248.947853,9508.087475,12391.16348,15983.83728,20397.29536,25672.94718,31902.94058,39238.2878,47852.52697,57945.1808
OECD ENV-Growth 2025,SSP5,1,Malawi,MWI,USD_2010/yr,GDP|PPP [per capita],ANNUAL,1598.857571,1797.317829,2182.847333,2916.333461,4054.351827,5588.968924,7560.794194,10063.65504,13187.35994,16994.31266,21611.34428,27141.12435,33729.89778,41495.79925,50582.49577,61144.44333
OECD ENV-Growth 2025,SSP5,1,Malawi,MWI,USD_2015/yr,GDP|PPP [per capita],ANNUAL,1508.036003,1695.222916,2058.852787,2750.673941,3824.048267,5271.492915,7131.310545,9491.998787,12438.26463,16028.96706,20383.73264,25599.39886,31813.90335,39138.67024,47709.2057,57671.19198
OECD ENV-Growth 2025,SSP5,1,Malawi,MWI,USD_2017/yr,GDP|PPP [per capita],ANNUAL,1528.313669,1718.017573,2086.53696,2787.660622,3875.467976,5342.375554,7227.201048,9619.632066,12605.5146,16244.49907,20657.8206,25943.6188,32241.68604,39664.94473,48350.72309,58446.6623
OECD ENV-Growth 2025,SSP5,1,Malaysia,MYS,USD_2010/yr,GDP|PPP [per capita],ANNUAL,31776.55676,36878.28389,42817.96585,48941.14564,54956.98572,60667.19311,66446.06482,72778.69664,79890.27468,87635.87303,95987.24766,104998.4654,114775.0585,125443.0994,137098.2317,149754.2555
OECD ENV-Growth 2025,SSP5,1,Malaysia,MYS,USD_2015/yr,GDP|PPP [per capita],ANNUAL,31411.31728,36454.4052,42325.81651,48378.61652,54325.31058,59969.88489,65682.33431,71942.17891,78972.01653,86628.58703,94883.97104,103791.6139,113455.8349,124001.2575,135522.4258,148032.9814
OECD ENV-Growth 2025,SSP5,1,Malaysia,MYS,USD_2017/yr,GDP|PPP [per capita],ANNUAL,31396.84334,36437.60747,42306.3133,48356.32425,54300.27815,59942.25152,65652.06871,71909.02885,78935.6272,86588.66966,94840.24968,103743.788,113403.5559,123944.1192,135459.9787,147964.7696
OECD ENV-Growth 2025,SSP5,1,Maldives,MDV,USD_2010/yr,GDP|PPP [per capita],ANNUAL,19150.65408,23147.15254,27730.4724,32831.71383,37973.06729,42881.5985,47896.12839,53444.67428,59745.69416,66147.77126,72689.6937,79260.27738,86079.10736,93327.97148,101120.5314,109242.3158
OECD ENV-Growth 2025,SSP5,1,Maldives,MDV,USD_2015/yr,GDP|PPP [per capita],ANNUAL,23828.60014,28801.32659,34504.21776,40851.54364,47248.77975,53356.32193,59595.75517,66499.64894,74339.82414,82305.7419,90445.66512,98621.2507,107105.7219,116125.272,125821.327,135927.0264
OECD ENV-Growth 2025,SSP5,1,Maldives,MDV,USD_2017/yr,GDP|PPP [per capita],ANNUAL,24560.40188,29685.84605,35563.8791,42106.13814,48699.84019,54994.9515,61426.0044,68541.92411,76622.87946,84833.43905,93223.348,101650.0145,110395.0529,119691.603,129685.4342,140101.4904
OECD ENV-Growth 2025,SSP5,1,Mali,MLI,USD_2010/yr,GDP|PPP [per capita],ANNUAL,1956.78918,2267.75621,2879.288996,3816.717464,5148.679533,6871.804599,9037.285928,11760.84589,15116.58016,19184.89809,24056.01992,29796.94098,36531.7167,44421.08709,53695.03683,64485.34382
OECD ENV-Growth 2025,SSP5,1,Mali,MLI,USD_2015/yr,GDP|PPP [per capita],ANNUAL,2166.297347,2510.558782,3187.566744,4225.363162,5699.934836,7607.550279,10004.88388,13020.0481,16735.07183,21238.97365,26631.63343,32987.21951,40443.06959,49177.1337,59444.02036,71389.61656
OECD ENV-Growth 2025,SSP5,1,Mali,MLI,USD_2017/yr,GDP|PPP [per capita],ANNUAL,2280.361005,2642.749092,3355.404054,4447.844336,6000.057723,8008.116255,10531.67844,13705.60233,17616.23596,22357.28505,28033.88853,34724.11999,42572.54846,51766.49372,62573.97036,75148.54688
OECD ENV-Growth 2025,SSP5,1,Malta,MLT,USD_2010/yr,GDP|PPP [per capita],ANNUAL,47707.73656,55935.21126,65402.73468,74398.51082,82647.32677,89841.19925,96902.41312,104580.0472,112825.4931,121929.1618,131630.0119,141910.4593,152874.4981,164781.3734,177859.6934,192151.2436
OECD ENV-Growth 2025,SSP5,1,Malta,MLT,USD_2015/yr,GDP|PPP [per capita],ANNUAL,51963.42115,60924.81324,71236.87041,81035.09891,90019.73596,97855.32516,105546.4222,113908.9261,122889.8925,132805.6379,143371.8353,154569.3318,166511.3984,179480.4056,193725.3541,209291.7568
OECD ENV-Growth 2025,SSP5,1,Malta,MLT,USD_2017/yr,GDP|PPP [per capita],ANNUAL,56196.23388,65887.59897,77039.651,87636.01915,97352.52268,105826.3797,114143.9746,123187.6676,132900.2015,143623.6592,155050.553,167160.1701,180075.0082,194100.4388,209505.7458,226340.1495
OECD ENV-Growth 2025,SSP5,1,Mauritania,MRT,USD_2010/yr,GDP|PPP [per capita],ANNUAL,5620.574503,6403.496053,7804.744874,9665.995038,12028.6489,14805.65399,18073.93206,22019.67542,26767.62711,32295.64327,38725.03359,46087.54316,54379.17393,63717.45384,74261.2426,86194.37229
OECD ENV-Growth 2025,SSP5,1,Mauritania,MRT,USD_2015/yr,GDP|PPP [per capita],ANNUAL,5132.747742,5847.717149,7127.347322,8827.053922,10984.64587,13520.62624,16505.24051,20108.5208,24444.38332,29492.60614,35363.97011,42087.46508,49659.43998,58187.22217,67815.88343,78713.30049
OECD ENV-Growth 2025,SSP5,1,Mauritania,MRT,USD_2017/yr,GDP|PPP [per capita],ANNUAL,6139.892773,6995.153097,8525.871622,10559.09375,13140.04723,16173.63633,19743.89002,24054.20406,29240.84721,35279.62962,42303.06952,50345.84509,59403.58888,69604.68795,81122.67999,94158.38244
OECD ENV-Growth 2025,SSP5,1,Mauritius,MUS,USD_2010/yr,GDP|PPP [per capita],ANNUAL,22973.11,27405.96569,33458.0847,41196.84776,49977.81924,58942.07173,68342.68076,78279.81849,88693.71739,99685.15463,111155.3502,123053.7224,135303.3017,148021.6951,161335.6812,175359.7303
OECD ENV-Growth 2025,SSP5,1,Mauritius,MUS,USD_2015/yr,GDP|PPP [per capita],ANNUAL,24019.80202,28654.62577,34982.4891,43073.84271,52254.88944,61627.56776,71456.48372,81846.3735,92734.74646,104226.9713,116219.7675,128660.2488,141467.9388,154765.8027,168686.3955,183349.403
OECD ENV-Growth 2025,SSP5,1,Mauritius,MUS,USD_2017/yr,GDP|PPP [per capita],ANNUAL,24995.03323,29818.03608,36402.81784,44822.68959,54376.49723,64129.71693,74357.69802,85169.42912,96499.88237,108458.7046,120938.4219,133884.0009,147211.6976,161049.4698,175535.2545,190793.5968
OECD ENV-Growth 2025,SSP5,1,Mayotte,MYT,USD_2017/yr,GDP|PPP [per capita],ANNUAL,26853.86389,31252.0894,36573.69045,43715.03192,51752.34706,60057.51819,68907.34272,78890.23284,90027.06581,102206.0575,115261.1733,129389.8304,144886.9387,162050.3995,181109.2154,202233.3835
OECD ENV-Growth 2025,SSP5,1,Mexico,MEX,USD_2010/yr,GDP|PPP [per capita],ANNUAL,18172.01766,20267.02297,23526.90675,28140.88599,33878.07134,40087.37488,46679.28409,53705.55042,61219.08245,69150.25458,77318.4496,85538.00603,93747.84748,101911.7931,109953.7538,117859.3694
OECD ENV-Growth 2025,SSP5,1,Mexico,MEX,USD_2015/yr,GDP|PPP [per capita],ANNUAL,20284.36092,22622.89287,26261.71055,31412.02583,37816.11042,44747.19294,52105.35582,59948.36615,68335.28269,77188.38646,86306.06502,95481.07532,104645.2414,113758.1765,122734.9472,131559.5237
OECD ENV-Growth 2025,SSP5,1,Mexico,MEX,USD_2017/yr,GDP|PPP [per capita],ANNUAL,21422.92513,23892.71921,27735.78427,33175.18753,39938.73434,47258.85955,55030.03721,63313.27688,72170.95229,81520.98209,91150.43732,100840.4423,110518.9944,120143.4399,129624.0781,138943.9793
OECD ENV-Growth 2025,SSP5,1,Micronesia,FSM,USD_2010/yr,GDP|PPP [per capita],ANNUAL,2751.938646,2980.772617,3589.012831,4913.835794,7125.91496,10216.00051,14355.61682,19819.96428,26857.83487,35633.13274,46333.4354,59092.86829,74004.49718,91252.58919,110869.7552,132957.7585
OECD ENV-Growth 2025,SSP5,1,Micronesia,FSM,USD_2015/yr,GDP|PPP [per capita],ANNUAL,2993.814347,3242.761186,3904.461359,5345.726774,7752.231859,11113.9138,15617.37274,21561.99721,29218.44624,38765.02995,50405.81259,64286.70827,80508.96256,99273.03835,120614.4128,144643.7935
OECD ENV-Growth 2025,SSP5,1,Micronesia,FSM,USD_2017/yr,GDP|PPP [per capita],ANNUAL,3086.015224,3342.62891,4024.707546,5510.359793,7990.978318,11456.1904,16098.34294,22226.04475,30118.2904,39958.88145,51958.16674,66266.55411,82988.4072,102330.3626,124328.99,149098.4065
OECD ENV-Growth 2025,SSP5,1,Moldova,MDA,USD_2010/yr,GDP|PPP [per capita],ANNUAL,9355.339371,12832.01746,17998.19145,24007.36785,29639.80701,34267.34645,38464.61785,42751.03345,47350.32792,52136.76464,57071.23263,62207.30169,67677.14202,73600.81004,80043.62209,87016.4772
OECD ENV-Growth 2025,SSP5,1,Moldova,MDA,USD_2015/yr,GDP|PPP [per capita],ANNUAL,11169.71166,15320.65588,21488.75642,28663.35107,35388.14413,40913.14747,45924.43669,51042.15872,56533.43927,62248.15638,68139.61392,74271.77099,80802.43086,87874.93364,95567.26313,103892.4321
OECD ENV-Growth 2025,SSP5,1,Moldova,MDA,USD_2017/yr,GDP|PPP [per capita],ANNUAL,12361.67369,16955.5808,23781.9026,31722.12528,39164.54635,45279.14361,50825.20639,56489.05983,62566.33561,68890.89172,75411.0489,82197.59156,89425.16276,97252.39896,105765.6059,114979.185
OECD ENV-Growth 2025,SSP5,1,Mongolia,MNG,USD_2010/yr,GDP|PPP [per capita],ANNUAL,13551.76305,15611.12033,18900.77859,23320.38136,28590.7973,34339.8475,40900.69497,48734.8385,58017.59278,68555.41305,80237.53471,93121.46126,107320.6808,123087.6012,140630.0947,160275.5517
OECD ENV-Growth 2025,SSP5,1,Mongolia,MNG,USD_2015/yr,GDP|PPP [per capita],ANNUAL,12910.12196,14871.97398,18005.87539,22216.22134,27237.09666,32713.94414,38964.15237,46427.36938,55270.60915,65309.49076,76438.49403,88712.39984,102239.3228,117259.7202,133971.6218,152686.917
OECD ENV-Growth 2025,SSP5,1,Mongolia,MNG,USD_2017/yr,GDP|PPP [per capita],ANNUAL,13348.33443,15376.77823,18617.05467,22970.31377,28161.6143,33824.36419,40286.72528,48003.26869,57146.67742,67526.31206,79033.07071,91723.59369,105709.6655,121239.9051,138519.0642,157869.6188
OECD ENV-Growth 2025,SSP5,1,Montenegro,MNE,USD_2010/yr,GDP|PPP [per capita],ANNUAL,19263.70189,22636.61966,26546.98634,30608.38069,34483.9506,38014.6469,41554.33177,45368.7116,49604.8488,54229.79622,59207.84891,64576.27845,70377.57926,76727.78719,83696.52366,91345.11134
OECD ENV-Growth 2025,SSP5,1,Montenegro,MNE,USD_2015/yr,GDP|PPP [per capita],ANNUAL,20994.41529,24670.36692,28932.05361,33358.33679,37582.10046,41430.00595,45287.70758,49444.78366,54061.50915,59101.97682,64527.2739,70378.02054,76700.52902,83621.26021,91216.09055,99551.85212
OECD ENV-Growth 2025,SSP5,1,Montenegro,MNE,USD_2017/yr,GDP|PPP [per capita],ANNUAL,23494.69751,27608.42825,32377.65084,37331.07215,42057.85537,46364.01843,50681.14427,55333.29788,60499.84181,66140.59254,72212.00306,78759.53108,85835.00435,93579.9443,102079.2637,111407.7539
OECD ENV-Growth 2025,SSP5,1,Morocco,MAR,USD_2010/yr,GDP|PPP [per capita],ANNUAL,8848.309671,10157.38221,12112.81761,15057.45951,19090.19582,24009.84594,29969.0907,37297.68316,46147.62737,56350.03248,67997.01542,81264.16347,96159.74432,112855.4368,131535.5076,152393.7624
OECD ENV-Growth 2025,SSP5,1,Morocco,MAR,USD_2015/yr,GDP|PPP [per capita],ANNUAL,8741.521857,10034.79556,11966.63134,14875.73517,18859.8015,23720.07772,29607.402,36847.54769,45590.68436,55669.95945,67176.37815,80283.40865,94999.21883,111493.4156,129948.0418,150554.564
OECD ENV-Growth 2025,SSP5,1,Morocco,MAR,USD_2017/yr,GDP|PPP [per capita],ANNUAL,8761.717616,10057.9792,11994.27815,14910.10296,18903.37378,23774.87881,29675.80473,36932.67751,45696.01367,55798.57517,67331.57744,80468.88944,95218.69793,111751.0016,130248.264,150902.394
OECD ENV-Growth 2025,SSP5,1,Mozambique,MOZ,USD_2010/yr,GDP|PPP [per capita],ANNUAL,1287.838649,1900.99629,3035.591188,4745.137187,7033.86697,9702.308407,12797.09935,16491.42733,20949.69947,26250.99578,32555.79439,39928.85394,48525.16236,58497.90734,70038.62224,83311.64346
OECD ENV-Growth 2025,SSP5,1,Mozambique,MOZ,USD_2015/yr,GDP|PPP [per capita],ANNUAL,1410.672676,2082.313282,3325.125821,5197.728286,7704.757075,10627.71441,14017.68646,18064.37937,22947.88143,28754.81528,35660.96547,43737.2673,53153.49147,64077.43668,76718.90476,91257.9065
OECD ENV-Growth 2025,SSP5,1,Mozambique,MOZ,USD_2017/yr,GDP|PPP [per capita],ANNUAL,1379.320716,2036.034224,3251.225466,5082.20966,7533.520161,10391.51527,13706.14576,17662.90161,22437.86868,28115.74441,34868.40659,42765.21399,51972.16417,62653.32657,75013.84017,89229.71508
OECD ENV-Growth 2025,SSP5,1,Myanmar,MMR,USD_2010/yr,GDP|PPP [per capita],ANNUAL,4336.1415,5024.319546,6229.636084,8080.596374,10591.58684,13566.48389,17078.48312,21260.95037,26220.82193,32021.54022,38596.18949,45913.32876,54031.46636,63032.91112,73046.80671,84157.05507
OECD ENV-Growth 2025,SSP5,1,Myanmar,MMR,USD_2015/yr,GDP|PPP [per capita],ANNUAL,4689.324314,5433.555111,6737.045817,8738.768568,11454.28158,14671.48679,18469.54167,22992.67483,28356.5326,34629.72486,41739.88551,49653.01268,58432.38024,68167.00117,78996.53799,91011.72656
OECD ENV-Growth 2025,SSP5,1,Myanmar,MMR,USD_2017/yr,GDP|PPP [per capita],ANNUAL,4345.314459,5034.948322,6242.814665,8097.690599,10613.99298,13595.18332,17114.61206,21305.92719,26276.29118,32089.28069,38677.8384,46010.45683,54145.76807,63166.25509,73201.33472,84335.08644
OECD ENV-Growth 2025,SSP5,1,Namibia,NAM,USD_2010/yr,GDP|PPP [per capita],ANNUAL,9149.125839,9797.939875,11172.25283,13349.33881,16251.67115,19679.39748,23694.77656,28454.43648,34043.43322,40474.50593,47605.43789,55441.3603,64036.98274,73539.81193,84115.75572,95853.35926
OECD ENV-Growth 2025,SSP5,1,Namibia,NAM,USD_2015/yr,GDP|PPP [per capita],ANNUAL,9835.368709,10532.84794,12010.24315,14350.62448,17470.65027,21155.47798,25472.03613,30588.70094,36596.90813,43510.35236,51176.14977,59599.81641,68840.16542,79055.7675,90424.97461,103042.9734
OECD ENV-Growth 2025,SSP5,1,Namibia,NAM,USD_2017/yr,GDP|PPP [per capita],ANNUAL,9861.936767,10561.30008,12042.68614,14389.38949,17517.84334,21212.62479,25540.84316,30671.32951,36695.76653,43627.88589,51314.39074,59760.81203,69026.1218,79269.31905,90669.23754,103321.321
OECD ENV-Growth 2025,SSP5,1,Nepal,NPL,USD_2010/yr,GDP|PPP [per capita],ANNUAL,3568.899403,4508.277727,6042.524682,8407.572492,11607.04318,15377.12384,19764.41383,24954.21319,31064.31159,38126.65316,46232.45334,55286.93845,65298.08086,76353.22157,88522.48047,101813.0348
OECD ENV-Growth 2025,SSP5,1,Nepal,NPL,USD_2015/yr,GDP|PPP [per capita],ANNUAL,3998.632592,5051.121989,6770.108484,9419.933034,13004.65379,17228.69198,22144.25804,27958.96407,34804.78285,42717.50495,51799.32911,61944.06987,73160.65957,85546.95602,99181.52224,114072.3997
OECD ENV-Growth 2025,SSP5,1,Nepal,NPL,USD_2017/yr,GDP|PPP [per capita],ANNUAL,4446.650407,5617.063616,7528.650096,10475.36829,14461.73104,19159.04211,24625.36174,31091.56345,38704.40664,47503.69193,57603.06869,68884.45417,81357.78149,95131.87272,110294.0933,126853.3857
OECD ENV-Growth 2025,SSP5,1,Netherlands,NLD,USD_2010/yr,GDP|PPP [per capita],ANNUAL,52561.21279,57004.67279,62234.68996,68779.45765,75964.42739,82942.97754,89993.05028,97419.88471,105296.524,113335.0191,121394.8417,129569.8119,137860.409,146359.6038,154870.7787,163280.7948
OECD ENV-Growth 2025,SSP5,1,Netherlands,NLD,USD_2015/yr,GDP|PPP [per capita],ANNUAL,57671.61348,62547.10044,68285.61963,75466.71939,83350.26651,91007.32436,98742.85876,106891.7865,115534.2525,124354.3112,133197.7711,142167.5741,151264.246,160589.7971,169928.4931,179156.195
OECD ENV-Growth 2025,SSP5,1,Netherlands,NLD,USD_2017/yr,GDP|PPP [per capita],ANNUAL,60775.15768,65913.01443,71960.3467,79527.89066,87835.68353,95904.79881,104056.6138,112644.0685,121751.6208,131046.3227,140365.6852,149818.1897,159404.3906,169231.7876,179073.0368,188797.3188
OECD ENV-Growth 2025,SSP5,1,New Caledonia,NCL,USD_2017/yr,GDP|PPP [per capita],ANNUAL,39412.01434,47713.8584,57580.81257,68796.17102,80188.95933,91063.45357,101955.2208,113619.3722,126449.8365,140250.1798,154944.0306,170694.0382,187712.8129,206369.7783,226905.0407,249485.4805
OECD ENV-Growth 2025,SSP5,1,New Zealand,NZL,USD_2010/yr,GDP|PPP [per capita],ANNUAL,39145.86296,42930.05347,48076.61803,54814.79783,62719.86338,70466.14167,78182.57903,86325.69317,95031.71231,103949.3773,112896.6234,121851.7297,130853.4419,139953.1338,149088.6223,158100.1457
OECD ENV-Growth 2025,SSP5,1,New Zealand,NZL,USD_2015/yr,GDP|PPP [per capita],ANNUAL,43112.64711,47280.30258,52948.38612,60369.36873,69075.4816,77606.71675,86105.08709,95073.37084,104661.6007,114482.9232,124336.8242,134199.3821,144113.2686,154135.0634,164196.2822,174120.9741
OECD ENV-Growth 2025,SSP5,1,New Zealand,NZL,USD_2017/yr,GDP|PPP [per capita],ANNUAL,46776.46012,51298.29265,57448.06312,65499.69808,74945.67667,84201.91603,93422.49764,103152.927,113555.9869,124211.9482,134903.2567,145603.9577,156360.3494,167233.8196,178150.0641,188918.1794
OECD ENV-Growth 2025,SSP5,1,Nicaragua,NIC,USD_2010/yr,GDP|PPP [per capita],ANNUAL,5370.085023,6191.880991,7670.905729,10152.56858,13749.96946,18289.90249,23859.86473,30693.0278,38992.82954,48702.63761,59868.73626,72331.34019,86082.31649,101204.9147,117740.4757,135693.041
OECD ENV-Growth 2025,SSP5,1,Nicaragua,NIC,USD_2015/yr,GDP|PPP [per capita],ANNUAL,5848.842104,6743.903324,8354.786974,11057.69654,14975.81509,19920.49498,25987.03387,33429.39124,42469.14196,53044.60473,65206.19018,78779.86775,93756.77944,110227.5967,128237.3461,147790.4294
OECD ENV-Growth 2025,SSP5,1,Nicaragua,NIC,USD_2017/yr,GDP|PPP [per capita],ANNUAL,6220.4519,7172.381388,8885.613526,11760.25412,15927.31275,21186.15594,27638.13612,35553.34827,45167.44513,56414.82647,69349.10576,83785.19532,99713.67434,117230.9752,136384.9851,157180.3856
OECD ENV-Growth 2025,SSP5,1,Niger,NER,USD_2010/yr,GDP|PPP [per capita],ANNUAL,1472.997407,1747.499339,2306.11611,3127.881896,4278.541472,5753.140623,7632.793822,10055.88039,13152.5298,17048.49287,21875.44826,27768.75467,34842.14545,43359.55672,53608.02838,65962.87025
OECD ENV-Growth 2025,SSP5,1,Niger,NER,USD_2015/yr,GDP|PPP [per capita],ANNUAL,1456.488752,1727.914196,2280.270256,3092.826082,4230.589612,5688.662156,7547.249095,9943.178863,13005.1225,16857.42147,21630.27863,27457.53566,34451.65124,42873.60342,53007.21507,65223.58975
OECD ENV-Growth 2025,SSP5,1,Niger,NER,USD_2017/yr,GDP|PPP [per capita],ANNUAL,1439.038965,1707.212537,2252.950973,3055.771794,4179.904095,5620.507878,7456.827604,9824.052403,12849.31174,16655.45739,21371.13228,27128.57457,34038.89559,42359.9467,52372.15038,64442.16406
OECD ENV-Growth 2025,SSP5,1,Nigeria,NGA,USD_2010/yr,GDP|PPP [per capita],ANNUAL,4856.623797,5252.954021,6246.278839,7659.067373,9547.000328,11846.7711,14639.97427,18066.7029,22212.0245,27145.82364,32917.62012,39634.64871,47470.44532,56609.41176,67309.21758,79801.34452
OECD ENV-Growth 2025,SSP5,1,Nigeria,NGA,USD_2015/yr,GDP|PPP [per capita],ANNUAL,5023.301582,5433.233733,6460.649144,7921.92413,9874.650344,12253.34852,15142.41354,18686.7464,22974.33412,28077.45968,34047.34238,40994.89726,49099.61592,58552.22878,69619.24854,82540.1013
OECD ENV-Growth 2025,SSP5,1,Nigeria,NGA,USD_2017/yr,GDP|PPP [per capita],ANNUAL,5105.142115,5521.752955,6565.907202,8050.989544,10035.52992,12452.98228,15389.11646,18991.19424,23348.6361,28534.9027,34602.04781,41662.7935,49899.5557,59506.17223,70753.49786,83884.85948
OECD ENV-Growth 2025,SSP5,1,North Korea,PRK,USD_2017/yr,GDP|PPP [per capita],ANNUAL,2245.802069,2966.259755,4258.081631,6460.902974,9680.482667,13702.8526,18586.96996,24615.39745,32093.97354,41168.86084,51688.91614,63712.9206,77328.5359,92810.89772,110479.4615,130436.5988
OECD ENV-Growth 2025,SSP5,1,North Macedonia,MKD,USD_2010/yr,GDP|PPP [per capita],ANNUAL,15271.76444,18122.901,21621.4465,25926.14405,30677.62606,35527.83791,40706.05271,46398.45724,53322.62384,61794.13867,71511.21786,82220.69165,93799.74829,106279.8266,119713.3779,134212.4295
OECD ENV-Growth 2025,SSP5,1,North Macedonia,MKD,USD_2015/yr,GDP|PPP [per capita],ANNUAL,16896.58688,20051.06695,23921.83632,28684.52738,33941.53805,39307.78281,45036.92803,51334.96964,58995.82526,68368.65751,79119.57456,90968.47093,103779.4685,117587.3508,132450.1499,148491.8121
OECD ENV-Growth 2025,SSP5,1,North Macedonia,MKD,USD_2017/yr,GDP|PPP [per capita],ANNUAL,18342.78726,21767.26329,25969.33674,31139.67259,36846.63749,42672.18597,48891.69602,55728.79502,64045.35302,74220.41792,85891.51964,98754.57814,112662.0853,127651.8018,143786.7268,161201.4152
OECD ENV-Growth 2025,SSP5,1,Norway,NOR,USD_2010/yr,GDP|PPP [per capita],ANNUAL,65378.16564,69225.89832,74732.62208,82373.44017,91388.11115,100423.7277,109818.7683,119975.7928,131101.7919,142610.8156,154338.8345,166375.8776,178987.5323,192281.0884,206027.1222,219920.9253
OECD ENV-Growth 2025,SSP5,1,Norway,NOR,USD_2015/yr,GDP|PPP [per capita],ANNUAL,66369.44583,70275.5188,75865.73689,83622.40698,92773.76067,101946.3775,111483.8681,121794.8959,133089.5903,144773.1166,156678.9587,168898.5105,181701.3862,195196.5026,209150.9573,223255.4216
OECD ENV-Growth 2025,SSP5,1,Norway,NOR,USD_2017/yr,GDP|PPP [per capita],ANNUAL,69247.65538,73323.121,79155.7672,87248.81681,96797.03253,106367.4335,116318.5315,127076.7124,138861.2179,151051.4178,163473.5744,176223.0451,189581.1366,203661.4887,218221.099,232937.2244
OECD ENV-Growth 2025,SSP5,1,Oman,OMN,USD_2010/yr,GDP|PPP [per capita],ANNUAL,45182.36995,49311.62601,56194.72743,65619.72148,76415.40666,87483.1192,99663.21665,113689.7388,130015.4628,148189.5164,168081.8702,189447.3659,212369.5994,237177.1404,264036.1872,292900.0077
OECD ENV-Growth 2025,SSP5,1,Oman,OMN,USD_2015/yr,GDP|PPP [per capita],ANNUAL,35926.58332,39209.945,44683.01596,52177.26281,60761.40932,69561.85731,79246.81378,90399.94754,103381.2827,117832.3097,133649.6364,150638.326,168864.8497,188590.468,209947.3332,232898.2863
OECD ENV-Growth 2025,SSP5,1,Oman,OMN,USD_2017/yr,GDP|PPP [per capita],ANNUAL,34676.12749,37845.20892,43127.78491,50361.18801,58646.55587,67140.69665,76488.55982,87253.49911,99783.00761,113731.0542,128997.8451,145395.2287,162987.3624,182026.4135,202639.9346,224792.0598
OECD ENV-Growth 2025,SSP5,1,Pakistan,PAK,USD_2010/yr,GDP|PPP [per capita],ANNUAL,5019.724709,5917.982005,7289.142962,9528.87609,12784.37993,16890.26276,21901.301,28015.0742,35436.72436,44121.19423,54169.18014,65596.48447,78454.82979,92904.76771,109072.9795,127119.6726
OECD ENV-Growth 2025,SSP5,1,Pakistan,PAK,USD_2015/yr,GDP|PPP [per capita],ANNUAL,5439.880794,6413.323144,7899.251673,10326.45275,13854.44559,18303.995,23734.46226,30359.96452,38402.81439,47814.18326,58703.19585,71086.97722,85021.57918,100680.9917,118202.4993,137759.7191
OECD ENV-Growth 2025,SSP5,1,Pakistan,PAK,USD_2017/yr,GDP|PPP [per capita],ANNUAL,5470.070111,6448.914704,7943.089584,10383.76073,13931.33261,18405.57537,23866.17971,30528.45104,38615.93574,48079.5342,59028.97677,71481.48353,85493.41735,101239.7337,118858.4793,138524.2343
OECD ENV-Growth 2025,SSP5,1,Panama,PAN,USD_2010/yr,GDP|PPP [per capita],ANNUAL,26286.89605,30439.76308,35560.03845,41398.01467,47591.89924,53777.65776,60117.73253,66966.52565,74421.22176,82361.22217,90943.64505,100155.6842,110122.1276,120869.1026,132450.9289,144935.4286
OECD ENV-Growth 2025,SSP5,1,Panama,PAN,USD_2015/yr,GDP|PPP [per capita],ANNUAL,32970.5758,38179.34662,44601.49806,51923.83224,59692.56767,67451.11094,75403.20673,83993.3671,93343.48675,103302.3037,114066.8848,125621.1677,138121.669,151601.159,166127.7689,181786.5649
OECD ENV-Growth 2025,SSP5,1,Panama,PAN,USD_2017/yr,GDP|PPP [per capita],ANNUAL,37034.64684,42885.46938,50099.23815,58324.14942,67050.48695,75765.376,84697.67555,94346.6898,104849.3386,116035.7149,128127.1768,141105.6819,155147.0397,170288.0598,186605.2716,204194.2267
OECD ENV-Growth 2025,SSP5,1,Papua New Guinea,PNG,USD_2010/yr,GDP|PPP [per capita],ANNUAL,3096.664157,3368.344079,4107.44065,5463.895418,7584.032297,10424.25826,14107.98418,18827.33653,24802.88466,32069.00572,40683.115,50696.18886,62249.38541,75536.16028,90799.26519,108244.9755
OECD ENV-Growth 2025,SSP5,1,Papua New Guinea,PNG,USD_2015/yr,GDP|PPP [per capita],ANNUAL,3371.026742,3666.777342,4471.357425,5947.993272,8255.973005,11347.84128,15357.94311,20495.42725,27000.40535,34910.30037,44287.61456,55187.84075,67764.64359,82228.61873,98844.02557,117835.4154
OECD ENV-Growth 2025,SSP5,1,Papua New Guinea,PNG,USD_2017/yr,GDP|PPP [per capita],ANNUAL,3468.641244,3772.955866,4600.834098,6120.22875,8495.040433,11676.43964,15802.66161,21088.91139,27782.25353,35921.19463,45570.04682,56785.90983,69726.89795,84609.70504,101706.2427,121247.5643
OECD ENV-Growth 2025,SSP5,1,Paraguay,PRY,USD_2010/yr,GDP|PPP [per capita],ANNUAL,14163.01534,16143.08255,18893.10507,22635.35884,27369.91472,32688.43968,38684.03958,45566.51678,53466.92048,62170.05568,71724.12901,82063.83896,93293.92968,105526.7424,118791.4387,133160.9425
OECD ENV-Growth 2025,SSP5,1,Paraguay,PRY,USD_2015/yr,GDP|PPP [per capita],ANNUAL,14321.92333,16324.20674,19105.08432,22889.32589,27677.00314,33055.20156,39118.07165,46077.76973,54066.81538,62867.59911,72528.86844,82984.58918,94340.68068,106710.7446,120124.2698,134654.9984
OECD ENV-Growth 2025,SSP5,1,Paraguay,PRY,USD_2017/yr,GDP|PPP [per capita],ANNUAL,14747.84098,16809.67001,19673.24771,23570.02831,28500.08562,34038.22551,40281.39844,47448.07,55674.70073,64737.20973,74685.79417,85452.45611,97146.26481,109884.2003,123696.6285,138659.4843
OECD ENV-Growth 2025,SSP5,1,Peru,PER,USD_2010/yr,GDP|PPP [per capita],ANNUAL,12924.45825,14635.48025,17316.85893,21276.45664,26272.19094,31802.31446,37856.53309,44639.1864,52255.89228,60712.56483,70005.86593,80132.45951,91151.68037,103109.5377,116070.1242,130094.8238
OECD ENV-Growth 2025,SSP5,1,Peru,PER,USD_2015/yr,GDP|PPP [per capita],ANNUAL,12999.82329,14720.82259,17417.83691,21400.52381,26425.38921,31987.75996,38077.28192,44899.48621,52560.60658,61066.59163,70414.08379,80599.72751,91683.2036,103710.7895,116746.9517,130853.4321
OECD ENV-Growth 2025,SSP5,1,Peru,PER,USD_2017/yr,GDP|PPP [per capita],ANNUAL,13737.70278,15556.38726,18406.48609,22615.23321,27925.31366,33803.40865,40238.57633,47448.01393,55543.98511,64532.7761,74410.83876,85174.62708,96887.20939,109597.4899,123373.5942,138280.7687
OECD ENV-Growth 2025,SSP5,1,Philippines,PHL,USD_2010/yr,GDP|PPP [per capita],ANNUAL,9315.279942,12062.27095,15928.62589,20628.83181,25738.14506,30785.86122,35918.69226,41432.91766,47440.54132,53889.70471,60835.48217,68352.70355,76579.65824,85596.78637,95479.30083,106255.6824
OECD ENV-Growth 2025,SSP5,1,Philippines,PHL,USD_2015/yr,GDP|PPP [per capita],ANNUAL,9645.652031,12490.06675,16493.54433,21360.44592,26650.96409,31877.70058,37192.5706,42902.36137,49123.04908,55800.93598,62993.04968,70776.8739,79295.60256,88632.52865,98865.53251,110024.105
OECD ENV-Growth 2025,SSP5,1,Philippines,PHL,USD_2017/yr,GDP|PPP [per capita],ANNUAL,9797.8021,12687.08448,16753.71273,21697.38461,27071.35516,32380.53795,37779.24449,43579.10124,49897.91378,56681.13736,63986.69913,71893.30504,80546.40773,90030.61406,100425.0328,111759.6202
OECD ENV-Growth 2025,SSP5,1,Poland,POL,USD_2010/yr,GDP|PPP [per capita],ANNUAL,33286.62967,40220.32554,47811.34283,55759.76471,62501.03871,68248.772,73700.60011,79458.62394,85691.88071,92190.37719,98778.43283,105379.1185,112060.9373,118930.0012,126025.6637,133256.9273
OECD ENV-Growth 2025,SSP5,1,Poland,POL,USD_2015/yr,GDP|PPP [per capita],ANNUAL,36599.26303,44222.98948,52569.45296,61308.88935,68721.04441,75040.78313,81035.16866,87366.22202,94219.80277,101365.0195,108608.7081,115866.2837,123213.0667,130765.7291,138567.5408,146518.4484
OECD ENV-Growth 2025,SSP5,1,Poland,POL,USD_2017/yr,GDP|PPP [per capita],ANNUAL,37734.46673,45594.65921,54200.00593,63210.51447,70852.57322,77368.33203,83548.64613,90076.07053,97142.2296,104509.0703,111977.4373,119460.122,127034.781,134821.7053,142865.5067,151063.0286
OECD ENV-Growth 2025,SSP5,1,Portugal,PRT,USD_2010/yr,GDP|PPP [per capita],ANNUAL,33026.06307,36856.38713,41702.42381,47871.84102,54592.59856,61257.05086,68018.46371,75096.23757,82645.90289,90354.47396,98073.07761,105677.4777,113237.3816,120925.6355,128734.1008,136702.0324
OECD ENV-Growth 2025,SSP5,1,Portugal,PRT,USD_2015/yr,GDP|PPP [per capita],ANNUAL,36718.56845,40977.14496,46364.99664,53224.19047,60696.36769,68105.9444,75623.32242,83492.43244,91886.19413,100456.6281,109038.2165,117492.8325,125897.9775,134445.8228,143127.3198,151986.1124
OECD ENV-Growth 2025,SSP5,1,Portugal,PRT,USD_2017/yr,GDP|PPP [per capita],ANNUAL,38523.38924,42991.28674,48643.96647,55840.30895,63679.76466,71453.54288,79340.42115,87596.32003,96402.65869,105394.3536,114397.7511,123267.9353,132086.2168,141054.2127,150162.4296,159456.6568
OECD ENV-Growth 2025,SSP5,1,Puerto Rico,PRI,USD_2010/yr,GDP|PPP [per capita],ANNUAL,32469.61707,36932.08155,42501.39257,48600.71922,54685.17061,60319.32596,65998.51088,71988.5972,78413.4579,85179.31236,92185.31876,99482.87417,107271.7547,115751.296,125092.7187,135431.8279
OECD ENV-Growth 2025,SSP5,1,Puerto Rico,PRI,USD_2015/yr,GDP|PPP [per capita],ANNUAL,34313.46539,39029.33932,44914.91415,51360.60254,57790.57096,63744.67242,69746.36055,76076.6052,82866.3137,90016.37995,97420.23561,105132.1964,113363.3832,122324.4512,132196.3442,143122.5792
OECD ENV-Growth 2025,SSP5,1,Puerto Rico,PRI,USD_2017/yr,GDP|PPP [per capita],ANNUAL,34623.65875,39382.16413,45320.94449,51824.90183,58312.9971,64320.92357,70376.86691,76764.33689,83615.42429,90830.12706,98300.91349,106082.5904,114388.187,123430.2629,133391.3977,144416.4058
OECD ENV-Growth 2025,SSP5,1,Qatar,QAT,USD_2010/yr,GDP|PPP [per capita],ANNUAL,125125.3801,130879.8317,133809.9572,136911.1507,141250.5763,147131.9028,154577.7252,164681.4697,177781.544,192191.1227,207653.7079,224449.3158,242926.7236,263274.8821,285332.4064,308695.544
OECD ENV-Growth 2025,SSP5,1,Qatar,QAT,USD_2015/yr,GDP|PPP [per capita],ANNUAL,88043.15953,92092.21896,94153.97096,96336.09322,99389.48446,103527.8181,108766.9928,115876.3865,125094.1162,135233.265,146113.3506,157931.4037,170932.8376,185250.6056,200771.151,217210.3773
OECD ENV-Growth 2025,SSP5,1,Qatar,QAT,USD_2017/yr,GDP|PPP [per capita],ANNUAL,90873.31815,95052.53511,97180.5624,99432.82925,102584.3721,106855.733,112263.3217,119601.2478,129115.2826,139580.3556,150810.183,163008.1289,176427.4955,191205.51,207224.9653,224192.6327
OECD ENV-Growth 2025,SSP5,1,Romania,ROU,USD_2010/yr,GDP|PPP [per capita],ANNUAL,30177.31086,35788.98974,42591.43624,50336.73864,58283.70641,65643.1027,72907.21199,80617.64716,88996.79304,97735.47446,106743.7583,115890.1858,125197.461,134743.2466,144591.8051,154752.9126
OECD ENV-Growth 2025,SSP5,1,Romania,ROU,USD_2015/yr,GDP|PPP [per capita],ANNUAL,32073.20772,38037.44169,45267.25353,53499.15643,61945.39438,69767.14652,77487.62523,85682.47036,94588.03811,103875.7293,113449.9608,123171.0147,133063.0218,143208.5237,153675.8202,164475.3018
OECD ENV-Growth 2025,SSP5,1,Romania,ROU,USD_2017/yr,GDP|PPP [per capita],ANNUAL,35497.03914,42097.95814,50099.55612,59210.21888,68558.09707,77214.82528,85759.46906,94829.11812,104685.3598,114964.5168,125560.8024,136319.5839,147267.5677,158496.1072,170080.793,182033.1248
OECD ENV-Growth 2025,SSP5,1,Russian Federation,RUS,USD_2010/yr,GDP|PPP [per capita],ANNUAL,26251.75698,28387.88244,31976.67931,36619.43082,42133.26922,47993.59038,54629.92083,62486.2734,71499.14081,81606.98424,92685.33196,104788.2533,118118.4733,132916.7517,149294.9284,167266.4996
OECD ENV-Growth 2025,SSP5,1,Russian Federation,RUS,USD_2015/yr,GDP|PPP [per capita],ANNUAL,27031.59292,29231.17422,32926.58005,37707.24936,43384.8821,49419.29024,56252.75984,64342.49358,73623.09766,84031.20516,95438.6468,107901.0981,121627.3062,136865.183,153729.8905,172235.3261
OECD ENV-Growth 2025,SSP5,1,Russian Federation,RUS,USD_2017/yr,GDP|PPP [per capita],ANNUAL,28625.18563,30954.43878,34867.69976,39930.20374,45942.54979,52332.70422,59569.02715,68135.67473,77963.39799,88985.09435,101065.0386,114262.1884,128797.5973,144933.7921,162792.7243,182389.1103
OECD ENV-Growth 2025,SSP5,1,Rwanda,RWA,USD_2010/yr,GDP|PPP [per capita],ANNUAL,2434.192751,3134.729014,4060.44296,5350.561252,7075.145605,9166.764884,11707.70453,14872.81429,18798.92079,23521.32919,29161.37309,35751.8851,43329.68985,52021.07575,62006.7525,73481.6364
OECD ENV-Growth 2025,SSP5,1,Rwanda,RWA,USD_2015/yr,GDP|PPP [per capita],ANNUAL,2596.409756,3343.630445,4331.034881,5707.127927,7546.640282,9777.647132,12487.9175,15863.9533,20051.6994,25088.81375,31104.71573,38134.42596,46217.2231,55487.81151,66138.94361,78378.52508
OECD ENV-Growth 2025,SSP5,1,Rwanda,RWA,USD_2017/yr,GDP|PPP [per capita],ANNUAL,2717.931177,3500.124512,4533.743067,5974.242274,7899.850497,10235.27658,13072.39746,16606.44401,20990.19187,26263.0615,32560.52957,39919.25581,48380.35725,58084.84292,69234.48675,82046.92515
OECD ENV-Growth 2025,SSP5,1,Saint Lucia,LCA,USD_2010/yr,GDP|PPP [per capita],ANNUAL,14461.40056,15529.90259,17518.18534,21116.86898,26185.15883,32076.51201,38748.13729,46427.29317,55308.76519,65304.19434,76395.13604,88538.20734,101801.0357,116294.0059,132104.2277,149259.7269
OECD ENV-Growth 2025,SSP5,1,Saint Lucia,LCA,USD_2015/yr,GDP|PPP [per capita],ANNUAL,15718.17786,16879.53875,19040.61448,22952.04403,28460.79687,34864.14187,42115.56903,50462.08689,60115.40893,70979.49726,83034.30437,96232.67708,110648.12,126400.6111,143584.8304,162231.2392
OECD ENV-Growth 2025,SSP5,1,Saint Lucia,LCA,USD_2017/yr,GDP|PPP [per capita],ANNUAL,16319.45174,17525.23864,19768.98289,23830.03795,29549.51936,36197.81413,43726.6331,52392.43371,62415.02823,73694.70497,86210.64954,99913.905,114880.7878,131235.8654,149077.4396,168437.1371
OECD ENV-Growth 2025,SSP5,1,Saint Vincent and the Grenadines,VCT,USD_2010/yr,GDP|PPP [per capita],ANNUAL,15862.98173,19110.22105,24051.1132,31085.91541,39473.90237,48236.70559,57666.03269,68245.6366,79933.7469,92590.95029,106100.7549,120471.001,135977.4526,152790.9904,171034.4081,190763.217
OECD ENV-Growth 2025,SSP5,1,Saint Vincent and the Grenadines,VCT,USD_2015/yr,GDP|PPP [per capita],ANNUAL,16896.83448,20355.70912,25618.61859,33111.90646,42046.57143,51380.4809,61424.35424,72693.47243,85143.34273,98625.46571,113015.7573,128322.5687,144839.6366,162748.9785,182181.3913,203196.0041
OECD ENV-Growth 2025,SSP5,1,Saint Vincent and the Grenadines,VCT,USD_2017/yr,GDP|PPP [per capita],ANNUAL,17304.42285,20846.73307,26236.59536,33910.63761,43060.82613,52619.88979,62906.04318,74446.997,87197.18523,101004.5263,115741.943,131417.988,148333.4834,166674.8377,186576.0025,208097.5334
OECD ENV-Growth 2025,SSP5,1,Samoa,WSM,USD_2010/yr,GDP|PPP [per capita],ANNUAL,4561.574946,5182.860463,6275.705626,8193.867116,10973.82643,14451.68451,18750.65227,24075.46362,30608.50158,38407.9751,47433.46475,57628.68421,69014.3862,81695.41727,95757.26915,111327.2612
OECD ENV-Growth 2025,SSP5,1,Samoa,WSM,USD_2015/yr,GDP|PPP [per capita],ANNUAL,4968.841345,5645.596456,6836.012988,8925.431715,11953.59128,15741.95937,20424.74745,26224.96844,33341.2889,41837.11478,51668.41793,62773.88667,75176.12657,88989.34508,104306.6668,121266.7784
OECD ENV-Growth 2025,SSP5,1,Samoa,WSM,USD_2017/yr,GDP|PPP [per capita],ANNUAL,5114.612928,5811.222097,7036.562043,9187.278335,12304.27543,16203.7834,21023.95108,26994.33395,34319.42689,43064.49598,53184.22143,64615.49283,77381.57895,91600.03775,107366.7259,124824.3986
OECD ENV-Growth 2025,SSP5,1,Sao Tome and Principe,STP,USD_2010/yr,GDP|PPP [per capita],ANNUAL,3330.646061,3790.152987,4513.619765,5618.830074,7138.370426,9034.599603,11383.87166,14304.64966,17854.95283,22058.84697,27027.88417,32795.18021,39384.94485,46897.80861,55475.26434,65251.08588
OECD ENV-Growth 2025,SSP5,1,Sao Tome and Principe,STP,USD_2015/yr,GDP|PPP [per capita],ANNUAL,3432.280917,3905.809724,4651.353132,5790.288998,7356.198211,9310.290931,11731.25116,14741.15687,18399.79775,22731.97396,27852.64161,33795.92703,40586.77871,48328.89794,57168.09523,67242.22653
OECD ENV-Growth 2025,SSP5,1,Sao Tome and Principe,STP,USD_2017/yr,GDP|PPP [per capita],ANNUAL,3494.407997,3976.508061,4735.546412,5895.097944,7489.351389,9478.814779,11943.59636,15007.98382,18732.84907,23143.4412,28356.79711,34407.66083,41321.43246,49203.69035,58202.88431,68459.36559
OECD ENV-Growth 2025,SSP5,1,Saudi Arabia,SAU,USD_2010/yr,GDP|PPP [per capita],ANNUAL,58116.78809,67668.77347,77818.85224,88224.1929,97719.17029,106031.0298,114117.3532,122470.963,131611.7977,141395.963,151499.3934,161895.2672,172504.9028,183442.7265,194818.0363,206645.5551
OECD ENV-Growth 2025,SSP5,1,Saudi Arabia,SAU,USD_2015/yr,GDP|PPP [per capita],ANNUAL,49511.81509,57649.50043,66296.72336,75161.41323,83250.53138,90331.7082,97220.74247,104337.4879,112124.899,120460.3869,129067.8684,137924.493,146963.2292,156281.5609,165972.6028,176048.8982
OECD ENV-Growth 2025,SSP5,1,Saudi Arabia,SAU,USD_2017/yr,GDP|PPP [per capita],ANNUAL,49880.43148,58078.70204,66790.30371,75720.99136,83870.33314,91004.22945,97944.55272,105114.2825,112959.671,121357.2167,130028.7811,138951.3434,148057.3732,157445.08,167208.272,177359.5856
OECD ENV-Growth 2025,SSP5,1,Senegal,SEN,USD_2010/yr,GDP|PPP [per capita],ANNUAL,3971.709699,4760.767286,6044.615487,7670.472336,9687.326956,12029.70233,14796.28497,18162.29249,22235.26013,26974.77271,32479.24796,38797.9898,45992.04932,54182.91677,63503.50244,74107.32182
OECD ENV-Growth 2025,SSP5,1,Senegal,SEN,USD_2015/yr,GDP|PPP [per capita],ANNUAL,4194.112814,5027.355117,6383.094735,8099.994398,10229.78646,12703.32741,15624.82989,19179.32312,23480.364,28485.27421,34297.98257,40970.55386,48567.45784,57216.98783,67059.49665,78257.09621
OECD ENV-Growth 2025,SSP5,1,Senegal,SEN,USD_2017/yr,GDP|PPP [per capita],ANNUAL,4187.199747,5019.068635,6372.573616,8086.643349,10212.92492,12682.38879,15599.07581,19147.71025,23441.66182,28438.32254,34241.44994,40903.02297,48487.40514,57122.67829,66948.96391,78128.1067
OECD ENV-Growth 2025,SSP5,1,Serbia,SRB,USD_2010/yr,GDP|PPP [per capita],ANNUAL,19176.37558,23596.67653,29270.8505,35775.00809,42434.75086,48710.04816,54931.84463,61513.32345,68779.39075,76743.6203,85363.47759,94682.38305,104740.1414,115710.8815,127759.5692,141058.176
OECD ENV-Growth 2025,SSP5,1,Serbia,SRB,USD_2015/yr,GDP|PPP [per capita],ANNUAL,20369.79834,25065.19235,31092.49292,38001.43032,45075.6356,51741.46982,58350.47364,65341.54428,73059.80809,81519.68359,90675.98917,100574.8475,111258.5405,122912.0337,135710.5596,149836.7921
OECD ENV-Growth 2025,SSP5,1,Serbia,SRB,USD_2017/yr,GDP|PPP [per capita],ANNUAL,21264.03611,26165.55876,32457.4589,39669.69988,47054.46403,54012.92956,60912.06982,68210.04971,76267.14668,85098.41221,94656.68125,104990.1012,116142.8103,128307.8939,141668.2774,156414.6539
OECD ENV-Growth 2025,SSP5,1,Seychelles,SYC,USD_2010/yr,GDP|PPP [per capita],ANNUAL,32157.61664,37459.01034,44073.81793,51829.70032,60382.37495,69339.41179,78864.39879,89152.9445,100588.6158,113057.4021,126460.5052,140881.4448,156502.5642,173565.7548,192225.6384,212678.2572
OECD ENV-Growth 2025,SSP5,1,Seychelles,SYC,USD_2015/yr,GDP|PPP [per capita],ANNUAL,33020.9036,38464.61581,45257.00116,53221.09401,62003.36937,71200.86225,80981.55219,91546.29895,103288.9664,116092.4834,129855.3994,144663.4761,160703.9522,178225.2125,197386.0298,218387.7091
OECD ENV-Growth 2025,SSP5,1,Seychelles,SYC,USD_2017/yr,GDP|PPP [per capita],ANNUAL,33744.5556,39307.56658,46248.80682,54387.4325,63362.17113,72761.22676,82756.26019,93552.53302,105552.5407,118636.6463,132701.1761,147833.7714,164225.7739,182131.012,201711.7381,223173.6684
OECD ENV-Growth 2025,SSP5,1,Sierra Leone,SLE,USD_2010/yr,GDP|PPP [per capita],ANNUAL,1423.26104,1656.933883,2062.96316,2744.844268,3760.009469,5097.777837,6799.00697,8948.603478,11621.31159,14880.22177,18805.02888,23430.11314,28816.21722,35082.00189,42378.06693,50886.97213
OECD ENV-Growth 2025,SSP5,1,Sierra Leone,SLE,USD_2015/yr,GDP|PPP [per capita],ANNUAL,1825.608126,2125.338835,2646.150075,3520.794751,4822.94087,6538.888075,8721.044153,11478.31829,14906.58444,19086.76835,24121.09413,30053.66109,36962.38345,44999.46666,54358.08413,65272.40414
OECD ENV-Growth 2025,SSP5,1,Sierra Leone,SLE,USD_2017/yr,GDP|PPP [per capita],ANNUAL,1764.540894,2054.245506,2557.635428,3403.022933,4661.611808,6320.159978,8429.322171,11094.36452,14407.95397,18448.30927,23314.23509,29048.35559,35725.97878,43494.21874,52539.78717,63089.01936
OECD ENV-Growth 2025,SSP5,1,Singapore,SGP,USD_2010/yr,GDP|PPP [per capita],ANNUAL,101705.0983,109365.9419,116496.4496,119717.9276,119941.8362,118104.4874,116168.474,114847.5494,116003.2967,118572.676,121946.2772,126015.1724,130826.2124,136490.8685,143065.6872,150570.2833
OECD ENV-Growth 2025,SSP5,1,Singapore,SGP,USD_2015/yr,GDP|PPP [per capita],ANNUAL,102712.1776,110448.8786,117649.9922,120903.3691,121129.4949,119273.9527,117318.769,115984.7647,117151.9561,119746.7773,123153.7837,127262.969,132121.6477,137842.395,144482.3171,152061.2235
OECD ENV-Growth 2025,SSP5,1,Singapore,SGP,USD_2017/yr,GDP|PPP [per capita],ANNUAL,105442.2894,113384.6335,120777.1543,124117.0067,124349.1429,122444.28,120437.1271,119067.6646,120265.8803,122929.6723,126427.2378,130645.646,135633.4694,141506.2755,148322.6882,156103.0435
OECD ENV-Growth 2025,SSP5,1,Slovakia,SVK,USD_2010/yr,GDP|PPP [per capita],ANNUAL,34196.49345,38301.10072,43774.83456,50335.05432,56975.90268,63548.85223,70296.5678,77424.41311,85189.46626,93548.61849,102206.9387,111010.5569,119889.7535,128893.1309,138070.4796,147403.7
OECD ENV-Growth 2025,SSP5,1,Slovakia,SVK,USD_2015/yr,GDP|PPP [per capita],ANNUAL,36000.13342,40321.2317,46083.66898,52989.89716,59981.00656,66900.63594,74004.2491,81508.04134,89682.64994,98482.69243,107597.682,116865.6331,126213.1489,135691.3952,145352.7887,155178.2751
OECD ENV-Growth 2025,SSP5,1,Slovakia,SVK,USD_2017/yr,GDP|PPP [per capita],ANNUAL,34504.23674,38645.78245,44168.77587,50788.03279,57488.6439,64120.74516,70929.1852,78121.17588,85956.1088,94390.48725,103126.726,112009.5702,120968.6731,130053.0742,139313.0124,148730.2249
OECD ENV-Growth 2025,SSP5,1,Slovenia,SVN,USD_2010/yr,GDP|PPP [per capita],ANNUAL,36201.94717,40923.4065,45937.84796,51122.69313,55886.72671,60564.80674,65433.1505,70766.58631,76433.66659,82301.28872,88233.29948,94173.14783,100157.4562,106235.9306,112397.7208,118585.2104
OECD ENV-Growth 2025,SSP5,1,Slovenia,SVN,USD_2015/yr,GDP|PPP [per capita],ANNUAL,40602.85028,45898.27556,51522.29946,57337.44225,62680.61733,67927.38989,73387.55566,79369.35257,85725.35357,92306.27535,98959.41319,105621.3414,112333.1345,119150.5408,126061.3914,133001.0653
OECD ENV-Growth 2025,SSP5,1,Slovenia,SVN,USD_2017/yr,GDP|PPP [per capita],ANNUAL,43390.28562,49049.24832,55059.36834,61273.72779,66983.71838,72590.68829,78425.70112,84818.15571,91610.50395,98643.21407,105753.098,112872.3757,120044.9416,127330.3712,134715.6601,142131.7512
OECD ENV-Growth 2025,SSP5,1,Solomon Islands,SLB,USD_2010/yr,GDP|PPP [per capita],ANNUAL,1786.438317,1927.65461,2419.836536,3523.676155,5523.117881,8594.22492,13067.34161,19392.30538,28038.23908,39448.07952,54049.39506,72259.50838,94419.78849,120952.4869,152271.3146,188957.1828
OECD ENV-Growth 2025,SSP5,1,Solomon Islands,SLB,USD_2015/yr,GDP|PPP [per capita],ANNUAL,1944.571007,2098.287543,2634.036633,3835.586387,6012.015527,9354.972097,14224.04199,21108.88154,30520.13959,42939.96104,58833.7619,78655.80561,102777.6786,131659.0095,165750.1302,205683.3733
OECD ENV-Growth 2025,SSP5,1,Solomon Islands,SLB,USD_2017/yr,GDP|PPP [per capita],ANNUAL,2001.223648,2159.418521,2710.77599,3947.331392,6187.168068,9627.517489,14638.44164,21723.86236,31409.30562,44190.96301,60547.80984,80947.34397,105771.9775,135494.7298,170579.0526,211675.7007
OECD ENV-Growth 2025,SSP5,1,Somalia,SOM,USD_2017/yr,GDP|PPP [per capita],ANNUAL,1484.397509,1646.387517,2060.830771,2783.400391,3853.664128,5255.524778,7040.64146,9324.716812,12177.63076,15622.85542,19720.92062,24544.56893,30229.35037,36951.55381,44916.77546,54255.80351
OECD ENV-Growth 2025,SSP5,1,South Africa,ZAF,USD_2010/yr,GDP|PPP [per capita],ANNUAL,12960.15318,13509.42886,15272.71235,18287.86101,22506.68458,27660.74152,33789.08666,41076.09638,49617.35512,59426.93104,70515.01481,83010.25695,97036.82824,112692.8305,130040.4829,149166.6613
OECD ENV-Growth 2025,SSP5,1,South Africa,ZAF,USD_2015/yr,GDP|PPP [per capita],ANNUAL,13367.2372,13933.76586,15752.43485,18862.29063,23213.62927,28529.57737,34850.41648,42366.31432,51175.85769,61293.55663,72729.9219,85617.645,100084.797,116232.561,134125.1107,153852.0506
OECD ENV-Growth 2025,SSP5,1,South Africa,ZAF,USD_2017/yr,GDP|PPP [per capita],ANNUAL,13667.87579,14247.14608,16106.71822,19286.51685,23735.72017,29171.22769,35634.22693,43319.16262,52326.83883,62672.09197,74365.66916,87543.24624,102335.7747,118846.7133,137141.679,157312.2918
OECD ENV-Growth 2025,SSP5,1,South Korea,KOR,USD_2010/yr,GDP|PPP [per capita],ANNUAL,44602.54562,49674.55088,55523.90207,62530.90395,70102.74487,77113.00866,83964.80058,91011.57599,98515.60477,106144.9582,113688.7129,120988.6165,128015.1902,134911.1897,141818.5057,148694.0522
OECD ENV-Growth 2025,SSP5,1,South Korea,KOR,USD_2015/yr,GDP|PPP [per capita],ANNUAL,47184.7082,52550.34563,58738.33166,66150.98792,74161.18329,81577.29029,88825.75107,96280.48346,104218.9409,112289.9783,120270.4614,127992.9763,135426.3375,142721.5651,150028.7644,157302.355
OECD ENV-Growth 2025,SSP5,1,South Korea,KOR,USD_2017/yr,GDP|PPP [per capita],ANNUAL,48337.90561,53834.67958,60173.9004,67767.72247,75973.68755,83571.04471,90996.65835,98633.5849,106766.0587,115034.3529,123209.8795,131121.1332,138736.1662,146209.6897,153695.4774,161146.835
OECD ENV-Growth 2025,SSP5,1,South Sudan,SSD,USD_2010/yr,GDP|PPP [per capita],ANNUAL,19794.0123,25872.04286,35812.42935,51770.53135,75494.13933,106505.0649,146577.1753,198286.8582,263159.0303,343045.7338,441035.6172,560339.1284,704328.2507,876555.6783,1080507.925,1321014.402
OECD ENV-Growth 2025,SSP5,1,South Sudan,SSD,USD_2015/yr,GDP|PPP [per capita],ANNUAL,1370.760125,1791.671348,2480.055553,3585.174089,5228.063633,7375.609037,10150.65284,13731.61309,18224.0922,23756.3464,30542.26846,38804.18593,48775.61286,60702.57777,74826.52608,91481.90062
OECD ENV-Growth 2025,SSP5,1,South Sudan,SSD,USD_2017/yr,GDP|PPP [per capita],ANNUAL,578.3871208,755.9890412,1046.450189,1512.750832,2205.961946,3112.110717,4283.030096,5794.002916,7689.587717,10023.90174,12887.19624,16373.28149,20580.68788,25613.22623,31572.77353,38600.44668
OECD ENV-Growth 2025,SSP5,1,Spain,ESP,USD_2010/yr,GDP|PPP [per capita],ANNUAL,36307.97898,38128.99427,41724.59276,47228.92415,54084.30901,61311.62864,69211.04176,77954.1246,87490.68427,97334.92844,107325.825,117371.3783,127542.9268,137879.5813,148461.9001,159309.5259
OECD ENV-Growth 2025,SSP5,1,Spain,ESP,USD_2015/yr,GDP|PPP [per capita],ANNUAL,39938.33208,41941.42659,45896.54088,51951.23798,59492.07734,67442.0404,76131.29806,85748.58207,96238.68088,107067.2289,118057.0927,129107.0783,140295.657,151665.8503,163306.2714,175238.5268
OECD ENV-Growth 2025,SSP5,1,Spain,ESP,USD_2017/yr,GDP|PPP [per capita],ANNUAL,42768.90663,44913.96772,49149.39531,55633.21077,63708.49678,72221.90258,81526.99946,91825.8953,103059.4655,114655.472,126424.2273,138257.3655,150238.9194,162414.9595,174880.3796,187658.3172
OECD ENV-Growth 2025,SSP5,1,Sri Lanka,LKA,USD_2010/yr,GDP|PPP [per capita],ANNUAL,11056.62223,12917.3306,15822.3419,19919.58723,24958.09938,30350.51553,36225.89262,42805.01126,50152.89201,58231.3353,67052.57216,76659.044,87116.93536,98456.82628,110721.9591,123965.5471
OECD ENV-Growth 2025,SSP5,1,Sri Lanka,LKA,USD_2015/yr,GDP|PPP [per capita],ANNUAL,12093.88538,14129.15377,17306.69506,21788.31832,27299.51218,33197.81108,39624.3793,46820.70971,54857.92267,63694.23499,73343.02511,83850.71607,95289.70139,107693.4299,121109.2008,135595.2195
OECD ENV-Growth 2025,SSP5,1,Sri Lanka,LKA,USD_2017/yr,GDP|PPP [per capita],ANNUAL,12304.42642,14375.12656,17607.98529,22167.62861,27774.7662,33775.7479,40314.1955,47635.80598,55812.93785,64803.0805,74619.84529,85310.4634,96948.58869,109568.2523,123217.5768,137955.7808
OECD ENV-Growth 2025,SSP5,1,Sudan,SDN,USD_2010/yr,GDP|PPP [per capita],ANNUAL,2587.369012,2938.964404,3540.299483,4405.183422,5449.423527,6536.939645,7765.521414,9273.893964,11166.71982,13500.0201,16347.85707,19741.74754,23772.67399,28507.22914,34060.68215,40534.71608
OECD ENV-Growth 2025,SSP5,1,Sudan,SDN,USD_2015/yr,GDP|PPP [per capita],ANNUAL,2856.441187,3244.600569,3908.471195,4863.298316,6016.13366,7216.745484,8573.093013,10238.32803,12327.99738,14903.94809,18047.94446,21794.78092,26244.90158,31471.82448,37602.80613,44750.10404
OECD ENV-Growth 2025,SSP5,1,Sudan,SDN,USD_2017/yr,GDP|PPP [per capita],ANNUAL,3045.249714,3459.066128,4166.818083,5184.758529,6413.795388,7693.766714,9139.767753,10915.0735,13142.86836,15889.0874,19240.89947,23235.39888,27979.66904,33552.08746,40088.32219,47708.05091
OECD ENV-Growth 2025,SSP5,1,Suriname,SUR,USD_2010/yr,GDP|PPP [per capita],ANNUAL,12041.14002,13573.6807,16022.59032,19609.51876,24056.29255,28908.94251,34158.82314,40028.10395,46519.76393,53543.28502,61121.79551,69247.97247,77970.64435,87439.83379,97733.78656,108965.1341
OECD ENV-Growth 2025,SSP5,1,Suriname,SUR,USD_2015/yr,GDP|PPP [per capita],ANNUAL,13933.56113,15706.96043,18540.74791,22691.40862,27837.05049,33452.35725,39527.32462,46319.03893,53830.94735,61958.30575,70727.87731,80131.18823,90224.74097,101182.1362,113093.9169,126090.4162
OECD ENV-Growth 2025,SSP5,1,Suriname,SUR,USD_2017/yr,GDP|PPP [per capita],ANNUAL,15639.32687,17629.82816,20810.5318,25469.32211,31244.90055,37547.64089,44366.31413,51989.47946,60421.00606,69543.32687,79386.48146,89940.95865,101270.178,113568.9926,126939.03,141526.5786
OECD ENV-Growth 2025,SSP5,1,Sweden,SWE,USD_2010/yr,GDP|PPP [per capita],ANNUAL,49887.03829,55086.95625,60752.6345,67263.17529,74018.40402,80298.21327,86842.0317,94198.69013,102494.5429,111284.795,120319.2377,129636.0337,139488.4995,150000.1374,160996.3142,172142.2331
OECD ENV-Growth 2025,SSP5,1,Sweden,SWE,USD_2015/yr,GDP|PPP [per capita],ANNUAL,54420.67923,60093.15603,66273.72054,73375.92713,80745.05844,87595.56503,94734.07348,102759.2913,111809.0556,121398.1495,131253.6255,141417.1145,152164.9541,163631.87,175627.3587,187786.198
OECD ENV-Growth 2025,SSP5,1,Sweden,SWE,USD_2017/yr,GDP|PPP [per capita],ANNUAL,56438.40878,62321.2013,68730.91965,76096.45136,83738.80444,90843.30399,98246.48351,106569.2485,115954.5466,125899.1707,136120.0536,146660.3693,157806.7014,169698.7707,182139.0105,194748.6572
OECD ENV-Growth 2025,SSP5,1,Switzerland,CHE,USD_2010/yr,GDP|PPP [per capita],ANNUAL,61693.28896,63056.91363,65996.67977,70268.74003,75320.62258,80410.04199,85950.84522,92351.12018,99796.76108,107932.5392,116490.6008,125385.7157,134599.5747,144188.7211,154030.7606,164085.1047
OECD ENV-Growth 2025,SSP5,1,Switzerland,CHE,USD_2015/yr,GDP|PPP [per capita],ANNUAL,71779.47976,73366.04243,76786.42879,81756.92506,87634.7362,93556.22108,100002.8862,107449.5374,116112.4607,125578.3513,135535.5641,145884.9349,156605.1609,167762.0298,179213.1372,190911.2588
OECD ENV-Growth 2025,SSP5,1,Switzerland,CHE,USD_2017/yr,GDP|PPP [per capita],ANNUAL,73952.72859,75587.32721,79111.27173,84232.25844,90288.03056,96388.79871,103030.6478,110702.7594,119627.9678,129380.4547,139639.1395,150301.8555,161346.6551,172841.3176,184639.1272,196691.4298
OECD ENV-Growth 2025,SSP5,1,Taiwan,TWN,USD_2010/yr,GDP|PPP [per capita],ANNUAL,58808.37869,67694.53631,75475.70831,80256.81582,82696.32307,83875.93962,84920.95131,86252.8902,88065.06856,90350.64804,93116.66816,96310.20162,99924.47837,103971.4504,108513.0394,113647.1343
OECD ENV-Growth 2025,SSP5,1,Taiwan,TWN,USD_2015/yr,GDP|PPP [per capita],ANNUAL,63135.66065,72675.68614,81029.41814,86162.33267,88781.34556,90047.76153,91169.66806,92599.61467,94545.13808,96998.89678,99968.44825,103396.9707,107277.1958,111621.9552,116497.7267,122009.6025
OECD ENV-Growth 2025,SSP5,1,Taiwan,TWN,USD_2017/yr,GDP|PPP [per capita],ANNUAL,62054.1194,71430.72012,79641.34907,84686.33454,87260.48261,88505.20433,89607.89211,91013.34311,92925.53887,95337.26362,98255.94538,101625.7357,105439.4909,109709.8227,114502.0702,119919.5251
OECD ENV-Growth 2025,SSP5,1,Tajikistan,TJK,USD_2010/yr,GDP|PPP [per capita],ANNUAL,4485.901699,5271.438607,6485.293781,8278.861089,10606.7884,13361.21297,16624.54668,20519.0289,25045.23787,30176.34594,35932.82945,42434.40364,49775.19864,58059.69233,67329.95759,77669.23165
OECD ENV-Growth 2025,SSP5,1,Tajikistan,TJK,USD_2015/yr,GDP|PPP [per capita],ANNUAL,4629.562694,5440.25642,6692.985304,8543.991602,10946.47078,13789.1058,17156.94776,21176.15076,25847.31157,31142.74337,37083.57825,43793.36535,51369.2493,59919.05388,69486.19937,80156.58866
OECD ENV-Growth 2025,SSP5,1,Tajikistan,TJK,USD_2017/yr,GDP|PPP [per capita],ANNUAL,4611.021775,5418.468757,6666.180592,8509.773801,10902.6313,13733.88186,17088.23597,21091.34248,25743.79576,31018.01991,36935.06236,43617.97746,51163.52078,59679.08428,69207.91434,79835.56983
OECD ENV-Growth 2025,SSP5,1,Tanzania,TZA,USD_2010/yr,GDP|PPP [per capita],ANNUAL,3099.182723,3876.494399,5013.872795,6576.476642,8608.156926,10999.88282,13871.38743,17409.27236,21758.47329,26983.47674,33192.98609,40508.80748,49109.03482,59227.84525,71046.08487,84742.51501
OECD ENV-Growth 2025,SSP5,1,Tanzania,TZA,USD_2015/yr,GDP|PPP [per capita],ANNUAL,2978.184595,3725.14851,4818.121438,6319.718189,8272.077719,10570.42598,13329.82146,16729.58047,20908.98012,25929.98927,31897.06728,38927.26476,47191.72248,56915.47486,68272.30739,81434.00222
OECD ENV-Growth 2025,SSP5,1,Tanzania,TZA,USD_2017/yr,GDP|PPP [per capita],ANNUAL,2983.262107,3731.499522,4826.335862,6330.492688,8286.180799,10588.44752,13352.5475,16758.10276,20944.62788,25974.19736,31951.44865,38993.63192,47272.17973,57012.51015,68388.70496,81572.8392
OECD ENV-Growth 2025,SSP5,1,Thailand,THA,USD_2010/yr,GDP|PPP [per capita],ANNUAL,17456.2403,20265.16372,24089.02788,28771.90674,33927.16856,39222.1044,44683.55913,50576.0243,57025.69993,63866.4927,71194.9861,78970.94772,87308.11298,96297.94222,106055.2352,116657.344
OECD ENV-Growth 2025,SSP5,1,Thailand,THA,USD_2015/yr,GDP|PPP [per capita],ANNUAL,18504.23979,21481.7992,25535.23213,30499.25141,35964.01354,41576.83513,47366.17271,53612.39679,60449.28391,67700.7692,75469.23462,83712.03238,92549.72609,102079.267,112422.347,123660.9619
OECD ENV-Growth 2025,SSP5,1,Thailand,THA,USD_2017/yr,GDP|PPP [per capita],ANNUAL,19045.53288,22110.19299,26282.19849,31391.42717,37016.0466,42793.05659,48751.74609,55180.6871,62217.56945,69681.17796,77676.8895,86160.80872,95257.02603,105065.3287,115710.9684,127278.3396
OECD ENV-Growth 2025,SSP5,1,Timor-Leste,TLS,USD_2010/yr,GDP|PPP [per capita],ANNUAL,2010.470553,2244.62017,2793.775767,3807.059875,5364.883254,7408.856894,10010.38387,13329.7604,17508.20655,22655.09955,28864.72505,36249.59951,44910.30568,55070.42079,66907.1869,80532.05712
OECD ENV-Growth 2025,SSP5,1,Timor-Leste,TLS,USD_2015/yr,GDP|PPP [per capita],ANNUAL,2683.247243,2995.751853,3728.67492,5081.040806,7160.16864,9888.130324,13360.223,17790.38384,23367.09031,30236.32121,38523.91363,48380.03612,59938.9301,73498.98986,89296.76914,107481.0173
OECD ENV-Growth 2025,SSP5,1,Timor-Leste,TLS,USD_2017/yr,GDP|PPP [per capita],ANNUAL,3000.962102,3350.469398,4170.175578,5682.670851,8007.981667,11058.95271,14942.16494,19896.88719,26133.91391,33816.50882,43085.40897,54108.56389,67036.11012,82201.77386,99870.11845,120207.5062
OECD ENV-Growth 2025,SSP5,1,Togo,TGO,USD_2010/yr,GDP|PPP [per capita],ANNUAL,2371.023657,2869.016354,3639.384573,4749.261495,6272.651437,8179.198066,10535.53458,13476.95436,17105.81333,21528.57571,26819.99551,33067.64556,40348.57431,48815.42412,58641.72035,70041.52596
OECD ENV-Growth 2025,SSP5,1,Togo,TGO,USD_2015/yr,GDP|PPP [per capita],ANNUAL,2433.917969,2945.120532,3735.923714,4875.241483,6439.041212,8396.161329,10815.00257,13834.44711,17559.56602,22099.64759,27531.42879,33944.80542,41418.86974,50110.31314,60197.26393,71899.46336
OECD ENV-Growth 2025,SSP5,1,Togo,TGO,USD_2017/yr,GDP|PPP [per capita],ANNUAL,2430.79197,2941.337972,3731.125486,4868.979975,6430.77124,8385.377733,10801.11233,13816.67886,17537.01342,22071.26395,27496.06885,33901.20847,41365.67349,50045.95404,60119.94968,71807.11941
OECD ENV-Growth 2025,SSP5,1,Tonga,TON,USD_2010/yr,GDP|PPP [per capita],ANNUAL,5029.654749,5561.882992,6577.786273,8430.441145,11187.33248,14672.67678,19006.32291,24465.72352,31163.13222,39063.07567,48085.22623,58237.17456,69573.06302,82291.05636,96485.98797,112166.6415
OECD ENV-Growth 2025,SSP5,1,Tonga,TON,USD_2015/yr,GDP|PPP [per capita],ANNUAL,5473.684667,6052.899289,7158.488935,9174.700598,12174.97688,15968.01569,20684.24644,26625.61595,33914.28787,42511.65717,52330.3047,63378.49124,75715.13898,89555.9071,105004.0011,122068.9801
OECD ENV-Growth 2025,SSP5,1,Tonga,TON,USD_2017/yr,GDP|PPP [per capita],ANNUAL,5635.39805,6231.724866,7369.977819,9445.756013,12534.67182,16439.77137,21295.33744,27412.23752,34916.24442,43767.61258,53876.34015,65250.93199,77952.05104,92201.72788,108106.2171,125675.3603
OECD ENV-Growth 2025,SSP5,1,Trinidad and Tobago,TTO,USD_2010/yr,GDP|PPP [per capita],ANNUAL,25966.61158,28150.2973,31529.03269,36774.22028,43357.72724,50596.57962,58694.11265,68133.86714,78866.26661,90678.43128,103584.2059,117744.3572,133276.1838,150291.6773,168864.9552,189031.8361
OECD ENV-Growth 2025,SSP5,1,Trinidad and Tobago,TTO,USD_2015/yr,GDP|PPP [per capita],ANNUAL,22465.56026,24354.82189,27278.00589,31815.99028,37511.84982,43774.69524,50780.44629,58947.44846,68232.80963,78452.35238,89618.05475,101869.0076,115306.6941,130028.0062,146097.0683,163544.8695
OECD ENV-Growth 2025,SSP5,1,Trinidad and Tobago,TTO,USD_2017/yr,GDP|PPP [per capita],ANNUAL,24454.14704,26510.64068,29692.57652,34632.25023,40832.29088,47649.50537,55275.38535,64165.30707,74272.5817,85396.72899,97550.78722,110886.1592,125513.311,141537.7114,159029.1607,178021.391
OECD ENV-Growth 2025,SSP5,1,Tunisia,TUN,USD_2010/yr,GDP|PPP [per capita],ANNUAL,9977.429637,11103.42271,12954.07101,15879.10039,19908.62398,24675.73791,30282.06303,36958.70513,44775.13918,53722.58239,63587.83681,74221.43857,85612.44919,97799.04134,110783.4847,124541.1513
OECD ENV-Growth 2025,SSP5,1,Tunisia,TUN,USD_2015/yr,GDP|PPP [per capita],ANNUAL,10833.97767,12056.63563,14066.15944,17242.29839,21617.75081,26794.11464,32881.73474,40131.55698,48619.0207,58334.58908,69046.76145,80593.24268,92962.15523,106194.9488,120294.0881,135232.8306
OECD ENV-Growth 2025,SSP5,1,Tunisia,TUN,USD_2017/yr,GDP|PPP [per capita],ANNUAL,11170.13161,12430.7259,14502.60071,17777.2881,22288.50096,27625.47571,33901.98095,41376.74886,50127.55947,60144.58008,71189.12703,83093.86959,95846.56166,109489.9391,124026.5429,139428.8009
OECD ENV-Growth 2025,SSP5,1,Turkey,TUR,USD_2010/yr,GDP|PPP [per capita],ANNUAL,31406.82715,37105.78145,44077.29699,51516.19133,58875.16365,65736.08402,72671.98606,80125.9589,88030.53636,96147.7434,104513.4787,113127.2394,122121.1307,131621.5474,141687.8232,152323.3642
OECD ENV-Growth 2025,SSP5,1,Turkey,TUR,USD_2015/yr,GDP|PPP [per capita],ANNUAL,35575.10261,42030.41511,49927.18162,58353.35687,66689.00294,74460.49622,82316.92265,90760.1776,99713.84085,108908.3536,118384.3791,128141.3474,138328.897,149090.1972,160492.4568,172539.5338
OECD ENV-Growth 2025,SSP5,1,Turkey,TUR,USD_2017/yr,GDP|PPP [per capita],ANNUAL,35858.60071,42365.35561,50325.05148,58818.37494,67220.4478,75053.87213,82972.90645,91483.44572,100508.4607,109776.2446,119327.7845,129162.5062,139431.2404,150278.2974,161771.4216,173914.5018
OECD ENV-Growth 2025,SSP5,1,Turkmenistan,TKM,USD_2010/yr,GDP|PPP [per capita],ANNUAL,16179.56946,17044.41582,18818.01272,21161.92463,23899.50113,26892.1479,30078.35279,33977.70119,38617.46699,43775.31749,49292.5436,55406.48893,62279.81891,70102.39089,78968.34862,88942.31511
OECD ENV-Growth 2025,SSP5,1,Turkmenistan,TKM,USD_2015/yr,GDP|PPP [per capita],ANNUAL,15531.1763,16361.3641,18063.88445,20313.86453,22941.73318,25814.45019,28872.96853,32616.05129,37069.87936,42021.02998,47317.1543,53186.08444,59783.96704,67293.05094,75803.70709,85377.96878
OECD ENV-Growth 2025,SSP5,1,Turkmenistan,TKM,USD_2017/yr,GDP|PPP [per capita],ANNUAL,15976.57115,16830.56664,18581.91096,20896.41478,23599.64405,26554.74333,29700.97224,33551.39714,38132.94974,43226.08683,48674.0906,54711.32681,61498.41999,69222.84542,77977.56567,87826.39296
OECD ENV-Growth 2025,SSP5,1,Uganda,UGA,USD_2010/yr,GDP|PPP [per capita],ANNUAL,3049.779846,3742.244694,4718.811053,6021.873958,7741.273265,9811.16575,12318.56446,15407.92222,19221.39749,23807.41903,29303.92969,35810.09849,43472.51062,52486.28545,63012.26702,75221.10352
OECD ENV-Growth 2025,SSP5,1,Uganda,UGA,USD_2015/yr,GDP|PPP [per capita],ANNUAL,2712.51768,3328.40579,4196.977833,5355.94056,6885.19882,8726.19071,10956.30688,13704.02572,17095.78499,21174.65794,26063.33289,31850.01219,38665.0708,46682.05065,56044.00874,66902.72201
OECD ENV-Growth 2025,SSP5,1,Uganda,UGA,USD_2017/yr,GDP|PPP [per capita],ANNUAL,2653.727011,3256.266462,4106.013216,5239.856773,6735.970138,8537.060668,10718.84166,13407.00689,16725.25372,20715.72184,25498.44044,31159.70019,37827.05032,45670.27145,54829.31998,65452.68326
OECD ENV-Growth 2025,SSP5,1,Ukraine,UKR,USD_2010/yr,GDP|PPP [per capita],ANNUAL,8207.812578,10096.66978,13167.56159,17429.62457,22256.01691,27036.89598,31970.06689,37336.1372,43223.07224,49672.89134,56680.81458,64312.15698,72717.43007,82036.29529,92350.69791,103768.6876
OECD ENV-Growth 2025,SSP5,1,Ukraine,UKR,USD_2015/yr,GDP|PPP [per capita],ANNUAL,10606.32122,13047.14525,17015.42117,22522.95544,28759.72888,34937.68904,41312.44416,48246.60169,55853.83241,64188.43467,73244.23172,83105.62513,93967.1093,106009.1579,119337.6624,134092.2472
OECD ENV-Growth 2025,SSP5,1,Ukraine,UKR,USD_2017/yr,GDP|PPP [per capita],ANNUAL,11713.29818,14408.86991,18791.31299,24873.66613,31761.3688,38584.11987,45624.2053,53282.07773,61683.27169,70887.75262,80888.69912,91779.32171,103774.4141,117073.2858,131792.8804,148087.3945
OECD ENV-Growth 2025,SSP5,1,United Arab Emirates,ARE,USD_2010/yr,GDP|PPP [per capita],ANNUAL,96821.54531,112706.9843,130508.9569,145495.4188,156591.1711,164397.499,171496.4613,179797.6417,189761.3208,200978.1763,213219.7722,226723.9109,241502.013,257638.9793,275076.4651,293834.7603
OECD ENV-Growth 2025,SSP5,1,United Arab Emirates,ARE,USD_2015/yr,GDP|PPP [per capita],ANNUAL,82832.26324,96422.49107,111652.3418,124473.4815,133966.0616,140644.4905,146717.7577,153819.5402,162343.615,171939.8007,182412.667,193965.6573,206608.542,220413.9553,235331.9821,251379.9809
OECD ENV-Growth 2025,SSP5,1,United Arab Emirates,ARE,USD_2017/yr,GDP|PPP [per capita],ANNUAL,80896.57011,94169.21021,109043.1572,121564.6818,130835.4314,137357.7932,143289.1353,150224.9575,158549.8346,167921.7687,178149.8962,189432.9067,201780.342,215263.1389,229832.5489,245505.5247
OECD ENV-Growth 2025,SSP5,1,United Kingdom,GBR,USD_2010/yr,GDP|PPP [per capita],ANNUAL,41778.19552,44608.73763,49193.38374,56366.87405,65570.62336,75256.00371,85490.89497,96593.02192,108573.7535,120929.9883,133397.786,145975.7496,158822.0089,172048.8038,185614.2249,199234.2292
OECD ENV-Growth 2025,SSP5,1,United Kingdom,GBR,USD_2015/yr,GDP|PPP [per capita],ANNUAL,45781.49454,48883.26679,53907.22602,61768.09947,71853.77677,82467.23631,93682.86237,105848.825,118977.5824,132517.8249,146180.3205,159963.5384,174040.7607,188534.9827,203400.2789,218325.3887
OECD ENV-Growth 2025,SSP5,1,United Kingdom,GBR,USD_2017/yr,GDP|PPP [per capita],ANNUAL,48099.80914,51358.65106,56637.01697,64895.95469,75492.35741,86643.26856,98426.83917,111208.8701,125002.4505,139228.353,153582.6994,168063.8814,182853.9557,198082.146,213700.2012,229381.0989
OECD ENV-Growth 2025,SSP5,1,United States,USA,USD_2010/yr,GDP|PPP [per capita],ANNUAL,60483.86936,64484.41079,69784.13006,76400.4885,83639.01396,90683.16943,98068.3452,106109.2688,114982.4945,124459.7283,134510.8996,145247.4061,156821.7967,169338.6444,182759.111,197083.0358
OECD ENV-Growth 2025,SSP5,1,United States,USA,USD_2015/yr,GDP|PPP [per capita],ANNUAL,65669.05513,70012.5566,75766.61236,82950.18067,90809.25338,98457.29308,106475.5882,115205.8474,124839.7606,135129.4626,146042.3048,157699.2348,170265.8795,183855.7766,198426.7585,213978.6505
OECD ENV-Growth 2025,SSP5,1,United States,USA,USD_2017/yr,GDP|PPP [per capita],ANNUAL,67480.29369,71943.59462,77856.35478,85238.05531,93313.89154,101172.8742,109412.3244,118383.3756,128283.0047,138856.5102,150070.3429,162048.7863,174962.0355,188926.7598,203899.6284,219880.462
OECD ENV-Growth 2025,SSP5,1,United States Virgin Islands,VIR,USD_2017/yr,GDP|PPP [per capita],ANNUAL,33462.33692,37487.97558,42146.53263,48571.84319,56134.27062,64152.01216,72682.96415,82131.35068,92673.83158,104072.4373,116255.7167,129280.32,143365.4354,158780.575,175795.8295,194688.6964
OECD ENV-Growth 2025,SSP5,1,Uruguay,URY,USD_2010/yr,GDP|PPP [per capita],ANNUAL,24744.98369,28128.09969,32273.57122,37176.85079,42490.2408,47810.91423,53338.13955,59213.84825,65558.24017,72102.11215,78830.81578,85697.65244,92808.76652,100248.1716,108028.4575,116156.1963
OECD ENV-Growth 2025,SSP5,1,Uruguay,URY,USD_2015/yr,GDP|PPP [per capita],ANNUAL,25589.50237,29088.08034,33375.03219,38445.65521,43940.38529,49442.64737,55158.51072,61234.7508,67795.66973,74562.87676,81521.22353,88622.41766,95976.22613,103669.5298,111715.3482,120120.4776
OECD ENV-Growth 2025,SSP5,1,Uruguay,URY,USD_2017/yr,GDP|PPP [per capita],ANNUAL,26301.61869,29897.55669,34303.80778,39515.53842,45163.17834,50818.55988,56693.48687,62938.81934,69682.31851,76637.84645,83789.83327,91088.64266,98647.09626,106554.4927,114824.2137,123463.245
OECD ENV-Growth 2025,SSP5,1,Uzbekistan,UZB,USD_2010/yr,GDP|PPP [per capita],ANNUAL,10346.38685,12831.50363,16389.93085,20867.84718,25682.81919,30419.28109,35419.35187,41060.20972,47378.78508,54338.36323,61905.98236,70214.45727,79455.33787,89749.94792,101154.9639,113766.9413
OECD ENV-Growth 2025,SSP5,1,Uzbekistan,UZB,USD_2015/yr,GDP|PPP [per capita],ANNUAL,9778.827187,12127.62081,15490.84755,19723.12405,24273.96676,28750.6061,33476.39384,38807.81774,44779.78238,51357.58708,58510.07816,66362.78476,75096.74916,84826.63981,95606.02411,107526.161
OECD ENV-Growth 2025,SSP5,1,Uzbekistan,UZB,USD_2017/yr,GDP|PPP [per capita],ANNUAL,9370.309791,11620.98091,14843.70648,18899.17664,23259.9047,27549.52927,32077.8939,37186.59381,42909.07542,49212.08769,56065.77842,63590.43267,71959.52955,81282.94716,91612.01509,103034.1799
OECD ENV-Growth 2025,SSP5,1,Vanuatu,VUT,USD_2010/yr,GDP|PPP [per capita],ANNUAL,2210.782315,2405.511087,3094.629721,4453.442658,6706.845087,9909.421993,14340.98388,20452.53265,28734.22513,39513.64567,53145.38738,69876.37297,90026.38001,113918.0315,141880.5987,174341.0785
OECD ENV-Growth 2025,SSP5,1,Vanuatu,VUT,USD_2015/yr,GDP|PPP [per capita],ANNUAL,2406.762465,2618.75344,3368.960663,4848.228861,7301.389603,10787.86669,15612.2751,22265.59691,31281.44006,43016.42843,57856.58887,76070.73318,98006.98637,124016.5711,154457.9477,189795.9654
OECD ENV-Growth 2025,SSP5,1,Vanuatu,VUT,USD_2017/yr,GDP|PPP [per capita],ANNUAL,2477.061469,2695.244478,3467.364467,4989.840536,7514.655527,11102.96895,16068.29327,22915.95161,32195.13808,44272.89314,59546.51909,78292.67942,100869.6675,127638.9649,158969.5022,195339.7063
OECD ENV-Growth 2025,SSP5,1,Viet Nam,VNM,USD_2010/yr,GDP|PPP [per capita],ANNUAL,11321.37528,15479.11713,21168.38419,27436.55402,33565.54994,39178.18732,44742.40453,50606.23307,56958.67546,63813.66284,70915.30818,78181.28242,85683.0457,93554.39056,101912.9167,110824.0415
OECD ENV-Growth 2025,SSP5,1,Viet Nam,VNM,USD_2015/yr,GDP|PPP [per capita],ANNUAL,12468.21134,17047.12536,23312.70551,30215.83027,36965.68306,43146.87106,49274.73401,55732.55841,62728.49241,70277.87834,78098.90827,86100.91335,94362.59249,103031.2912,112236.5219,122050.3284
OECD ENV-Growth 2025,SSP5,1,Viet Nam,VNM,USD_2017/yr,GDP|PPP [per capita],ANNUAL,13281.40522,18158.96231,24833.1922,32186.54825,39376.63571,45960.96928,52488.49988,59367.51246,66819.73089,74861.49815,83192.6264,91716.53325,100517.0505,109751.1336,119556.7421,130010.6186
OECD ENV-Growth 2025,SSP5,1,Western Sahara,ESH,USD_2017/yr,GDP|PPP [per capita],ANNUAL,1986.723812,2059.278572,2375.367236,3029.40454,4080.406701,5490.490875,7361.480545,9875.882628,13238.81326,17593.69932,23138.85947,30105.88273,38751.49235,49391.60154,62392.61742,78148.35015
OECD ENV-Growth 2025,SSP5,1,Yemen,YEM,USD_2010/yr,GDP|PPP [per capita],ANNUAL,1604.797924,1953.701392,2527.263068,3529.312945,5002.107238,6871.325431,9153.659138,11949.46562,15332.86477,19363.40889,24021.18296,29308.19234,35231.37425,41878.81779,49389.29378,57904.8144
OECD ENV-Growth 2025,SSP5,1,Yemen,YEM,USD_2015/yr,GDP|PPP [per capita],ANNUAL,1696.131677,2064.892263,2671.097015,3730.176487,5286.791819,7262.392697,9674.620703,12629.54473,16205.50303,20465.43724,25388.29887,30976.20745,37236.495,44262.26404,52200.18322,61200.34707
OECD ENV-Growth 2025,SSP5,1,Yemen,YEM,USD_2017/yr,GDP|PPP [per capita],ANNUAL,1745.675699,2125.207786,2749.119784,3839.134977,5441.219057,7474.527255,9957.216463,12998.45385,16678.86592,21063.23285,26129.89132,31881.02275,38324.17336,45555.16518,53724.95106,62988.00977
OECD ENV-Growth 2025,SSP5,1,Zambia,ZMB,USD_2010/yr,GDP|PPP [per capita],ANNUAL,3556.691466,4097.77999,4965.713486,6196.530078,7842.774744,9835.696452,12256.04377,15241.9246,18915.72632,23335.59461,28642.57959,34910.10394,42240.87686,50775.75966,60687.52466,72192.77299
OECD ENV-Growth 2025,SSP5,1,Zambia,ZMB,USD_2015/yr,GDP|PPP [per capita],ANNUAL,3483.095127,4012.987253,4862.961157,6068.309249,7680.489228,9632.172684,12002.4373,14926.53322,18524.31531,22852.72609,28049.89703,34187.73151,41366.81345,49725.08938,59431.75658,70698.93417
OECD ENV-Growth 2025,SSP5,1,Zambia,ZMB,USD_2017/yr,GDP|PPP [per capita],ANNUAL,3495.598884,4027.393238,4880.418413,6090.093514,7708.060963,9666.750651,12045.52414,14980.11709,18590.81465,22934.76374,28150.5917,34310.46003,41515.31372,49903.59454,59645.10713,70952.73209
OECD ENV-Growth 2025,SSP5,1,Zimbabwe,ZWE,USD_2010/yr,GDP|PPP [per capita],ANNUAL,2398.653522,2676.23549,3185.169362,3916.02412,4865.781089,5942.002145,7173.363687,8652.728869,10446.99813,12612.9265,15222.121,18366.58844,22153.9435,26753.56824,32317.87227,39014.01044
OECD ENV-Growth 2025,SSP5,1,Zimbabwe,ZWE,USD_2015/yr,GDP|PPP [per capita],ANNUAL,2699.588072,3011.995414,3584.780019,4407.327657,5476.240928,6687.484444,8073.332338,9738.298355,11757.67625,14195.34152,17131.88499,20670.85664,24933.37245,30110.0651,36372.46551,43908.69972
OECD ENV-Growth 2025,SSP5,1,Zimbabwe,ZWE,USD_2017/yr,GDP|PPP [per capita],ANNUAL,2294.040679,2559.516422,3046.254084,3745.233961,4653.569034,5682.852696,6860.510679,8275.356081,9991.371606,12062.83701,14558.23631,17565.5636,21187.74017,25586.76077,30908.38797,37312.48643